{"type":"FeatureCollection","features":[{"type":"Feature","id":1,"geometry":{"type":"Polygon","coordinates":[[[-77.432065929112582,37.550245350832348],[-77.430423928249141,37.55201219663001],[-77.432113423939967,37.553030348873868],[-77.433881227570723,37.551153519128263],[-77.432264262754273,37.550198711584379],[-77.432065929112582,37.550245350832348]]]},"properties":{"OBJECTID":1,"Address":"209 Hospital Street","ID":null,"Address_1":"209 Hospital Street","Name":null,"Type__Business_or_Residences_":"Cemetery","Business_Type":"Shockoe Cemetery","Identification":"Institutional","ID2level":"Funeral","Notes":null,"Shape_Length":2912.3001213741254,"Shape_Area":524300.39970256703}},{"type":"Feature","id":2,"geometry":{"type":"Polygon","coordinates":[[[-77.432392981453035,37.553054501572163],[-77.432362883399421,37.553104347378209],[-77.432760635847657,37.553274439326067],[-77.432794885016179,37.553251999474817],[-77.432399532866384,37.553057695675832],[-77.43239299852101,37.553054483767809],[-77.432392981453035,37.553054501572163]]]},"properties":{"OBJECTID":2,"Address":"1218 N 2nd Street","ID":null,"Address_1":"1218 N 2nd Street","Name":null,"Type__Business_or_Residences_":"Residence","Business_Type":"William E Graham","Identification":"Residential","ID2level":"Residential","Notes":null,"Shape_Length":300.80151885096836,"Shape_Area":2150.056261854807}},{"type":"Feature","id":3,"geometry":{"type":"Polygon","coordinates":[[[-77.43239299852101,37.553054483767809],[-77.432392981453035,37.553054501572163],[-77.432399532866384,37.553057695675832],[-77.432794723319432,37.553250384978924],[-77.432898052933297,37.553149071196813],[-77.432528568670435,37.552946035854916],[-77.432512756524801,37.552937346597666],[-77.432512687354503,37.552937309564534],[-77.43239299852101,37.553054483767809]]]},"properties":{"OBJECTID":3,"Address":"1216 N 2nd Street","ID":null,"Address_1":"1216 N 2nd Street","Name":null,"Type__Business_or_Residences_":"Residence","Business_Type":"Rosa Gaskins, Mrs Alice Carl","Identification":"Residential","ID2level":"Residential","Notes":null,"Shape_Length":374.82522205237586,"Shape_Area":6937.6766447252967}},{"type":"Feature","id":4,"geometry":{"type":"Polygon","coordinates":[[[-77.432512756524801,37.552937346597666],[-77.432512724185443,37.552937383630855],[-77.432528568670435,37.552946035854916],[-77.432899973531377,37.553148851847268],[-77.433046099783695,37.552984162887924],[-77.433046670213898,37.552983519793514],[-77.432713909079837,37.552882699186881],[-77.432592476616378,37.552845907433351],[-77.432512756524801,37.552937346597666]]]},"properties":{"OBJECTID":4,"Address":"1214 N 2nd Street","ID":null,"Address_1":"1214 N 2nd Street","Name":null,"Type__Business_or_Residences_":"Residence","Business_Type":"Wilton Turner","Identification":"Residential","ID2level":"Residential","Notes":null,"Shape_Length":391.25773357219856,"Shape_Area":7788.2212699794354}},{"type":"Feature","id":5,"geometry":{"type":"Polygon","coordinates":[[[-77.43259275239916,37.552845693068193],[-77.432713909079837,37.552882699186881],[-77.433046099783695,37.552984162887924],[-77.43304705559116,37.552984454167671],[-77.433108798597289,37.552915358876746],[-77.432658749826444,37.552778041944364],[-77.43259275239916,37.552845693068193]]]},"properties":{"OBJECTID":5,"Address":"1212 N 2nd Street","ID":null,"Address_1":"1212 N 2nd Street","Name":null,"Type__Business_or_Residences_":"Residence","Business_Type":"Isaiah Govan","Identification":"Residential","ID2level":"Residential","Notes":null,"Shape_Length":342.84040647527337,"Shape_Area":4194.0070594778508}},{"type":"Feature","id":6,"geometry":{"type":"Polygon","coordinates":[[[-77.432724298096105,37.552703672783409],[-77.432723597410188,37.552703456281257],[-77.432658977998528,37.552778061885355],[-77.43310844555937,37.552915018456545],[-77.433180416783301,37.552844759404479],[-77.432724298096105,37.552703672783409]]]},"properties":{"OBJECTID":6,"Address":"1210 N 2nd Street","ID":null,"Address_1":"1210 N 2nd Street","Name":null,"Type__Business_or_Residences_":"Residence","Business_Type":"William Finch","Identification":"Residential","ID2level":"Residential","Notes":null,"Shape_Length":347.59330493968019,"Shape_Area":4467.4651103835085}},{"type":"Feature","id":7,"geometry":{"type":"Polygon","coordinates":[[[-77.432724298096105,37.552703672783409],[-77.432952698350363,37.552774147046144],[-77.432983415343173,37.552736167326501],[-77.432762313002286,37.552664598409578],[-77.432724298096105,37.552703672783409]]]},"properties":{"OBJECTID":7,"Address":"1208 N 2nd Street","ID":null,"Address_1":"1208 N 2nd Street","Name":null,"Type__Business_or_Residences_":"Residence","Business_Type":"Ellsworth Storrs","Identification":"Residential","ID2level":"Residential","Notes":null,"Shape_Length":174.6445818046891,"Shape_Area":1171.6207515579167}},{"type":"Feature","id":8,"geometry":{"type":"Polygon","coordinates":[[[-77.432762313002286,37.552664598409578],[-77.432983415343173,37.552736167326501],[-77.433010428582094,37.552699807080629],[-77.432796181285141,37.55262804441611],[-77.432762313002286,37.552664598409578]]]},"properties":{"OBJECTID":8,"Address":"1206 N 2nd Street","ID":null,"Address_1":"1206 N 2nd Street","Name":null,"Type__Business_or_Residences_":"Residence","Business_Type":"Mrs Mary M Walters","Identification":"Residential","ID2level":"Residential","Notes":null,"Shape_Length":168.49291521679635,"Shape_Area":1067.9251908979866}},{"type":"Feature","id":9,"geometry":{"type":"Polygon","coordinates":[[[-77.432821614387464,37.552596082535921],[-77.432796187573345,37.552628013792436],[-77.433010428582094,37.552699807080629],[-77.433034464804138,37.55266774196528],[-77.432821614387464,37.552596082535921]]]},"properties":{"OBJECTID":9,"Address":"1204 N 2nd Street","ID":null,"Address_1":"1204 N 2nd Street","Name":null,"Type__Business_or_Residences_":"Residence","Business_Type":"Mrs Alberta Robinson","Identification":"Residential","ID2level":"Residential","Notes":null,"Shape_Length":161.73996733154334,"Shape_Area":908.49434023928529}},{"type":"Feature","id":10,"geometry":{"type":"Polygon","coordinates":[[[-77.432821614387464,37.552596082535921],[-77.433034464804138,37.55266774196528],[-77.433059997619466,37.552634416991943],[-77.432852469720842,37.552557259504994],[-77.432821614387464,37.552596082535921]]]},"properties":{"OBJECTID":10,"Address":"1202 N 2nd Street","ID":null,"Address_1":"1202 N 2nd Street","Name":null,"Type__Business_or_Residences_":"Residence","Business_Type":"Walter L Gaines","Identification":"Residential","ID2level":"Residential","Notes":null,"Shape_Length":164.33207279120211,"Shape_Area":1021.7874752197004}},{"type":"Feature","id":11,"geometry":{"type":"Polygon","coordinates":[[[-77.432852469720842,37.552557259504994],[-77.433059997619466,37.552634416991943],[-77.433123137505831,37.552585795107717],[-77.432899602527158,37.55250809631363],[-77.432852469720842,37.552557259504994]]]},"properties":{"OBJECTID":11,"Address":"1200 N 2nd Street","ID":null,"Address_1":"1200 N 2nd Street","Name":null,"Type__Business_or_Residences_":"Residence","Business_Type":"Estelle Peoples","Identification":"Residential","ID2level":"Residential","Notes":null,"Shape_Length":185.08902816236446,"Shape_Area":1562.9347152255268}},{"type":"Feature","id":12,"geometry":{"type":"Polygon","coordinates":[[[-77.433084124571366,37.552314771249577],[-77.432981358201189,37.552433766765461],[-77.433227268416942,37.552511897930252],[-77.433353077472489,37.552381843790599],[-77.433084124571366,37.552314771249577]]]},"properties":{"OBJECTID":12,"Address":"1114 N 2nd Street","ID":null,"Address_1":"1114 N 2nd Street","Name":null,"Type__Business_or_Residences_":"Vacant","Business_Type":"Vacant","Identification":"Vacant","ID2level":"Vacant","Notes":null,"Shape_Length":270.80987572075355,"Shape_Area":4259.5381436150083}},{"type":"Feature","id":13,"geometry":{"type":"Polygon","coordinates":[[[-77.433084124571366,37.552314771249577],[-77.433353077472489,37.552381843790599],[-77.433394935371453,37.552346517459419],[-77.433143189699607,37.552249573824533],[-77.433084124571366,37.552314771249577]]]},"properties":{"OBJECTID":13,"Address":"1112 N 2nd Street","ID":null,"Address_1":"1112 N 2nd Street","Name":null,"Type__Business_or_Residences_":"Residence","Business_Type":"Sylvinious Carroll","Identification":"Residential","ID2level":"Residential","Notes":null,"Shape_Length":209.72376904091766,"Shape_Area":1818.0637868589629}},{"type":"Feature","id":14,"geometry":{"type":"Polygon","coordinates":[[[-77.433394935371453,37.552346517459419],[-77.433596836223145,37.552408210869608],[-77.433652874927205,37.552351951404198],[-77.4331968846991,37.552196126649903],[-77.433143189699607,37.552249573824533],[-77.433394935371453,37.552346517459419]]]},"properties":{"OBJECTID":14,"Address":"1110 N 2nd Street","ID":null,"Address_1":"1110 N 2nd Street","Name":null,"Type__Business_or_Residences_":"Residence","Business_Type":"Eddie Green","Identification":"Residential","ID2level":"Residential","Notes":null,"Shape_Length":338.67428040094751,"Shape_Area":3757.2788518080988}},{"type":"Feature","id":15,"geometry":{"type":"Polygon","coordinates":[[[-77.4331968846991,37.552196126649903],[-77.433652874927205,37.552351951404198],[-77.433716410970618,37.552278983392554],[-77.433262094303885,37.552125285778203],[-77.4331968846991,37.552196126649903]]]},"properties":{"OBJECTID":15,"Address":"1108 N 2nd Street","ID":null,"Address_1":"1108 N 2nd Street","Name":null,"Type__Business_or_Residences_":"Residence","Business_Type":"Richard Johnson","Identification":"Residential","ID2level":"Residential","Notes":null,"Shape_Length":351.25860818147748,"Shape_Area":4506.1141601219533}},{"type":"Feature","id":16,"geometry":{"type":"Polygon","coordinates":[[[-77.433262094303885,37.552125285778203],[-77.433716410970618,37.552278983392554],[-77.433745806541666,37.552246531381115],[-77.433296224894789,37.552092799515016],[-77.433262094303885,37.552125285778203]]]},"properties":{"OBJECTID":16,"Address":"1106 N 2nd Street","ID":null,"Address_1":"1106 N 2nd Street","Name":null,"Type__Business_or_Residences_":"Vacant","Business_Type":"Vacant","Identification":"Vacant","ID2level":"Vacant","Notes":null,"Shape_Length":314.9323062071042,"Shape_Area":2064.3110697091024}},{"type":"Feature","id":17,"geometry":{"type":"Polygon","coordinates":[[[-77.433296224894789,37.552092799515016],[-77.433745806541666,37.552246531381115],[-77.433808783832973,37.552180466457379],[-77.433355684383443,37.552015281814114],[-77.433296224894789,37.552092799515016]]]},"properties":{"OBJECTID":17,"Address":"1104 N 2nd Street","ID":null,"Address_1":"1104 N 2nd Street","Name":null,"Type__Business_or_Residences_":"Residence","Business_Type":"Mrs Madeline W Coles","Identification":"Residential","ID2level":"Residential","Notes":null,"Shape_Length":349.57988534356235,"Shape_Area":4450.598760242945}},{"type":"Feature","id":18,"geometry":{"type":"Polygon","coordinates":[[[-77.433355684383443,37.552015281814114],[-77.433808783832973,37.552180466457379],[-77.433888599145959,37.552097400223097],[-77.433786835295635,37.552038590902782],[-77.433499669052111,37.55187264176945],[-77.433355684383443,37.552015281814114]]]},"properties":{"OBJECTID":18,"Address":"1102 N 2nd Street","ID":null,"Address_1":"1102 N 2nd Street","Name":null,"Type__Business_or_Residences_":"Residence","Business_Type":"Shirley N Jasper","Identification":"Residential","ID2level":"Residential","Notes":null,"Shape_Length":388.49726025110772,"Shape_Area":7318.1424859799827}},{"type":"Feature","id":19,"geometry":{"type":"Polygon","coordinates":[[[-77.433499669052111,37.55187264176945],[-77.433786835295635,37.552038590902782],[-77.433893676423949,37.551885872760543],[-77.433573175496889,37.551794559075368],[-77.433499669052111,37.55187264176945]]]},"properties":{"OBJECTID":19,"Address":"1100 N 2nd Street","ID":null,"Address_1":"1100 N 2nd Street","Name":null,"Type__Business_or_Residences_":"Residence","Business_Type":"Richard J Woodson","Identification":"Residential","ID2level":"Residential","Notes":null,"Shape_Length":300.72793794169644,"Shape_Area":4925.3646486135895}},{"type":"Feature","id":20,"geometry":{"type":"Polygon","coordinates":[[[-77.433777214338946,37.551586125925773],[-77.433676192497032,37.551708234864954],[-77.43406896109208,37.551822984581186],[-77.434117986648701,37.551791542252118],[-77.433777214338946,37.551586125925773]]]},"properties":{"OBJECTID":20,"Address":"1018 N 2nd Street","ID":null,"Address_1":"1018 N 2nd Street","Name":null,"Type__Business_or_Residences_":"Residence","Business_Type":"Huddie Ross, William H Chiles","Identification":"Residential","ID2level":"Residential","Notes":null,"Shape_Length":316.68401026349432,"Shape_Area":4240.0429549108167}},{"type":"Feature","id":21,"geometry":{"type":"Polygon","coordinates":[[[-77.433777214338946,37.551586125925773],[-77.434117986648701,37.551791542252118],[-77.434170693501372,37.551733016853149],[-77.433827837998464,37.551532487408629],[-77.433777214338946,37.551586125925773]]]},"properties":{"OBJECTID":21,"Address":"1016 N 2nd Street","ID":null,"Address_1":"1016 N 2nd Street","Name":null,"Type__Business_or_Residences_":"Residence","Business_Type":"Mrs Addie B Payne, Mrs Rosa F Williams","Identification":"Residential","ID2level":"Residential","Notes":null,"Shape_Length":297.88974071243695,"Shape_Area":3130.3691693086757}},{"type":"Feature","id":22,"geometry":{"type":"Polygon","coordinates":[[[-77.433827837998464,37.551532487408629],[-77.434170693501372,37.551733016853149],[-77.434237314359464,37.551663339256606],[-77.433886162016591,37.551464311633161],[-77.433827837998464,37.551532487408629]]]},"properties":{"OBJECTID":22,"Address":"1014 N 2nd Street","ID":null,"Address_1":"1014 N 2nd Street","Name":null,"Type__Business_or_Residences_":"Residence","Business_Type":"Davis Mckinley","Identification":"Residential","ID2level":"Residential","Notes":null,"Shape_Length":310.20725060250379,"Shape_Area":3842.0504837539693}},{"type":"Feature","id":23,"geometry":{"type":"Polygon","coordinates":[[[-77.433886162016591,37.551464311633161],[-77.434237314359464,37.551663339256606],[-77.434292176270503,37.551601021352575],[-77.433944138386707,37.551402022050347],[-77.433886162016591,37.551464311633161]]]},"properties":{"OBJECTID":23,"Address":"1012 N 2nd Street","ID":null,"Address_1":"1012 N 2nd Street","Name":null,"Type__Business_or_Residences_":"Residence","Business_Type":"Mrs Lucy C Braxton","Identification":"Residential","ID2level":"Residential","Notes":null,"Shape_Length":305.11382901387913,"Shape_Area":3484.3011949611323}},{"type":"Feature","id":24,"geometry":{"type":"Polygon","coordinates":[[[-77.433944138386707,37.551402022050347],[-77.434292176270503,37.551601021352575],[-77.434335433744693,37.551551822633144],[-77.433985226429499,37.551359415951438],[-77.433944138386707,37.551402022050347]]]},"properties":{"OBJECTID":24,"Address":"1010 N 2nd Street","ID":null,"Address_1":"1010 N 2nd Street","Name":null,"Type__Business_or_Residences_":"Residence","Business_Type":"Mrs Kate L Jonhson","Identification":"Residential","ID2level":"Residential","Notes":null,"Shape_Length":288.9929827051364,"Shape_Area":2562.7641686366292}},{"type":"Feature","id":25,"geometry":{"type":"Polygon","coordinates":[[[-77.433985226429499,37.551359415951438],[-77.434335433744693,37.551551822633144],[-77.434398751497497,37.551478837457807],[-77.434063132822516,37.551282428782706],[-77.433985226429499,37.551359415951438]]]},"properties":{"OBJECTID":25,"Address":"1008 N 2nd Street","ID":null,"Address_1":"1008 N 2nd Street","Name":null,"Type__Business_or_Residences_":"Residence","Business_Type":"Walter L Lewis","Identification":"Residential","ID2level":"Residential","Notes":null,"Shape_Length":312.39644045945778,"Shape_Area":4163.2424293229878}},{"type":"Feature","id":26,"geometry":{"type":"Polygon","coordinates":[[[-77.434063132822516,37.551282428782706],[-77.434398751497497,37.551478837457807],[-77.43444480902042,37.55142638893345],[-77.434105885443515,37.551240543353813],[-77.434063132822516,37.551282428782706]]]},"properties":{"OBJECTID":26,"Address":"1004 N 2nd Street","ID":null,"Address_1":"1004 N 2nd Street","Name":null,"Type__Business_or_Residences_":"Residence","Business_Type":"Mrs Sarah E Brown","Identification":"Residential","ID2level":"Residential","Notes":null,"Shape_Length":283.00498485659944,"Shape_Area":2575.024621856654}},{"type":"Feature","id":27,"geometry":{"type":"Polygon","coordinates":[[[-77.434105885443515,37.551240543353813],[-77.43444480902042,37.55142638893345],[-77.434489759818931,37.551365140542039],[-77.434363505199016,37.551293193559189],[-77.434163305756485,37.551179111063995],[-77.434105885443515,37.551240543353813]]]},"properties":{"OBJECTID":27,"Address":"1002 N 2nd Street","ID":null,"Address_1":"1002 N 2nd Street","Name":null,"Type__Business_or_Residences_":"Residence","Business_Type":"Eliz Green, Mrs Bessie M Helton","Identification":"Residential","ID2level":"Residential","Notes":null,"Shape_Length":289.39391568204758,"Shape_Area":3158.7216891033158}},{"type":"Feature","id":28,"geometry":{"type":"Polygon","coordinates":[[[-77.434163305756485,37.551179111063995],[-77.434363505199016,37.551293193559189],[-77.434525834364109,37.551129899246575],[-77.434278820118863,37.551061574254369],[-77.434163305756485,37.551179111063995]]]},"properties":{"OBJECTID":28,"Address":"1000 N 2nd Street","ID":null,"Address_1":"1000 N 2nd Street","Name":null,"Type__Business_or_Residences_":"Residence","Business_Type":"Jas H Fields","Identification":"Residential","ID2level":"Residential","Notes":null,"Shape_Length":277.34666581162844,"Shape_Area":4651.6421700397841}},{"type":"Feature","id":29,"geometry":{"type":"Polygon","coordinates":[[[-77.434394591399425,37.550937823358495],[-77.434355626075643,37.550985748367282],[-77.434548668640318,37.551052542212148],[-77.434595244491177,37.551000595484844],[-77.434394591399425,37.550937823358495]]]},"properties":{"OBJECTID":29,"Address":"926 N 2nd Street","ID":null,"Address_1":"926 N 2nd Street","Name":null,"Type__Business_or_Residences_":"No return","Business_Type":"No return","Identification":"Residential","ID2level":"Residential","Notes":null,"Shape_Length":167.54380389061461,"Shape_Area":1330.0681350448529}},{"type":"Feature","id":30,"geometry":{"type":"Polygon","coordinates":[[[-77.434394591399425,37.550937823358495],[-77.434595244491177,37.551000595484844],[-77.434631789753553,37.550953320719501],[-77.434434725431359,37.550889135557611],[-77.434394591399425,37.550937823358495]]]},"properties":{"OBJECTID":30,"Address":"924 N 2nd Street","ID":null,"Address_1":"924 N 2nd Street","Name":null,"Type__Business_or_Residences_":"Vacant","Business_Type":"Vacant","Identification":"Vacant","ID2level":"Vacant","Notes":null,"Shape_Length":165.63968440307923,"Shape_Area":1264.0617121734415}},{"type":"Feature","id":31,"geometry":{"type":"Polygon","coordinates":[[[-77.434631789753553,37.550953320719501],[-77.43482961225385,37.551016121320565],[-77.434889599053577,37.550950347306063],[-77.434500803707039,37.550820439290511],[-77.434434725431359,37.550889135557611],[-77.434631789753553,37.550953320719501]]]},"properties":{"OBJECTID":31,"Address":"920 N 2nd Street","ID":null,"Address_1":"920 N 2nd Street","Name":null,"Type__Business_or_Residences_":"No data available","Business_Type":"No data available","Identification":"No data available","ID2level":"No data available","Notes":null,"Shape_Length":306.80015185586984,"Shape_Area":3652.5190252704106}},{"type":"Feature","id":32,"geometry":{"type":"Polygon","coordinates":[[[-77.434500803707039,37.550820439290511],[-77.434889599053577,37.550950347306063],[-77.434951157006736,37.550908740871087],[-77.434542461281708,37.550766820163844],[-77.434500803707039,37.550820439290511]]]},"properties":{"OBJECTID":32,"Address":"918 N 2nd Street","ID":null,"Address_1":"918 N 2nd Street","Name":null,"Type__Business_or_Residences_":"Commercial","Business_Type":"Moss Funeral Home Inc","Identification":"Commercial","ID2level":"Funeral","Notes":null,"Shape_Length":297.8583004478262,"Shape_Area":2744.4176232974523}},{"type":"Feature","id":33,"geometry":{"type":"Polygon","coordinates":[[[-77.434542461281708,37.550766820163844],[-77.434951157006736,37.550908740871087],[-77.434985689144568,37.550861787959974],[-77.4346049148552,37.550702166215544],[-77.434542461281708,37.550766820163844]]]},"properties":{"OBJECTID":33,"Address":"916 N 2nd Street","ID":null,"Address_1":"916 N 2nd Street","Name":null,"Type__Business_or_Residences_":"Residence","Business_Type":"Robt Williams, Mrs Mabel E Cary","Identification":"Residential","ID2level":"Residential","Notes":null,"Shape_Length":303.5206848527593,"Shape_Area":3096.8955440075561}},{"type":"Feature","id":34,"geometry":{"type":"Polygon","coordinates":[[[-77.4346049148552,37.550702166215544],[-77.434985689144568,37.550861787959974],[-77.435062615475616,37.550780659567032],[-77.43466495375722,37.55064072137462],[-77.4346049148552,37.550702166215544]]]},"properties":{"OBJECTID":34,"Address":"912 N 2nd Street","ID":null,"Address_1":"912 N 2nd Street","Name":null,"Type__Business_or_Residences_":"Both","Business_Type":"Tiny Inn Restaurant, Harvey Toombs","Identification":"Mixed use","ID2level":"Residential / Hotel","Notes":null,"Shape_Length":316.15074569720116,"Shape_Area":4011.500587378101}},{"type":"Feature","id":35,"geometry":{"type":"Polygon","coordinates":[[[-77.43466495375722,37.55064072137462],[-77.435062615475616,37.550780659567032],[-77.435088937910066,37.550754449307718],[-77.434684955645324,37.550621066136785],[-77.43466495375722,37.55064072137462]]]},"properties":{"OBJECTID":35,"Address":"910 N 2nd Street","ID":null,"Address_1":"910 N 2nd Street","Name":null,"Type__Business_or_Residences_":"Residence","Business_Type":"Mrs Luvenia E Dabney","Identification":"Residential","ID2level":"Residential","Notes":null,"Shape_Length":274.25499852326902,"Shape_Area":1304.3887863097002}},{"type":"Feature","id":36,"geometry":{"type":"Polygon","coordinates":[[[-77.434684955645324,37.550621066136785],[-77.435088937910066,37.550754449307718],[-77.435142538586447,37.550707823197875],[-77.434712257243433,37.550598997966276],[-77.434684955645324,37.550621066136785]]]},"properties":{"OBJECTID":36,"Address":"908 N 2nd Street","ID":null,"Address_1":"908 N 2nd Street","Name":null,"Type__Business_or_Residences_":"Residence","Business_Type":"Mrs Minnie B Carver","Identification":"Residential","ID2level":"Residential","Notes":null,"Shape_Length":291.95914238020345,"Shape_Area":2029.45495699924}},{"type":"Feature","id":37,"geometry":{"type":"Polygon","coordinates":[[[-77.434712257243433,37.550598997966276],[-77.435142538586447,37.550707823197875],[-77.435177352795264,37.550662548097783],[-77.434938780018754,37.550597943912905],[-77.434755121255549,37.550548208245765],[-77.434712257243433,37.550598997966276]]]},"properties":{"OBJECTID":37,"Address":"906 N 2nd Street","ID":null,"Address_1":"906 N 2nd Street","Name":null,"Type__Business_or_Residences_":"Residential","Business_Type":"Apartments","Identification":"Residential","ID2level":"Residential","Notes":"4 residents","Shape_Length":301.78095913379553,"Shape_Area":2618.6074703488489}},{"type":"Feature","id":38,"geometry":{"type":"Polygon","coordinates":[[[-77.434755121255549,37.550548208245765],[-77.434938780018754,37.550597943912905],[-77.434999858271539,37.550533629536972],[-77.434834555682841,37.550467148594841],[-77.434755121255549,37.550548208245765]]]},"properties":{"OBJECTID":38,"Address":"904 N 2nd Street","ID":null,"Address_1":"904 N 2nd Street","Name":null,"Type__Business_or_Residences_":"Residence","Business_Type":"Ben F Meyers","Identification":"Residential","ID2level":"Residential","Notes":null,"Shape_Length":176.71991597574862,"Shape_Area":1769.6483986717603}},{"type":"Feature","id":39,"geometry":{"type":"Polygon","coordinates":[[[-77.434834555682841,37.550467148594841],[-77.434999858271539,37.550533629536972],[-77.43507562487757,37.550448540244716],[-77.434909495838809,37.550378451932126],[-77.434834555682841,37.550467148594841]]]},"properties":{"OBJECTID":39,"Address":"902 N 2nd Street","ID":null,"Address_1":"902 N 2nd Street","Name":null,"Type__Business_or_Residences_":"Residence","Business_Type":"Eliz V Smith","Identification":"Residential","ID2level":"Residential","Notes":null,"Shape_Length":185.09375843403603,"Shape_Area":2063.108641395308}},{"type":"Feature","id":40,"geometry":{"type":"Polygon","coordinates":[[[-77.434909495838809,37.550378451932126],[-77.43507562487757,37.550448540244716],[-77.435122055201333,37.55039523706732],[-77.434965042266086,37.550340934634278],[-77.434909495838809,37.550378451932126]]]},"properties":{"OBJECTID":40,"Address":"900 N 2nd Street","ID":null,"Address_1":"900 N 2nd Street","Name":null,"Type__Business_or_Residences_":"Residence","Business_Type":"Mrs Mary M Taylor","Identification":"Residential","ID2level":"Residential","Notes":null,"Shape_Length":148.86745958962501,"Shape_Area":1109.2163955125293}},{"type":"Feature","id":41,"geometry":{"type":"Polygon","coordinates":[[[-77.433665505240086,37.55084744291279],[-77.433623191895279,37.550903261240613],[-77.433935157928815,37.55108375552669],[-77.433981388826609,37.551044500830685],[-77.433665505240086,37.55084744291279]]]},"properties":{"OBJECTID":41,"Address":"1013 N 2nd Street","ID":null,"Address_1":"1013 N 2nd Street","Name":null,"Type__Business_or_Residences_":"Residence","Business_Type":"Arth L Thompson Jr, Mrs Daisy T Brent","Identification":"Residential","ID2level":"Residential","Notes":null,"Shape_Length":271.46455336541192,"Shape_Area":2457.3754701909475}},{"type":"Feature","id":42,"geometry":{"type":"Polygon","coordinates":[[[-77.433665505240086,37.55084744291279],[-77.433981388826609,37.551044500830685],[-77.434025341596822,37.550994516193448],[-77.433709458908638,37.55080198486305],[-77.433665505240086,37.55084744291279]]]},"properties":{"OBJECTID":42,"Address":"1011 N 2nd Street","ID":null,"Address_1":"1011 N 2nd Street","Name":null,"Type__Business_or_Residences_":"Commercial","Business_Type":"Standard Dry Cleaners ","Identification":"Commercial","ID2level":"Services","Notes":null,"Shape_Length":274.76850891151571,"Shape_Area":2494.9489447485271}},{"type":"Feature","id":43,"geometry":{"type":"Polygon","coordinates":[[[-77.433709458908638,37.55080198486305],[-77.434025341596822,37.550994516193448],[-77.434068113082461,37.55095265410516],[-77.433744814801585,37.55076256122797],[-77.433709458908638,37.55080198486305]]]},"properties":{"OBJECTID":43,"Address":"1009 N 2nd Street","ID":null,"Address_1":"1009 N 2nd Street","Name":null,"Type__Business_or_Residences_":"Residence","Business_Type":"Mrs Evelyn F Eldridge","Identification":"Residential","ID2level":"Residential","Notes":null,"Shape_Length":269.12564629300994,"Shape_Area":2159.949978784065}},{"type":"Feature","id":44,"geometry":{"type":"Polygon","coordinates":[[[-77.433744814801585,37.55076256122797],[-77.434068113082461,37.55095265410516],[-77.434184008330519,37.550828593935378],[-77.433868423882984,37.550629119671342],[-77.433744814801585,37.55076256122797]]]},"properties":{"OBJECTID":44,"Address":"1005 N 2nd Street","ID":null,"Address_1":"1005 N 2nd Street","Name":null,"Type__Business_or_Residences_":"Commercial","Business_Type":"S&R Food Store","Identification":"Commercial","ID2level":"Shop","Notes":null,"Shape_Length":349.99401303855291,"Shape_Area":6803.5266262801233}},{"type":"Feature","id":45,"geometry":{"type":"Polygon","coordinates":[[[-77.434105666254581,37.550388451936136],[-77.433942694794055,37.550552410930131],[-77.434265865514135,37.550747880004849],[-77.434417794883203,37.55058378968414],[-77.434105666254581,37.550388451936136]]]},"properties":{"OBJECTID":45,"Address":"923 N 2nd Street","ID":null,"Address_1":"923 N 2nd Street","Name":null,"Type__Business_or_Residences_":"Commercial","Business_Type":"Thompson Service Station","Identification":"Commercial","ID2level":"Services","Notes":null,"Shape_Length":383.10908562363915,"Shape_Area":8747.3387591668943}},{"type":"Feature","id":46,"geometry":{"type":"Polygon","coordinates":[[[-77.434105666254581,37.550388451936136],[-77.434417794883203,37.55058378968414],[-77.434496802610767,37.55050370649689],[-77.434185834605486,37.550310001615848],[-77.434105666254581,37.550388451936136]]]},"properties":{"OBJECTID":46,"Address":"915 N 2nd Street","ID":null,"Address_1":"915 N 2nd Street","Name":null,"Type__Business_or_Residences_":"Residence","Business_Type":"Apartments","Identification":"Residential","ID2level":"Residential","Notes":"4 residents","Shape_Length":303.45960183555343,"Shape_Area":4240.9417115312617}},{"type":"Feature","id":47,"geometry":{"type":"Polygon","coordinates":[[[-77.434185834605486,37.550310001615848],[-77.434496802610767,37.55050370649689],[-77.434522036287092,37.550470839924586],[-77.434220696425029,37.550273087518093],[-77.434185834605486,37.550310001615848]]]},"properties":{"OBJECTID":47,"Address":"913 N 2nd Street","ID":null,"Address_1":"913 N 2nd Street","Name":null,"Type__Business_or_Residences_":"Residence","Business_Type":"Charlie E Jones","Identification":"Residential","ID2level":"Residential","Notes":null,"Shape_Length":258.51315169607631,"Shape_Area":1748.3587992883349}},{"type":"Feature","id":48,"geometry":{"type":"Polygon","coordinates":[[[-77.434220696425029,37.550273087518093],[-77.434522036287092,37.550470839924586],[-77.434563171042271,37.550424927973793],[-77.434251083736143,37.550235017498728],[-77.434220696425029,37.550273087518093]]]},"properties":{"OBJECTID":48,"Address":"911 N 2nd Street","ID":null,"Address_1":"911 N 2nd Street","Name":null,"Type__Business_or_Residences_":"Residence","Business_Type":"James L Clark","Identification":"Residential","ID2level":"Residential","Notes":null,"Shape_Length":264.04050402461064,"Shape_Area":2091.1574826877077}},{"type":"Feature","id":49,"geometry":{"type":"Polygon","coordinates":[[[-77.434251083736143,37.550235017498728],[-77.434563171042271,37.550424927973793],[-77.434596703355183,37.550386095977728],[-77.434287347825844,37.550197510811735],[-77.434251083736143,37.550235017498728]]]},"properties":{"OBJECTID":49,"Address":"907 N 2nd Street","ID":null,"Address_1":"907 N 2nd Street","Name":null,"Type__Business_or_Residences_":"Residence","Business_Type":"David R Cross","Identification":"Residential","ID2level":"Residential","Notes":null,"Shape_Length":261.21779213078509,"Shape_Area":1949.0339866133572}},{"type":"Feature","id":50,"geometry":{"type":"Polygon","coordinates":[[[-77.434287347825844,37.550197510811735],[-77.434596703355183,37.550386095977728],[-77.434647421337814,37.550339733151759],[-77.434330043852995,37.550154903312048],[-77.434287347825844,37.550197510811735]]]},"properties":{"OBJECTID":50,"Address":"905 N 2nd Street","ID":null,"Address_1":"905 N 2nd Street","Name":null,"Type__Business_or_Residences_":"No data available","Business_Type":"No data available","Identification":"No data available","ID2level":"No data available","Notes":null,"Shape_Length":269.17915226134812,"Shape_Area":2392.0073442843432}},{"type":"Feature","id":51,"geometry":{"type":"Polygon","coordinates":[[[-77.434330043852995,37.550154903312048],[-77.434647421337814,37.550339733151759],[-77.434687364028605,37.550292843980259],[-77.434386197541414,37.550092782139288],[-77.434330043852995,37.550154903312048]]]},"properties":{"OBJECTID":51,"Address":"903 N 2nd Street","ID":null,"Address_1":"903 N 2nd Street","Name":null,"Type__Business_or_Residences_":"Residence","Business_Type":"Otis L Lancaster","Identification":"Residential","ID2level":"Residential","Notes":null,"Shape_Length":276.19827125820234,"Shape_Area":2755.4130789523497}},{"type":"Feature","id":52,"geometry":{"type":"Polygon","coordinates":[[[-77.434386197541414,37.550092782139288],[-77.434687364028605,37.550292843980259],[-77.434746891789217,37.550233840229353],[-77.43443464817625,37.550045255390287],[-77.434386197541414,37.550092782139288]]]},"properties":{"OBJECTID":52,"Address":"901 N 2nd Street","ID":null,"Address_1":"901 N 2nd Street","Name":null,"Type__Business_or_Residences_":"No data available","Business_Type":"No data available","Identification":"No data available","ID2level":"No data available","Notes":null,"Shape_Length":277.16885882169316,"Shape_Area":2831.8965045862615}},{"type":"Feature","id":53,"geometry":{"type":"Polygon","coordinates":[[[-77.43578925911568,37.549459892320861],[-77.435730084392958,37.549533742669823],[-77.435909928909481,37.549588250094629],[-77.43593744071336,37.549551306438858],[-77.43578925911568,37.549459892320861]]]},"properties":{"OBJECTID":53,"Address":"750 N 2nd Street","ID":null,"Address_1":"750 N 2nd Street","Name":null,"Type__Business_or_Residences_":"Institutional","Business_Type":"Macedonia Pentecost Jerusalem Church","Identification":"Institutional","ID2level":"Worship","Notes":null,"Shape_Length":157.66626265113547,"Shape_Area":1292.894629237386}},{"type":"Feature","id":54,"geometry":{"type":"Polygon","coordinates":[[[-77.435909928909481,37.549588250094629],[-77.43610194919134,37.549642073048282],[-77.436156801220903,37.549568514811966],[-77.435849670818527,37.549395442355291],[-77.43578925911568,37.549459892320861],[-77.43593744071336,37.549551306438858],[-77.435909928909481,37.549588250094629]]]},"properties":{"OBJECTID":54,"Address":"746 N 2nd Street","ID":null,"Address_1":"746 N 2nd Street","Name":null,"Type__Business_or_Residences_":"Commercial","Business_Type":"Longest Television Service Center","Identification":"Commercial","ID2level":"Services","Notes":null,"Shape_Length":298.51234751791992,"Shape_Area":3874.3596586710341}},{"type":"Feature","id":55,"geometry":{"type":"Polygon","coordinates":[[[-77.435849670818527,37.549395442355291],[-77.436156801220903,37.549568514811966],[-77.436307987683222,37.549400612997637],[-77.436016865259205,37.549213741055567],[-77.435849670818527,37.549395442355291]]]},"properties":{"OBJECTID":55,"Address":"736 N 2nd Street","ID":null,"Address_1":"736 N 2nd Street","Name":null,"Type__Business_or_Residences_":"Residence(s)","Business_Type":"The Lincoln Court","Identification":"Residential","ID2level":"Residential","Notes":"20 residents","Shape_Length":374.7318832578913,"Shape_Area":8543.618932430667}},{"type":"Feature","id":56,"geometry":{"type":"Polygon","coordinates":[[[-77.436016865259205,37.549213741055567],[-77.436307987683222,37.549400612997637],[-77.436433461667178,37.549290951146396],[-77.436151197530165,37.549066351599564],[-77.436016865259205,37.549213741055567]]]},"properties":{"OBJECTID":56,"Address":"730 N 2nd Street","ID":null,"Address_1":"730 N 2nd Street","Name":null,"Type__Business_or_Residences_":"Commercial","Business_Type":"Tasty Bake Shop","Identification":"Commercial","ID2level":"Shop","Notes":null,"Shape_Length":344.42172257774729,"Shape_Area":6710.684940989704}},{"type":"Feature","id":57,"geometry":{"type":"Polygon","coordinates":[[[-77.436151197530165,37.549066351599564],[-77.436433461667178,37.549290951146396],[-77.436516244115538,37.549190517261039],[-77.436246732462308,37.548967296257494],[-77.436151197530165,37.549066351599564]]]},"properties":{"OBJECTID":57,"Address":"728 N 2nd Street","ID":null,"Address_1":"728 N 2nd Street","Name":null,"Type__Business_or_Residences_":null,"Business_Type":"Martha Ellen's Beauty Shoppe","Identification":"Commercial","ID2level":"Beauty","Notes":null,"Shape_Length":317.64753959320166,"Shape_Area":5012.1251815151227}},{"type":"Feature","id":58,"geometry":{"type":"Polygon","coordinates":[[[-77.436246732462308,37.548967296257494],[-77.436516244115538,37.549190517261039],[-77.43662081969272,37.549078675017611],[-77.436321539667617,37.548895560624352],[-77.436246732462308,37.548967296257494]]]},"properties":{"OBJECTID":58,"Address":"726 N 2nd Street","ID":null,"Address_1":"726 N 2nd Street","Name":null,"Type__Business_or_Residences_":"Commercial","Business_Type":"Miller I Furniture Co. ","Identification":"Commercial","ID2level":"Shop","Notes":null,"Shape_Length":306.88380540252479,"Shape_Area":4679.076879386479}},{"type":"Feature","id":59,"geometry":{"type":"Polygon","coordinates":[[[-77.436321539667617,37.548895560624352],[-77.43662081969272,37.549078675017611],[-77.436663133037555,37.549033016469373],[-77.436366374583443,37.548839931666578],[-77.436321539667617,37.548895560624352]]]},"properties":{"OBJECTID":59,"Address":"724 N 2nd Street","ID":null,"Address_1":"724 N 2nd Street","Name":null,"Type__Business_or_Residences_":"Both","Business_Type":"Miller I Furniture Co, Miller Isaac","Identification":"Mixed use","ID2level":"Shop / Residential","Notes":null,"Shape_Length":265.25515673630645,"Shape_Area":2458.3639073624486}},{"type":"Feature","id":60,"geometry":{"type":"Polygon","coordinates":[[[-77.436366374583443,37.548839931666578],[-77.436663133037555,37.549033016469373],[-77.436709570547833,37.548975580727976],[-77.436408054615981,37.548790229012674],[-77.436366374583443,37.548839931666578]]]},"properties":{"OBJECTID":60,"Address":"722 N 2nd Street","ID":null,"Address_1":"722 N 2nd Street","Name":null,"Type__Business_or_Residences_":"Vacant","Business_Type":"Vacant","Identification":"Vacant","ID2level":"Vacant","Notes":null,"Shape_Length":268.17024023722524,"Shape_Area":2571.539377707074}},{"type":"Feature","id":61,"geometry":{"type":"Polygon","coordinates":[[[-77.436408054615981,37.548790229012674],[-77.436709570547833,37.548975580727976],[-77.43674645627172,37.548936241592607],[-77.436450189196066,37.548746804509079],[-77.436408054615981,37.548790229012674]]]},"properties":{"OBJECTID":61,"Address":"720 N 2nd Street","ID":null,"Address_1":"720 N 2nd Street","Name":null,"Type__Business_or_Residences_":"Residence","Business_Type":"Harrison Ee Jonhson","Identification":"Residential","ID2level":"Residential","Notes":null,"Shape_Length":258.44687666817595,"Shape_Area":2087.1919579637001}},{"type":"Feature","id":62,"geometry":{"type":"Polygon","coordinates":[[[-77.436450189196066,37.548746804509079],[-77.43674645627172,37.548936241592607],[-77.436787554195959,37.548892807203117],[-77.436489175181094,37.548705832141025],[-77.436450189196066,37.548746804509079]]]},"properties":{"OBJECTID":62,"Address":"718 N 2nd Street","ID":null,"Address_1":"718 N 2nd Street","Name":null,"Type__Business_or_Residences_":"Commercial","Business_Type":"Dragon Restaurant","Identification":"Commercial","ID2level":"Resturant","Notes":null,"Shape_Length":258.7547081848395,"Shape_Area":2120.0622910501111}},{"type":"Feature","id":63,"geometry":{"type":"Polygon","coordinates":[[[-77.436489175181094,37.548705832141025],[-77.436787554195959,37.548892807203117],[-77.436828475152112,37.548861768888102],[-77.436520826421798,37.548669751254479],[-77.436489175181094,37.548705832141025]]]},"properties":{"OBJECTID":63,"Address":"714 N 2nd Street","ID":null,"Address_1":"714 N 2nd Street","Name":null,"Type__Business_or_Residences_":"Commercial","Business_Type":"Ace Beauty Salon","Identification":"Commercial","ID2level":"Beauty","Notes":null,"Shape_Length":255.81605289761714,"Shape_Area":1799.2612164600946}},{"type":"Feature","id":64,"geometry":{"type":"Polygon","coordinates":[[[-77.436520826421798,37.548669751254479],[-77.436828475152112,37.548861768888102],[-77.436900556868821,37.548829357409417],[-77.436559571658336,37.5486295900592],[-77.436520826421798,37.548669751254479]]]},"properties":{"OBJECTID":64,"Address":"710 N 2nd Street","ID":null,"Address_1":"710 N 2nd Street","Name":null,"Type__Business_or_Residences_":"Commercial","Business_Type":"Clara's Beauty Salon, Edwards Clara J Mrs","Identification":"Commercial","ID2level":"Beauty","Notes":null,"Shape_Length":278.49648240304185,"Shape_Area":2388.0877454747365}},{"type":"Feature","id":65,"geometry":{"type":"Polygon","coordinates":[[[-77.436900556868821,37.548829357409417],[-77.436925058418197,37.548851211727218],[-77.437171759151411,37.548602963820805],[-77.437022124977915,37.548511533583159],[-77.436951967452529,37.548585283024622],[-77.436890301701553,37.548650103331248],[-77.436826300330807,37.548717377878532],[-77.436607505761899,37.548591446554212],[-77.436559571658336,37.5486295900592],[-77.436900556868821,37.548829357409417]]]},"properties":{"OBJECTID":65,"Address":"708 N 2nd Street","ID":null,"Address_1":"708 N 2nd Street","Name":null,"Type__Business_or_Residences_":"Residential","Business_Type":"DeVore Spurgeon W","Identification":"Residential","ID2level":"Residential","Notes":null,"Shape_Length":495.28250556441498,"Shape_Area":7657.8492700700144}},{"type":"Feature","id":66,"geometry":{"type":"Polygon","coordinates":[[[-77.436607505761899,37.548591446554212],[-77.436826300330807,37.548717377878532],[-77.436890301701553,37.548650103331248],[-77.436669408668124,37.548529359689269],[-77.436607505761899,37.548591446554212]]]},"properties":{"OBJECTID":66,"Address":"706 N 2nd Street","ID":null,"Address_1":"706 N 2nd Street","Name":null,"Type__Business_or_Residences_":"Shields Arthur","Business_Type":null,"Identification":"Residential","ID2level":"Residential","Notes":null,"Shape_Length":215.53919851718274,"Shape_Area":2320.6198809620932}},{"type":"Feature","id":67,"geometry":{"type":"Polygon","coordinates":[[[-77.43672797163812,37.548463513682833],[-77.436951967452529,37.548585283024622],[-77.437022124977915,37.548511533583159],[-77.436802745605746,37.548379449759956],[-77.43672797163812,37.548463513682833]]]},"properties":{"OBJECTID":67,"Address":"700 N 2nd Street","ID":null,"Address_1":"700 N 2nd Street","Name":null,"Type__Business_or_Residences_":"Commercial","Business_Type":"Richmond Beneficial Ins Co","Identification":"Commercial","ID2level":"Economic & Legal Services","Notes":null,"Shape_Length":229.56173921624446,"Shape_Area":2817.4432112122095}},{"type":"Feature","id":68,"geometry":{"type":"Polygon","coordinates":[[[-77.435358549276287,37.549234061157627],[-77.435297231173323,37.549281522900444],[-77.435537084947441,37.549420141071792],[-77.435584577079879,37.549369458091633],[-77.435358549276287,37.549234061157627]]]},"properties":{"OBJECTID":68,"Address":"749 N 2nd Street","ID":null,"Address_1":"749 N 2nd Street","Name":null,"Type__Business_or_Residences_":"Vacant","Business_Type":"Vacant","Identification":"Vacant","ID2level":"Vacant","Notes":null,"Shape_Length":215.73954017422227,"Shape_Area":1993.4525789388456}},{"type":"Feature","id":69,"geometry":{"type":"Polygon","coordinates":[[[-77.435414778423194,37.549190543612887],[-77.435640287898849,37.549309991385087],[-77.435686288827924,37.549251691945095],[-77.435480258420881,37.549117081079615],[-77.435414778423194,37.549190543612887]]]},"properties":{"OBJECTID":69,"Address":"743 N 2nd Street","ID":null,"Address_1":"743 N 2nd Street","Name":null,"Type__Business_or_Residences_":"Residence","Business_Type":"Mrs Eliza A Harvery","Identification":"Residential","ID2level":"Residential","Notes":null,"Shape_Length":213.65612049554485,"Shape_Area":2247.9466105436777}},{"type":"Feature","id":70,"geometry":{"type":"Polygon","coordinates":[[[-77.435480258420881,37.549117081079615],[-77.435686288827924,37.549251691945095],[-77.43578119224442,37.549149899106254],[-77.435569284160493,37.549014110056035],[-77.435480258420881,37.549117081079615]]]},"properties":{"OBJECTID":70,"Address":"741 N 2nd Street","ID":null,"Address_1":"741 N 2nd Street","Name":null,"Type__Business_or_Residences_":"Residence","Business_Type":"Mrs Carrie Dudley","Identification":"Residential","ID2level":"Residential","Notes":null,"Shape_Length":247.8008793205687,"Shape_Area":3570.8657821579395}},{"type":"Feature","id":71,"geometry":{"type":"Polygon","coordinates":[[[-77.435569284160493,37.549014110056035],[-77.43578119224442,37.549149899106254],[-77.435843867701792,37.549093924202971],[-77.435498160946167,37.54888503979123],[-77.435445482839611,37.548940168028814],[-77.435569284160493,37.549014110056035]]]},"properties":{"OBJECTID":71,"Address":"739 N 2nd Street","ID":null,"Address_1":"739 N 2nd Street","Name":null,"Type__Business_or_Residences_":"Vacant","Business_Type":"Vacant","Identification":"Vacant","ID2level":"Vacant","Notes":null,"Shape_Length":302.06585565430225,"Shape_Area":3211.9422315361699}},{"type":"Feature","id":72,"geometry":{"type":"Polygon","coordinates":[[[-77.435498160946167,37.54888503979123],[-77.435843867701792,37.549093924202971],[-77.435877085604389,37.549054526728568],[-77.435543876210986,37.548846838015301],[-77.435498160946167,37.54888503979123]]]},"properties":{"OBJECTID":72,"Address":"737 N 2nd Street","ID":null,"Address_1":"737 N 2nd Street","Name":null,"Type__Business_or_Residences_":"Residence","Business_Type":"Mrs Effie Peterson","Identification":"Residential","ID2level":"Residential","Notes":null,"Shape_Length":284.98461934457885,"Shape_Area":2258.0470286801515}},{"type":"Feature","id":73,"geometry":{"type":"Polygon","coordinates":[[[-77.435543876210986,37.548846838015301],[-77.435877085604389,37.549054526728568],[-77.435917914932361,37.549006038541648],[-77.435584419874701,37.548798540567006],[-77.435543876210986,37.548846838015301]]]},"properties":{"OBJECTID":73,"Address":"735 N 2nd Street","ID":null,"Address_1":"735 N 2nd Street","Name":null,"Type__Business_or_Residences_":"Residence","Business_Type":"Robert King","Identification":"Residential","ID2level":"Residential","Notes":null,"Shape_Length":287.78875339112699,"Shape_Area":2594.4204258021196}},{"type":"Feature","id":74,"geometry":{"type":"Polygon","coordinates":[[[-77.435584419874701,37.548798540567006],[-77.435917914932361,37.549006038541648],[-77.435977227995608,37.54893826570504],[-77.435640725378377,37.548733756000296],[-77.435584419874701,37.548798540567006]]]},"properties":{"OBJECTID":74,"Address":"733 N 2nd Street","ID":null,"Address_1":"733 N 2nd Street","Name":null,"Type__Business_or_Residences_":"Residental","Business_Type":"Mrs Ethel D Doulgas","Identification":"Residential","ID2level":"Residential","Notes":null,"Shape_Length":304.19185212207685,"Shape_Area":3600.8618891100646}},{"type":"Feature","id":75,"geometry":{"type":"Polygon","coordinates":[[[-77.435640725378377,37.548733756000296],[-77.435977227995608,37.54893826570504],[-77.436025725342859,37.548887626554524],[-77.435681823302644,37.548690322204983],[-77.435640725378377,37.548733756000296]]]},"properties":{"OBJECTID":75,"Address":"731 N 2nd Street","ID":null,"Address_1":"731 N 2nd Street","Name":null,"Type__Business_or_Residences_":"Residence","Business_Type":"Mrs Mary B Evans","Identification":"Residential","ID2level":"Residential","Notes":null,"Shape_Length":288.60147342818829,"Shape_Area":2639.197685380117}},{"type":"Feature","id":76,"geometry":{"type":"Polygon","coordinates":[[[-77.435681823302644,37.548690322204983],[-77.436025725342859,37.548887626554524],[-77.436151730231131,37.548753383247181],[-77.435805057786581,37.548558269323991],[-77.435681823302644,37.548690322204983]]]},"properties":{"OBJECTID":76,"Address":"729 N 2nd Street","ID":null,"Address_1":"729 N 2nd Street","Name":null,"Type__Business_or_Residences_":"Vacant","Business_Type":"Vacant","Identification":"Vacant","ID2level":"Vacant","Notes":null,"Shape_Length":366.88829075268467,"Shape_Area":7434.0991152144006}},{"type":"Feature","id":77,"geometry":{"type":"Polygon","coordinates":[[[-77.435805057786581,37.548558269323991],[-77.436151730231131,37.548753383247181],[-77.436240638291437,37.54866362761549],[-77.435884202956373,37.548472610850673],[-77.435805057786581,37.548558269323991]]]},"properties":{"OBJECTID":77,"Address":"727 N 2nd Street","ID":null,"Address_1":"727 N 2nd Street","Name":null,"Type__Business_or_Residences_":"Commercial","Business_Type":"C P Hayes Funeral Home","Identification":"Commercial","ID2level":"Funeral","Notes":null,"Shape_Length":327.97997441186538,"Shape_Area":4967.246246552535}},{"type":"Feature","id":78,"geometry":{"type":"Polygon","coordinates":[[[-77.435884202956373,37.548472610850673],[-77.436240638291437,37.54866362761549],[-77.436310340370952,37.548588547117156],[-77.435964419816301,37.548378804489168],[-77.435884202956373,37.548472610850673]]]},"properties":{"OBJECTID":78,"Address":"725 N 2nd Street","ID":null,"Address_1":"725 N 2nd Street","Name":null,"Type__Business_or_Residences_":"Residence","Business_Type":"Mrs Mary J Hayes","Identification":"Residential","ID2level":"Residential","Notes":null,"Shape_Length":325.93034531224077,"Shape_Area":4715.8672975794871}},{"type":"Feature","id":79,"geometry":{"type":"Polygon","coordinates":[[[-77.435964419816301,37.548378804489168],[-77.436310340370952,37.548588547117156],[-77.436382255899346,37.548510872644663],[-77.436038098737583,37.548286374019199],[-77.435964419816301,37.548378804489168]]]},"properties":{"OBJECTID":79,"Address":"723 N 2nd Street","ID":null,"Address_1":"723 N 2nd Street","Name":null,"Type__Business_or_Residences_":"Residence","Business_Type":"Brown Alf","Identification":"Residential","ID2level":"Residential","Notes":null,"Shape_Length":330.03468393640196,"Shape_Area":4766.2312872383209}},{"type":"Feature","id":80,"geometry":{"type":"Polygon","coordinates":[[[-77.436038098737583,37.548286374019199],[-77.436382255899346,37.548510872644663],[-77.436415989434906,37.548470553963519],[-77.436073145610081,37.548250853447271],[-77.436038098737583,37.548286374019199]]]},"properties":{"OBJECTID":80,"Address":"721 N 2nd Street","ID":null,"Address_1":"721 N 2nd Street","Name":null,"Type__Business_or_Residences_":"Vacant","Business_Type":"Vacant","Identification":"Vacant","ID2level":"Vacant","Notes":null,"Shape_Length":290.6572603464034,"Shape_Area":2181.2326984129832}},{"type":"Feature","id":81,"geometry":{"type":"Polygon","coordinates":[[[-77.436073145610081,37.548250853447271],[-77.436415989434906,37.548470553963519],[-77.436450114635903,37.548432607661788],[-77.436207756358769,37.548281429785646],[-77.436101579085459,37.548215198960875],[-77.436073145610081,37.548250853447271]]]},"properties":{"OBJECTID":81,"Address":"719 N 2nd Street","ID":null,"Address_1":"719 N 2nd Street","Name":null,"Type__Business_or_Residences_":"Vacant","Business_Type":null,"Identification":"Vacant","ID2level":"Vacant","Notes":null,"Shape_Length":288.31823548905453,"Shape_Area":2064.512430148407}},{"type":"Feature","id":82,"geometry":{"type":"Polygon","coordinates":[[[-77.436207756358769,37.548281429785646],[-77.436450114635903,37.548432607661788],[-77.43648234708661,37.548393803828752],[-77.436241640811289,37.548246493232334],[-77.436207756358769,37.548281429785646]]]},"properties":{"OBJECTID":82,"Address":"711 N 2nd Street","ID":null,"Address_1":"711 N 2nd Street","Name":null,"Type__Business_or_Residences_":"Vacant","Business_Type":"Vacant","Identification":"Vacant","ID2level":"Vacant","Notes":null,"Shape_Length":210.28314959305277,"Shape_Area":1460.8428699216984}},{"type":"Feature","id":83,"geometry":{"type":"Polygon","coordinates":[[[-77.436241640811289,37.548246493232334],[-77.43648234708661,37.548393803828752],[-77.43652018412638,37.548348352116939],[-77.436288601141086,37.548203507852456],[-77.436241640811289,37.548246493232334]]]},"properties":{"OBJECTID":83,"Address":"709 N 2nd Street","ID":null,"Address_1":"709 N 2nd Street","Name":null,"Type__Business_or_Residences_":"Commercial","Business_Type":"Atlas Print Shop","Identification":"Commercial","ID2level":"Services","Notes":null,"Shape_Length":213.98946344532931,"Shape_Area":1756.0390439124317}},{"type":"Feature","id":84,"geometry":{"type":"Polygon","coordinates":[[[-77.436288601141086,37.548203507852456],[-77.43652018412638,37.548348352116939],[-77.436569988522365,37.54830278214888],[-77.436334114284961,37.548154404464718],[-77.436288601141086,37.548203507852456]]]},"properties":{"OBJECTID":84,"Address":"707 N 2nd Street","ID":null,"Address_1":"707 N 2nd Street","Name":null,"Type__Business_or_Residences_":"Commercial","Business_Type":"Thurken Realty Co","Identification":"Commercial","ID2level":"Economic & Legal Services","Notes":null,"Shape_Length":216.74069187769393,"Shape_Area":1905.4887608401691}},{"type":"Feature","id":85,"geometry":{"type":"Polygon","coordinates":[[[-77.436334114284961,37.548154404464718],[-77.436569988522365,37.54830278214888],[-77.436613865834104,37.548256530557843],[-77.436375991048564,37.548110572911952],[-77.436334114284961,37.548154404464718]]]},"properties":{"OBJECTID":85,"Address":"701 N 2nd Street","ID":null,"Address_1":"701 N 2nd Street","Name":null,"Type__Business_or_Residences_":"Commercial","Business_Type":"Richmond Athletic & Social Club","Identification":"Commercial","ID2level":"Community & Athletic Center","Notes":null,"Shape_Length":215.3706555011338,"Shape_Area":1792.3306307913431}},{"type":"Feature","id":86,"geometry":{"type":"Polygon","coordinates":[[[-77.4364186403633,37.54789623580632],[-77.436328725291574,37.547981655634985],[-77.436666682281228,37.548181000237832],[-77.436751009831895,37.548100732852305],[-77.4364186403633,37.54789623580632]]]},"properties":{"OBJECTID":86,"Address":"617 N 2nd Street","ID":null,"Address_1":"617 N 2nd Street","Name":null,"Type__Business_or_Residences_":"Commercial","Business_Type":"Second Street Market","Identification":"Commercial","ID2level":"Shop","Notes":null,"Shape_Length":322.39314783066089,"Shape_Area":4787.9557366639583}},{"type":"Feature","id":87,"geometry":{"type":"Polygon","coordinates":[[[-77.4364186403633,37.54789623580632],[-77.436751009831895,37.548100732852305],[-77.436820631961368,37.548022018026167],[-77.436484031427781,37.547822301216861],[-77.4364186403633,37.54789623580632]]]},"properties":{"OBJECTID":87,"Address":"615 N 2nd Street","ID":null,"Address_1":"615 N 2nd Street","Name":null,"Type__Business_or_Residences_":"Commercial","Business_Type":"Gladys Mae's Beauty Shoppe","Identification":"Commercial","ID2level":"Beauty","Notes":null,"Shape_Length":311.45435545095177,"Shape_Area":4135.0972694617931}},{"type":"Feature","id":88,"geometry":{"type":"Polygon","coordinates":[[[-77.436484031427781,37.547822301216861],[-77.436820631961368,37.548022018026167],[-77.436898543744263,37.54794420265528],[-77.436557804672162,37.547743623844646],[-77.436484031427781,37.547822301216861]]]},"properties":{"OBJECTID":88,"Address":"613 N 2nd Street","ID":null,"Address_1":"613 N 2nd Street","Name":null,"Type__Business_or_Residences_":"Vacant","Business_Type":"Vacant","Identification":"Vacant","ID2level":"Vacant","Notes":null,"Shape_Length":316.53530758234433,"Shape_Area":4399.6981447010139}},{"type":"Feature","id":89,"geometry":{"type":"Polygon","coordinates":[[[-77.436557804672162,37.547743623844646],[-77.436898543744263,37.54794420265528],[-77.436961832750995,37.547872868444237],[-77.436633477853391,37.547677359067407],[-77.436557804672162,37.547743623844646]]]},"properties":{"OBJECTID":89,"Address":"611 N 2nd Street","ID":null,"Address_1":"611 N 2nd Street","Name":null,"Type__Business_or_Residences_":"Residential","Business_Type":"Leake Walter","Identification":"Residential","ID2level":"Residential","Notes":null,"Shape_Length":306.12904806054297,"Shape_Area":3882.1990524122775}},{"type":"Feature","id":90,"geometry":{"type":"Polygon","coordinates":[[[-77.436633477853391,37.547677359067407],[-77.436961832750995,37.547872868444237],[-77.437014567451428,37.547813836425291],[-77.436796442127402,37.54768461380236],[-77.43668311067114,37.547617472933794],[-77.436633477853391,37.547677359067407]]]},"properties":{"OBJECTID":90,"Address":"609 N 2nd Street","ID":null,"Address_1":"609 N 2nd Street","Name":null,"Type__Business_or_Residences_":"Commercial","Business_Type":"Drummond Press printers","Identification":"Commercial","ID2level":"Services","Notes":null,"Shape_Length":291.14404374813802,"Shape_Area":3129.3014350345366}},{"type":"Feature","id":91,"geometry":{"type":"Polygon","coordinates":[[[-77.436796442127402,37.54768461380236],[-77.437014567451428,37.547813836425291],[-77.437070736411187,37.547749776760433],[-77.436856474741191,37.547616134659826],[-77.436796442127402,37.54768461380236]]]},"properties":{"OBJECTID":91,"Address":"607 N 2nd Street","ID":null,"Address_1":"607 N 2nd Street","Name":null,"Type__Business_or_Residences_":"Residential","Business_Type":"Neal Nannie H Mrs","Identification":"Residential","ID2level":"Residential","Notes":null,"Shape_Length":216.58298443555526,"Shape_Area":2318.4620203860377}},{"type":"Feature","id":92,"geometry":{"type":"Polygon","coordinates":[[[-77.436896469534275,37.547573200908985],[-77.436856474741191,37.547616134659826],[-77.437070736411187,37.547749776760433],[-77.437122555728351,37.547702637392838],[-77.436896527026462,37.547573138232998],[-77.436896469534275,37.547573200908985]]]},"properties":{"OBJECTID":92,"Address":"605 N 2nd Street","ID":null,"Address_1":"605 N 2nd Street","Name":null,"Type__Business_or_Residences_":"Residential","Business_Type":"Neal Allen","Identification":"Residential","ID2level":"Residential","Notes":null,"Shape_Length":201.93892992125913,"Shape_Area":1685.3029528488996}},{"type":"Feature","id":93,"geometry":{"type":"Polygon","coordinates":[[[-77.436762252247689,37.547496360109506],[-77.436896469534275,37.547573200908985],[-77.437122555728351,37.547702637392838],[-77.437152563950406,37.547666569552966],[-77.436796854454116,37.547454694056015],[-77.436762252247689,37.547496360109506]]]},"properties":{"OBJECTID":93,"Address":"603 N 2nd Street","ID":null,"Address_1":"603 N 2nd Street","Name":null,"Type__Business_or_Residences_":"Commercial","Business_Type":"Brown's The Photogs / Richmond Barber Shop","Identification":"Commercial","ID2level":"Beauty / Services","Notes":null,"Shape_Length":291.38401390097158,"Shape_Area":2181.8190784895819}},{"type":"Feature","id":94,"geometry":{"type":"Polygon","coordinates":[[[-77.436796854454116,37.547454694056015],[-77.437152563950406,37.547666569552966],[-77.43735516728465,37.547446274805289],[-77.437012730396674,37.547232716393999],[-77.436796854454116,37.547454694056015]]]},"properties":{"OBJECTID":94,"Address":"601 N 2nd Street","ID":null,"Address_1":"601 N 2nd Street","Name":null,"Type__Business_or_Residences_":"Commercial","Business_Type":"Owens Esso Service Center","Identification":"Commercial","ID2level":"Services","Notes":null,"Shape_Length":456.53411533255257,"Shape_Area":12846.924529347194}},{"type":"Feature","id":95,"geometry":{"type":"Polygon","coordinates":[[[-77.436997123066931,37.548166577042579],[-77.436873740360966,37.548303490095698],[-77.437028939597667,37.548412320815572],[-77.437182351186948,37.548280636372155],[-77.437214071597936,37.548239597511305],[-77.437038360230034,37.548113226651012],[-77.436997123066931,37.548166577042579]]]},"properties":{"OBJECTID":95,"Address":"630 N 2nd Street","ID":null,"Address_1":"630 N 2nd Street","Name":null,"Type__Business_or_Residences_":"Commercial","Business_Type":"Fleming's Auto Service repairs","Identification":"Commercial","ID2level":"Auto Services","Notes":null,"Shape_Length":295.71240990061904,"Shape_Area":5403.1370962749234}},{"type":"Feature","id":96,"geometry":{"type":"Polygon","coordinates":[[[-77.437038360230034,37.548113226651012],[-77.437214071597936,37.548239597511305],[-77.437309779904936,37.54815119875532],[-77.43734667820523,37.548111032295111],[-77.437376355847277,37.548085807524842],[-77.437403872142724,37.548094178272201],[-77.437430259255891,37.548062256468803],[-77.437464703358827,37.54802994008034],[-77.437250173092565,37.547888676259994],[-77.43721321280853,37.547926934792656],[-77.43717612676032,37.547963839368983],[-77.437155234641764,37.547996091686052],[-77.437108972302951,37.548037825810297],[-77.437038360230034,37.548113226651012]]]},"properties":{"OBJECTID":96,"Address":"612 N 2nd Street","ID":null,"Address_1":"612 N 2nd Street","Name":null,"Type__Business_or_Residences_":"Vacant","Business_Type":"Vacant","Identification":"Vacant","ID2level":"Vacant","Notes":null,"Shape_Length":362.9533695522224,"Shape_Area":7605.5067273461291}},{"type":"Feature","id":97,"geometry":{"type":"Polygon","coordinates":[[[-77.43736598479731,37.547776225247304],[-77.43729380426592,37.547853860600789],[-77.437453905609118,37.547947859211071],[-77.437523405567717,37.547871786575577],[-77.437454741940655,37.547830104350744],[-77.437481911486401,37.547799480108146],[-77.437395159382788,37.547733114244522],[-77.43736598479731,37.547776225247304]]]},"properties":{"OBJECTID":97,"Address":"602 N 2nd Street","ID":null,"Address_1":"602 N 2nd Street","Name":null,"Type__Business_or_Residences_":"Vacant","Business_Type":null,"Identification":"Vacant","ID2level":"Vacant","Notes":null,"Shape_Length":218.48559824584709,"Shape_Area":2517.0594465003101}},{"type":"Feature","id":98,"geometry":{"type":"Polygon","coordinates":[[[-77.437441575333523,37.547692273793245],[-77.437395159382788,37.547733114244522],[-77.437481911486401,37.547799480108146],[-77.437523146852897,37.547749071657243],[-77.437647338940934,37.547623790384378],[-77.437558242234402,37.547567176891754],[-77.437441575333523,37.547692273793245]]]},"properties":{"OBJECTID":98,"Address":"600 1/2 N 2nd Street","ID":null,"Address_1":"600 1/2 N 2nd Street","Name":null,"Type__Business_or_Residences_":"Commercial","Business_Type":"Second Street Laundercenter self service","Identification":"Commercial","ID2level":"Services","Notes":null,"Shape_Length":224.73223759129701,"Shape_Area":2538.7954697564105}},{"type":"Feature","id":99,"geometry":{"type":"Polygon","coordinates":[[[-77.437735478941661,37.547390770830425],[-77.437697566443418,37.547431935510815],[-77.437795078567504,37.547498149225852],[-77.437888439576668,37.547378917204448],[-77.437848241764328,37.547355813917235],[-77.437778988842439,37.547414433206306],[-77.437735478941661,37.547390770830425]]]},"properties":{"OBJECTID":99,"Address":"119 E Leigh Street","ID":null,"Address_1":"119 E Leigh Street","Name":null,"Type__Business_or_Residences_":"Commercial","Business_Type":"Liberty Conf","Identification":"Commercial","ID2level":"Shop","Notes":"2nnd flr vacant","Shape_Length":165.85289779474701,"Shape_Area":1239.1100729381296}},{"type":"Feature","id":100,"geometry":{"type":"Polygon","coordinates":[[[-77.437735478941661,37.547390770830425],[-77.437778988842439,37.547414433206306],[-77.437848241764328,37.547355813917235],[-77.437791604782291,37.547320925361724],[-77.437735478941661,37.547390770830425]]]},"properties":{"OBJECTID":100,"Address":"540 N 2nd Street","ID":null,"Address_1":"540 N 2nd Street","Name":null,"Type__Business_or_Residences_":"Commercial","Business_Type":"Al's Shoe Shine Parlor","Identification":"Commercial","ID2level":"Services","Notes":null,"Shape_Length":95.530395379958648,"Shape_Area":533.25121457830664}},{"type":"Feature","id":101,"geometry":{"type":"Polygon","coordinates":[[[-77.437791604782291,37.547320925361724],[-77.437888439576668,37.547378917204448],[-77.437926248768662,37.54733588360488],[-77.437826711841907,37.547281041209409],[-77.437791604782291,37.547320925361724]]]},"properties":{"OBJECTID":101,"Address":"538 N 2nd Street","ID":null,"Address_1":"538 N 2nd Street","Name":null,"Type__Business_or_Residences_":"Commercial","Business_Type":"Al's Shoe Shine Parlor","Identification":"Commercial","ID2level":"Services","Notes":null,"Shape_Length":107.07750100867277,"Shape_Area":646.83552404724992}},{"type":"Feature","id":102,"geometry":{"type":"Polygon","coordinates":[[[-77.437826711841907,37.547281041209409],[-77.437926248768662,37.54733588360488],[-77.437949235758467,37.54730752761072],[-77.437853752030279,37.547247960971426],[-77.437826711841907,37.547281041209409]]]},"properties":{"OBJECTID":102,"Address":"536 N 2nd Street","ID":null,"Address_1":"536 N 2nd Street","Name":null,"Type__Business_or_Residences_":"Commercial","Business_Type":"Ned's Barber Shop","Identification":"Commercial","ID2level":"Beauty","Notes":null,"Shape_Length":96.919324714294021,"Shape_Area":467.2369900588393}},{"type":"Feature","id":103,"geometry":{"type":"Polygon","coordinates":[[[-77.437853752030279,37.547247960971426],[-77.437949235758467,37.54730752761072],[-77.43798157510868,37.54727555205325],[-77.437890711416017,37.547218142734614],[-77.437853752030279,37.547247960971426]]]},"properties":{"OBJECTID":103,"Address":"534 N 2nd Street","ID":null,"Address_1":"534 N 2nd Street","Name":null,"Type__Business_or_Residences_":"Residential","Business_Type":"Gray Alice G Mrs","Identification":"Residential","ID2level":"Residential","Notes":null,"Shape_Length":98.998018111780794,"Shape_Area":517.81301759428447}},{"type":"Feature","id":104,"geometry":{"type":"Polygon","coordinates":[[[-77.437890711416017,37.547218142734614],[-77.438282188233686,37.547460354133719],[-77.438393642210983,37.54735237669906],[-77.437994033843367,37.547099000006497],[-77.437890711416017,37.547218142734614]]]},"properties":{"OBJECTID":104,"Address":"532 N 2nd Street","ID":null,"Address_1":"532 N 2nd Street","Name":null,"Type__Business_or_Residences_":"Commercial","Business_Type":"Central Cafe","Identification":"Commercial","ID2level":"Resturant","Notes":null,"Shape_Length":395.43851530754557,"Shape_Area":7550.5817861921723}},{"type":"Feature","id":105,"geometry":{"type":"Polygon","coordinates":[[[-77.437994033843367,37.547099000006497],[-77.438393642210983,37.54735237669906],[-77.438473707255611,37.547242913395593],[-77.438082513407281,37.547005494615156],[-77.437994033843367,37.547099000006497]]]},"properties":{"OBJECTID":105,"Address":"528 N 2nd Street","ID":null,"Address_1":"528 N 2nd Street","Name":null,"Type__Business_or_Residences_":"Commercial","Business_Type":"Hippodrome Theatre","Identification":"Commercial","ID2level":"Entertainment","Notes":null,"Shape_Length":379.45282079356804,"Shape_Area":6418.9054324597819}},{"type":"Feature","id":106,"geometry":{"type":"Polygon","coordinates":[[[-77.438082513407281,37.547005494615156],[-77.438473707255611,37.547242913395593],[-77.438519189856777,37.547183402970902],[-77.438129609382671,37.546952091399646],[-77.438082513407281,37.547005494615156]]]},"properties":{"OBJECTID":106,"Address":"526 N 2nd Street","ID":null,"Address_1":"526 N 2nd Street","Name":null,"Type__Business_or_Residences_":"Commercial","Business_Type":"Capital City Social & Beneficial Club Inc","Identification":"Institutional","ID2level":"Community & Athletic Center","Notes":null,"Shape_Length":332.61800819522648,"Shape_Area":3471.7751314240854}},{"type":"Feature","id":107,"geometry":{"type":"Polygon","coordinates":[[[-77.438129609382671,37.546952091399646],[-77.438519189856777,37.547183402970902],[-77.438581381122219,37.547118772266842],[-77.438189561148107,37.546885729054942],[-77.438129609382671,37.546952091399646]]]},"properties":{"OBJECTID":107,"Address":"522 N 2nd Street","ID":null,"Address_1":"522 N 2nd Street","Name":null,"Type__Business_or_Residences_":"Both","Business_Type":"Woo John Laundry, Chon Woo Quin","Identification":"Mixed use","ID2level":"Services / Residential","Notes":null,"Shape_Length":342.08897981578912,"Shape_Area":4198.0578561079865}},{"type":"Feature","id":108,"geometry":{"type":"Polygon","coordinates":[[[-77.438189561148107,37.546885729054942],[-77.438581381122219,37.547118772266842],[-77.438635686077774,37.547057141428219],[-77.438251094846763,37.546818852417964],[-77.438189561148107,37.546885729054942]]]},"properties":{"OBJECTID":108,"Address":"520 N 2nd Street","ID":null,"Address_1":"520 N 2nd Street","Name":null,"Type__Business_or_Residences_":"Residence","Business_Type":"Carroll T Fox","Identification":"Residential","ID2level":"Residential","Notes":null,"Shape_Length":340.66572833622217,"Shape_Area":4073.9484960181371}},{"type":"Feature","id":109,"geometry":{"type":"Polygon","coordinates":[[[-77.438251094846763,37.546818852417964],[-77.438635686077774,37.547057141428219],[-77.438692140701789,37.546993315437597],[-77.4383016089118,37.546759662160433],[-77.438251094846763,37.546818852417964]]]},"properties":{"OBJECTID":109,"Address":"518 N 2nd Street","ID":null,"Address_1":"518 N 2nd Street","Name":null,"Type__Business_or_Residences_":"Residence","Business_Type":"Mrs Mary E Braxton","Identification":"Residential","ID2level":"Residential","Notes":null,"Shape_Length":337.38383392128583,"Shape_Area":3848.6825530552774}},{"type":"Feature","id":110,"geometry":{"type":"Polygon","coordinates":[[[-77.437336314341778,37.547081999035022],[-77.437263463667179,37.547168951093361],[-77.437488981227702,37.54730687378391],[-77.437565665911919,37.547231990631268],[-77.437336314341778,37.547081999035022]]]},"properties":{"OBJECTID":110,"Address":"541 N 2nd Street","ID":null,"Address_1":"541 N 2nd Street","Name":null,"Type__Business_or_Residences_":"Commercial","Business_Type":"Eggleston Hotel & Dining Room","Identification":null,"ID2level":"Hotel / Resturant","Notes":null,"Shape_Length":241.72662964519287,"Shape_Area":3078.884253533256}},{"type":"Feature","id":111,"geometry":{"type":"Polygon","coordinates":[[[-77.437336314341778,37.547081999035022],[-77.437565665911919,37.547231990631268],[-77.437622551727287,37.547172995853032],[-77.437489953204832,37.547092280812805],[-77.437378645652927,37.547024526890873],[-77.437336314341778,37.547081999035022]]]},"properties":{"OBJECTID":111,"Address":"535 N 2nd Street","ID":null,"Address_1":"535 N 2nd Street","Name":null,"Type__Business_or_Residences_":"Residential","Business_Type":"Brown Jos L","Identification":"Residential","ID2level":"Residential","Notes":null,"Shape_Length":226.39552454128983,"Shape_Area":2236.0934031624265}},{"type":"Feature","id":112,"geometry":{"type":"Polygon","coordinates":[[[-77.437489953204832,37.547092280812805],[-77.437622551727287,37.547172995853032],[-77.437680485876598,37.54711318338633],[-77.43754457526569,37.547035104252991],[-77.437489953204832,37.547092280812805]]]},"properties":{"OBJECTID":112,"Address":"533 N 2nd Street","ID":null,"Address_1":"533 N 2nd Street","Name":null,"Type__Business_or_Residences_":"Vacant","Business_Type":"Vacant","Identification":"Vacant","ID2level":"Vacant","Notes":null,"Shape_Length":150.63721188438481,"Shape_Area":1300.6732335762356}},{"type":"Feature","id":113,"geometry":{"type":"Polygon","coordinates":[[[-77.43754457526569,37.547035104252991],[-77.437680485876598,37.54711318338633],[-77.437720613620343,37.547064781541081],[-77.437468381959917,37.546917890672603],[-77.437447018225825,37.546960675944163],[-77.43754457526569,37.547035104252991]]]},"properties":{"OBJECTID":113,"Address":"531 N 2nd Street","ID":null,"Address_1":"531 N 2nd Street","Name":null,"Type__Business_or_Residences_":"Vacant","Business_Type":"Vacant","Identification":"Vacant","ID2level":"Vacant","Notes":null,"Shape_Length":216.23830253304016,"Shape_Area":1786.5366051670087}},{"type":"Feature","id":114,"geometry":{"type":"Polygon","coordinates":[[[-77.437468381959917,37.546917890672603],[-77.437720613620343,37.547064781541081],[-77.437764585255181,37.547023422930685],[-77.437427394528441,37.546815703629946],[-77.437388928667986,37.546858202642142],[-77.437468381959917,37.546917890672603]]]},"properties":{"OBJECTID":114,"Address":"529 N 2nd Street","ID":null,"Address_1":"529 N 2nd Street","Name":null,"Type__Business_or_Residences_":"Commercial","Business_Type":"Slaughter's Hotel & Dining Room","Identification":"Commercial","ID2level":"Hotel / Resturant","Notes":null,"Shape_Length":284.67017273135571,"Shape_Area":2560.1981615014324}},{"type":"Feature","id":115,"geometry":{"type":"Polygon","coordinates":[[[-77.437427394528441,37.546815703629946],[-77.437764585255181,37.547023422930685],[-77.437802470803959,37.546975100085014],[-77.437465130058584,37.546777959472657],[-77.437427394528441,37.546815703629946]]]},"properties":{"OBJECTID":115,"Address":"527 N 2nd Street","ID":null,"Address_1":"527 N 2nd Street","Name":null,"Type__Business_or_Residences_":"Commercial","Business_Type":"Slaughter's Hotel & Dining Room","Identification":"Commercial","ID2level":"Hotel / Resturant","Notes":null,"Shape_Length":283.22150159609953,"Shape_Area":2340.0456448038176}},{"type":"Feature","id":116,"geometry":{"type":"Polygon","coordinates":[[[-77.437465130058584,37.546777959472657],[-77.437802470803959,37.546975100085014],[-77.437904322689192,37.54686599448118],[-77.437567779647793,37.546665073745004],[-77.437465130058584,37.546777959472657]]]},"properties":{"OBJECTID":116,"Address":"525 N 2nd Street","ID":null,"Address_1":"525 N 2nd Street","Name":null,"Type__Business_or_Residences_":"Commercial","Business_Type":"Thomas E F Beauty Salon","Identification":"Commercial","ID2level":"Beauty","Notes":null,"Shape_Length":343.5093277597245,"Shape_Area":6096.2039561849542}},{"type":"Feature","id":117,"geometry":{"type":"Polygon","coordinates":[[[-77.437567779647793,37.546665073745004],[-77.437904322689192,37.54686599448118],[-77.437958932173643,37.546809359045994],[-77.437607628913796,37.54661315102485],[-77.437567779647793,37.546665073745004]]]},"properties":{"OBJECTID":117,"Address":"523 N 2nd Street","ID":null,"Address_1":"523 N 2nd Street","Name":"n/a","Type__Business_or_Residences_":"Vacant","Business_Type":"Vacant","Identification":"Vacant","ID2level":"Vacant","Notes":null,"Shape_Length":294.51045441162154,"Shape_Area":2960.572717530365}},{"type":"Feature","id":118,"geometry":{"type":"Polygon","coordinates":[[[-77.437607628913796,37.54661315102485],[-77.437958932173643,37.546809359045994],[-77.437999712992593,37.546757296828282],[-77.437661303252014,37.546560937675935],[-77.437607628913796,37.54661315102485]]]},"properties":{"OBJECTID":118,"Address":"521 N 2nd Street","ID":null,"Address_1":"521 N 2nd Street","Name":null,"Type__Business_or_Residences_":"Commercial","Business_Type":"B B Shoe Shine Parlor","Identification":"Commercial","ID2level":"Services","Notes":null,"Shape_Length":292.71363956446805,"Shape_Area":2876.5835880488471}},{"type":"Feature","id":119,"geometry":{"type":"Polygon","coordinates":[[[-77.437661303252014,37.546560937675935],[-77.437999712992593,37.546757296828282],[-77.43805268754322,37.546703288034834],[-77.437706794836316,37.5465001867015],[-77.437661303252014,37.546560937675935]]]},"properties":{"OBJECTID":119,"Address":"519 N 2nd Street","ID":null,"Address_1":"519 N 2nd Street","Name":null,"Type__Business_or_Residences_":"Commercial","Business_Type":"Perry's Restaurant","Identification":"Commercial","ID2level":"Resturant","Notes":null,"Shape_Length":296.70188587004975,"Shape_Area":3110.4809760316966}},{"type":"Feature","id":120,"geometry":{"type":"Polygon","coordinates":[[[-77.437706794836316,37.5465001867015],[-77.43805268754322,37.546703288034834],[-77.438105384514415,37.546646735095372],[-77.437758513542164,37.546439491944405],[-77.437706794836316,37.5465001867015]]]},"properties":{"OBJECTID":120,"Address":"517 N 2nd Street","ID":null,"Address_1":"517 N 2nd Street","Name":null,"Type__Business_or_Residences_":"Commercial","Business_Type":"Charlies Pool Room, Leake's Sandwich Bar","Identification":"Commercial","ID2level":"Community & Athletic Center / Resturant","Notes":null,"Shape_Length":302.67193289512545,"Shape_Area":3274.3148107137963}},{"type":"Feature","id":121,"geometry":{"type":"Polygon","coordinates":[[[-77.438375176441994,37.546693632970651],[-77.438342022319816,37.546723125213525],[-77.438424281948699,37.546768884889531],[-77.438443745745957,37.546745362619021],[-77.438375176441994,37.546693632970651]]]},"properties":{"OBJECTID":121,"Address":"516 N 2nd Street","ID":null,"Address_1":"516 N 2nd Street","Name":"n/a","Type__Business_or_Residences_":"Vacant","Business_Type":"n/a","Identification":"Vacant","ID2level":"Vacant","Notes":null,"Shape_Length":81.146113693846189,"Shape_Area":346.39751910788857}},{"type":"Feature","id":122,"geometry":{"type":"Polygon","coordinates":[[[-77.438375176441994,37.546693632970651],[-77.438443745745957,37.546745362619021],[-77.438477860167183,37.546708092774907],[-77.438408005374058,37.546657028328994],[-77.438375176441994,37.546693632970651]]]},"properties":{"OBJECTID":122,"Address":"514 N 2nd Street","ID":null,"Address_1":"514 N 2nd Street","Name":null,"Type__Business_or_Residences_":"Both","Business_Type":"Apollo Grill Restaurant, Rufus S Lewis","Identification":"Mixed use","ID2level":"Resturant / Residential","Notes":null,"Shape_Length":88.0477226091067,"Shape_Area":451.46949387917027}},{"type":"Feature","id":123,"geometry":{"type":"Polygon","coordinates":[[[-77.438408005374058,37.546657028328994],[-77.438477860167183,37.546708092774907],[-77.438501236127507,37.546678512921098],[-77.438428452826557,37.546624036843632],[-77.438408005374058,37.546657028328994]]]},"properties":{"OBJECTID":123,"Address":"512 N 2nd Street","ID":null,"Address_1":"512 N 2nd Street","Name":null,"Type__Business_or_Residences_":"Vacant","Business_Type":"Vacant","Identification":"Vacant","ID2level":"Vacant","Notes":null,"Shape_Length":82.574114505101463,"Shape_Area":357.59924653333627}},{"type":"Feature","id":124,"geometry":{"type":"Polygon","coordinates":[[[-77.438428452826557,37.546624036843632],[-77.438501236127507,37.546678512921098],[-77.438535722451249,37.546644970174597],[-77.438466297052841,37.546593570222015],[-77.438428452826557,37.546624036843632]]]},"properties":{"OBJECTID":124,"Address":"510 N 2nd Street","ID":null,"Address_1":"510 N 2nd Street","Name":null,"Type__Business_or_Residences_":"Vacant","Business_Type":"Vacant","Identification":"Vacant","ID2level":"Vacant","Notes":null,"Shape_Length":87.830569250373927,"Shape_Area":442.32302048062576}},{"type":"Feature","id":125,"geometry":{"type":"Polygon","coordinates":[[[-77.438466297052841,37.546593570222015],[-77.438535722451249,37.546644970174597],[-77.438566754752756,37.546615119645942],[-77.438488785477659,37.54656669041232],[-77.438466297052841,37.546593570222015]]]},"properties":{"OBJECTID":125,"Address":"508 N 2nd Street","ID":null,"Address_1":"508 N 2nd Street","Name":null,"Type__Business_or_Residences_":"Commercial","Business_Type":"Bailey's Record Shop","Identification":"Commercial","ID2level":"Shop","Notes":null,"Shape_Length":82.022867334107318,"Shape_Area":361.67539688386341}},{"type":"Feature","id":126,"geometry":{"type":"Polygon","coordinates":[[[-77.438488785477659,37.54656669041232],[-77.438566754752756,37.546615119645942],[-77.438600561051842,37.546580787712777],[-77.438521579375418,37.54652877447981],[-77.438488785477659,37.54656669041232]]]},"properties":{"OBJECTID":126,"Address":"506 N 2nd Street","ID":null,"Address_1":"506 N 2nd Street","Name":null,"Type__Business_or_Residences_":"Commercial","Business_Type":"Cora's Beauty Shop","Identification":"Commercial","ID2level":"Beauty","Notes":null,"Shape_Length":91.032023687243111,"Shape_Area":475.7938318394115}},{"type":"Feature","id":127,"geometry":{"type":"Polygon","coordinates":[[[-77.438521579375418,37.54652877447981],[-77.438600561051842,37.546580787712777],[-77.438637035347313,37.546538270024257],[-77.438552693423603,37.546489382772002],[-77.438521579375418,37.54652877447981]]]},"properties":{"OBJECTID":127,"Address":"504 N 2nd Street","ID":null,"Address_1":"504 N 2nd Street","Name":null,"Type__Business_or_Residences_":"Commercial","Business_Type":"Big Wheel the variety store","Identification":"Commercial","ID2level":"Shop","Notes":null,"Shape_Length":95.651828945965036,"Shape_Area":533.01787608320137}},{"type":"Feature","id":128,"geometry":{"type":"Polygon","coordinates":[[[-77.438552693423603,37.546489382772002],[-77.438637035347313,37.546538270024257],[-77.438669062982157,37.546505678763701],[-77.438587357613812,37.546450784476292],[-77.438552693423603,37.546489382772002]]]},"properties":{"OBJECTID":128,"Address":"502 N 2nd Street","ID":null,"Address_1":"502 N 2nd Street","Name":null,"Type__Business_or_Residences_":"Commercial","Business_Type":"Boston Factory Shoe Repair","Identification":"Commercial","ID2level":"Services","Notes":null,"Shape_Length":93.584269740869232,"Shape_Area":494.61836439595521}},{"type":"Feature","id":129,"geometry":{"type":"Polygon","coordinates":[[[-77.438587357613812,37.546450784476292],[-77.438669062982157,37.546505678763701],[-77.438715050436485,37.546470546225038],[-77.43862486227691,37.546414221737457],[-77.438587357613812,37.546450784476292]]]},"properties":{"OBJECTID":129,"Address":"500 N 2nd Street","ID":null,"Address_1":"500 N 2nd Street","Name":null,"Type__Business_or_Residences_":"Commercial","Business_Type":"Spence's Grill","Identification":"Commercial","ID2level":"Resturant","Notes":null,"Shape_Length":99.889984314481978,"Shape_Area":570.2936864715258}},{"type":"Feature","id":130,"geometry":{"type":"Polygon","coordinates":[[[-77.437976910157417,37.546430274872442],[-77.437935056750021,37.546477504074375],[-77.438141865996414,37.546603655489946],[-77.438181607464571,37.546564871359642],[-77.437976910157417,37.546430274872442]]]},"properties":{"OBJECTID":130,"Address":"515 N 2nd Street","ID":null,"Address_1":"515 N 2nd Street","Name":null,"Type__Business_or_Residences_":"Both","Business_Type":"Scotty's Barber Shop , Mrs Vandella B Taylor","Identification":"Mixed use","ID2level":"Beauty / Residential","Notes":null,"Shape_Length":191.76753892210411,"Shape_Area":1495.5832928326581}},{"type":"Feature","id":131,"geometry":{"type":"Polygon","coordinates":[[[-77.437976910157417,37.546430274872442],[-77.438181607464571,37.546564871359642],[-77.438223373735397,37.546523988246349],[-77.438011928283828,37.546396736999881],[-77.437976910157417,37.546430274872442]]]},"properties":{"OBJECTID":131,"Address":"513 N 2nd Street","ID":null,"Address_1":"513 N 2nd Street","Name":"n/a","Type__Business_or_Residences_":"Vacant","Business_Type":"Vacant","Identification":"Vacant","ID2level":"Vacant","Notes":null,"Shape_Length":188.87630954512406,"Shape_Area":1347.9021376206238}},{"type":"Feature","id":132,"geometry":{"type":"Polygon","coordinates":[[[-77.438011928283828,37.546396736999881],[-77.438223373735397,37.546523988246349],[-77.438252338115106,37.54649568464891],[-77.438045632174976,37.546362129329772],[-77.438011928283828,37.546396736999881]]]},"properties":{"OBJECTID":132,"Address":"511 N 2nd Street","ID":null,"Address_1":"511 N 2nd Street","Name":null,"Type__Business_or_Residences_":"Commercial","Business_Type":"Alston's Barber Shop","Identification":"Commercial","ID2level":"Beauty","Notes":null,"Shape_Length":183.25711246621859,"Shape_Area":1125.5802611180595}},{"type":"Feature","id":133,"geometry":{"type":"Polygon","coordinates":[[[-77.438045632174976,37.546362129329772],[-77.438252338115106,37.54649568464891],[-77.438428895696006,37.546303346110385],[-77.438222294858733,37.546169592443768],[-77.438045632174976,37.546362129329772]]]},"properties":{"OBJECTID":133,"Address":"200 E Clay Street","ID":null,"Address_1":"200 E Clay Street","Name":null,"Type__Business_or_Residences_":"Commercial","Business_Type":"Hotel Harris Dining Room","Identification":"Commercial","ID2level":"Resturant","Notes":null,"Shape_Length":327.9401024376765,"Shape_Area":6689.7655824174635}},{"type":"Feature","id":134,"geometry":{"type":"Polygon","coordinates":[[[-77.438802092695937,37.546234024543629],[-77.438770382166425,37.54626865079144],[-77.43883828042884,37.546305754903536],[-77.438865864996288,37.546281141336074],[-77.438802092695937,37.546234024543629]]]},"properties":{"OBJECTID":134,"Address":"424 N 2nd Street","ID":null,"Address_1":"424 N 2nd Street","Name":null,"Type__Business_or_Residences_":"Commercial","Business_Type":"High's Ice Cream Co. ","Identification":"Commercial","ID2level":"Resturant","Notes":null,"Shape_Length":76.712371525324613,"Shape_Area":337.64263788772064}},{"type":"Feature","id":135,"geometry":{"type":"Polygon","coordinates":[[[-77.438865864996288,37.546281141336074],[-77.438927838869418,37.546314490517197],[-77.438964049958528,37.54629048306834],[-77.438829735653869,37.546205180958019],[-77.438802092695937,37.546234024543629],[-77.438865864996288,37.546281141336074]]]},"properties":{"OBJECTID":135,"Address":"422 N 2nd Street","ID":null,"Address_1":"422 N 2nd Street","Name":null,"Type__Business_or_Residences_":"Commercial","Business_Type":"Trent-Rick's Beauty Lounge","Identification":"Commercial","ID2level":"Beauty","Notes":null,"Shape_Length":123.5892799546305,"Shape_Area":683.93325672209301}},{"type":"Feature","id":136,"geometry":{"type":"Polygon","coordinates":[[[-77.438829735653869,37.546205180958019],[-77.438964049958528,37.54629048306834],[-77.438990544869498,37.546248934572553],[-77.438858193383766,37.546165765575296],[-77.438829735653869,37.546205180958019]]]},"properties":{"OBJECTID":136,"Address":"420 N 2nd Street","ID":null,"Address_1":"420 N 2nd Street","Name":null,"Type__Business_or_Residences_":"Business ","Business_Type":"Walter & Wiley's Barber Shop","Identification":"Commercial","ID2level":"Beauty","Notes":null,"Shape_Length":132.21175380256372,"Shape_Area":814.10447719088575}},{"type":"Feature","id":137,"geometry":{"type":"Polygon","coordinates":[[[-77.438858193383766,37.546165765575296],[-77.438990544869498,37.546248934572553],[-77.439020225206505,37.546216935057039],[-77.438879776306763,37.546142685416001],[-77.438858193383766,37.546165765575296]]]},"properties":{"OBJECTID":137,"Address":"418 N 2nd Street","ID":null,"Address_1":"418 N 2nd Street","Name":null,"Type__Business_or_Residences_":"Business ","Business_Type":"Johnsons Florist","Identification":"Commercial","ID2level":"Shop","Notes":null,"Shape_Length":122.7193763297614,"Shape_Area":609.50660175941778}},{"type":"Feature","id":138,"geometry":{"type":"Polygon","coordinates":[[[-77.438879776306763,37.546142685416001],[-77.439020225206505,37.546216935057039],[-77.439045287304594,37.546182778863873],[-77.438917511836905,37.546104939493496],[-77.438879776306763,37.546142685416001]]]},"properties":{"OBJECTID":138,"Address":"416 N 2nd Street","ID":null,"Address_1":"416 N 2nd Street","Name":null,"Type__Business_or_Residences_":"Both","Business_Type":"Photographer, Rowland B Green","Identification":"Mixed use","ID2level":"Services / Residential","Notes":null,"Shape_Length":127.48918783591668,"Shape_Area":761.01499415530566}},{"type":"Feature","id":139,"geometry":{"type":"Polygon","coordinates":[[[-77.438917511836905,37.546104939493496],[-77.439045287304594,37.546182778863873],[-77.439082991393718,37.546147149028904],[-77.438957917160067,37.546066160089381],[-77.438917511836905,37.546104939493496]]]},"properties":{"OBJECTID":139,"Address":"414 N 2nd Street","ID":null,"Address_1":"414 N 2nd Street","Name":null,"Type__Business_or_Residences_":"Business ","Business_Type":"C H Fields Tailoring & Outlet Store","Identification":"Commercial","ID2level":"Services","Notes":null,"Shape_Length":128.69245728870962,"Shape_Area":823.92584657164196}},{"type":"Feature","id":140,"geometry":{"type":"Polygon","coordinates":[[[-77.438716388926252,37.545904787353003],[-77.438524974108887,37.54611494719321],[-77.438578079813539,37.54615003502839],[-77.438779653678466,37.54594132398875],[-77.438716388926252,37.545904787353003]]]},"properties":{"OBJECTID":140,"Address":"113 E Clay Street","ID":null,"Address_1":"113 E Clay Street","Name":null,"Type__Business_or_Residences_":"Both","Business_Type":"Holland's Beauty Shop, Upholstry, Holland Walter G, Chalmers Roger W","Identification":"Mixed use","ID2level":"Beauty / Services / Residential","Notes":null,"Shape_Length":233.05756564520345,"Shape_Area":2029.2120694679293}},{"type":"Feature","id":141,"geometry":{"type":"Polygon","coordinates":[[[-77.438629320615661,37.545802120293565],[-77.438598457197443,37.545836030937096],[-77.438716388926252,37.545904787353003],[-77.438779653678466,37.54594132398875],[-77.438810714726031,37.545905634210001],[-77.438629496685465,37.545801927275392],[-77.438629320615661,37.545802120293565]]]},"properties":{"OBJECTID":141,"Address":"411 N 2nd Street","ID":null,"Address_1":"411 N 2nd Street","Name":null,"Type__Business_or_Residences_":"Organization","Business_Type":"Midtown Civic Club","Identification":"Institutional","ID2level":"Community & Athletic Center","Notes":null,"Shape_Length":160.88083837254501,"Shape_Area":1012.21849657359}},{"type":"Feature","id":142,"geometry":{"type":"Polygon","coordinates":[[[-77.438439703327177,37.545693912538439],[-77.438629320615661,37.545802120293565],[-77.438810714726031,37.545905634210001],[-77.439232248274791,37.545436889199394],[-77.438871805555266,37.545222170474851],[-77.438439703327177,37.545693912538439]]]},"properties":{"OBJECTID":142,"Address":"200 E Marshall Street","ID":null,"Address_1":"200 E Marshall Street","Name":null,"Type__Business_or_Residences_":"Commercial","Business_Type":"Neal's Auto Service Repairs","Identification":"Commercial","ID2level":"Auto Services","Notes":null,"Shape_Length":685.36172005093249,"Shape_Area":27761.833110171709}},{"type":"Feature","id":143,"geometry":{"type":"Polygon","coordinates":[[[-77.438979642915228,37.546038850607715],[-77.439328590792385,37.546246108405086],[-77.439425472299163,37.546147800016975],[-77.439079707153027,37.545935611801951],[-77.438979642915228,37.546038850607715]]]},"properties":{"OBJECTID":143,"Address":"412 N 2nd Street","ID":null,"Address_1":"412 N 2nd Street","Name":null,"Type__Business_or_Residences_":"No data available","Business_Type":null,"Identification":"No data available","ID2level":"No data available","Notes":null,"Shape_Length":345.75675638950946,"Shape_Area":5875.2312508193772}},{"type":"Feature","id":144,"geometry":{"type":"Polygon","coordinates":[[[-77.439079707153027,37.545935611801951],[-77.439425472299163,37.546147800016975],[-77.439541032475617,37.545980804304243],[-77.439453965063322,37.545931073390896],[-77.439207997355382,37.545790580514641],[-77.439079707153027,37.545935611801951]]]},"properties":{"OBJECTID":144,"Address":"406 N 2nd Street","ID":null,"Address_1":"406 N 2nd Street","Name":null,"Type__Business_or_Residences_":"No data available","Business_Type":"No data available","Identification":"No data available","ID2level":"No data available","Notes":null,"Shape_Length":379.40412567756078,"Shape_Area":8179.3276758358952}},{"type":"Feature","id":145,"geometry":{"type":"Polygon","coordinates":[[[-77.439207997355382,37.545790580514641],[-77.439453965063322,37.545931073390896],[-77.439487806396713,37.545893709123561],[-77.439249495928252,37.545745823790725],[-77.439207997355382,37.545790580514641]]]},"properties":{"OBJECTID":145,"Address":"404 1/2 N 2nd Street","ID":null,"Address_1":"404 1/2 N 2nd Street","Name":null,"Type__Business_or_Residences_":"Organization","Business_Type":"NAACP Va Hq","Identification":"Institutional","ID2level":"Community & Athletic Center","Notes":null,"Shape_Length":212.38677266980841,"Shape_Area":1622.9232416993241}},{"type":"Feature","id":146,"geometry":{"type":"Polygon","coordinates":[[[-77.439249495928252,37.545745823790725],[-77.439487806396713,37.545893709123561],[-77.439529338207251,37.545848724543568],[-77.439422278788328,37.545785957337699],[-77.439287415613023,37.545706888930425],[-77.439249495928252,37.545745823790725]]]},"properties":{"OBJECTID":146,"Address":"404 N 2nd Street","ID":null,"Address_1":"404 N 2nd Street","Name":null,"Type__Business_or_Residences_":"Business ","Business_Type":"Hong Kong Restaurant","Identification":"Commercial","ID2level":"Resturant","Notes":null,"Shape_Length":212.96437358597581,"Shape_Area":1671.0537055684147}},{"type":"Feature","id":147,"geometry":{"type":"Polygon","coordinates":[[[-77.439287415613023,37.545706888930425],[-77.439422278788328,37.545785957337699],[-77.439456000645777,37.545749720480735],[-77.439322177719575,37.545670835794297],[-77.439287415613023,37.545706888930425]]]},"properties":{"OBJECTID":147,"Address":"402 1/2 N 2nd Street","ID":null,"Address_1":"402 1/2 N 2nd Street","Name":null,"Type__Business_or_Residences_":"Both","Business_Type":"Dentist, Jesse M Tinsley","Identification":"Mixed use","ID2level":"Medical / Residential","Notes":null,"Shape_Length":129.7997400780684,"Shape_Area":798.07010257721663}},{"type":"Feature","id":148,"geometry":{"type":"Polygon","coordinates":[[[-77.439322177719575,37.545670835794297],[-77.439456000645777,37.545749720480735],[-77.439493876313094,37.545713694430653],[-77.439351785293027,37.545632257017701],[-77.439322177719575,37.545670835794297]]]},"properties":{"OBJECTID":148,"Address":"402 N 2nd Street","ID":null,"Address_1":"402 N 2nd Street","Name":null,"Type__Business_or_Residences_":"Both","Business_Type":"Jeweler, Clarence O Dean","Identification":"Mixed use","ID2level":"Shop / Residential","Notes":null,"Shape_Length":132.59920026914605,"Shape_Area":828.76722286244376}},{"type":"Feature","id":149,"geometry":{"type":"Polygon","coordinates":[[[-77.439493876313094,37.545713694430653],[-77.439596807973288,37.545774946753788],[-77.439677841401803,37.545696332034929],[-77.439430695104207,37.54555692845328],[-77.439351785293027,37.545632257017701],[-77.439493876313094,37.545713694430653]]]},"properties":{"OBJECTID":149,"Address":"400 N 2nd Street","ID":null,"Address_1":"400 N 2nd Street","Name":null,"Type__Business_or_Residences_":"Business ","Business_Type":"Al's Cigarette Service vending machines","Identification":"Commercial","ID2level":"Shop","Notes":null,"Shape_Length":248.56902633354994,"Shape_Area":3173.3089933699421}},{"type":"Feature","id":150,"geometry":{"type":"Polygon","coordinates":[[[-77.439663426136448,37.545320163845261],[-77.439565636432931,37.545409372935332],[-77.439881582901521,37.54560145737193],[-77.440048008384309,37.545429389944715],[-77.439936037875711,37.545346569034834],[-77.439905975754741,37.54537269216469],[-77.439845665561506,37.545425100789544],[-77.439663426136448,37.545320163845261]]]},"properties":{"OBJECTID":150,"Address":"318 N 2nd Street","ID":null,"Address_1":"318 N 2nd Street","Name":null,"Type__Business_or_Residences_":"Commercial","Business_Type":"Sun Ray One Hour Clns Inc","Identification":"Commercial","ID2level":"Services","Notes":null,"Shape_Length":385.73504125732961,"Shape_Area":6711.0924084643302}},{"type":"Feature","id":151,"geometry":{"type":"Polygon","coordinates":[[[-77.439663426136448,37.545320163845261],[-77.439845665561506,37.545425100789544],[-77.439905975754741,37.54537269216469],[-77.439712145367565,37.545251177545858],[-77.439663426136448,37.545320163845261]]]},"properties":{"OBJECTID":151,"Address":"316 N 2nd Street","ID":null,"Address_1":"316 N 2nd Street","Name":null,"Type__Business_or_Residences_":"Commercial","Business_Type":"Sun Ray One Hour Clns Inc","Identification":"Commercial","ID2level":"Services","Notes":null,"Shape_Length":191.42575667074277,"Shape_Area":1856.4085404061032}},{"type":"Feature","id":152,"geometry":{"type":"Polygon","coordinates":[[[-77.439712145367565,37.545251177545858],[-77.439905975754741,37.54537269216469],[-77.439936037875711,37.545346569034834],[-77.439973132008745,37.545292354091586],[-77.439779487572849,37.545186489611048],[-77.439712145367565,37.545251177545858]]]},"properties":{"OBJECTID":152,"Address":"314 N 2nd Street","ID":null,"Address_1":"314 N 2nd Street","Name":null,"Type__Business_or_Residences_":"Commercial","Business_Type":"Gragnani Otto & Co Restaurant","Identification":"Commercial","ID2level":"Resturant","Notes":null,"Shape_Length":205.5979159350774,"Shape_Area":2324.9826338730982}},{"type":"Feature","id":153,"geometry":{"type":"Polygon","coordinates":[[[-77.439779487572849,37.545186489611048],[-77.439973132008745,37.545292354091586],[-77.440027421692946,37.545240605628649],[-77.439839429456796,37.545126658456439],[-77.439779487572849,37.545186489611048]]]},"properties":{"OBJECTID":153,"Address":"312 N 2nd Street","ID":null,"Address_1":"312 N 2nd Street","Name":null,"Type__Business_or_Residences_":"Commercial","Business_Type":"Mann Furniture Co. ","Identification":"Commercial","ID2level":"Shop","Notes":null,"Shape_Length":189.01764044689912,"Shape_Area":1786.4720319391208}},{"type":"Feature","id":154,"geometry":{"type":"Polygon","coordinates":[[[-77.439839429456796,37.545126658456439],[-77.440027421692946,37.545240605628649],[-77.440114146847094,37.545155597188597],[-77.440108408409074,37.545152052319111],[-77.439918637508669,37.545034838626812],[-77.439839429456796,37.545126658456439]]]},"properties":{"OBJECTID":154,"Address":"310 N 2nd Street","ID":null,"Address_1":"310 N 2nd Street","Name":null,"Type__Business_or_Residences_":"Commercial","Business_Type":"Standard Drug Co. ","Identification":"Commercial","ID2level":"Medical","Notes":null,"Shape_Length":220.67282315812605,"Shape_Area":2817.4902338667916}},{"type":"Feature","id":155,"geometry":{"type":"Polygon","coordinates":[[[-77.439918637508669,37.545034838626812],[-77.440108408409074,37.545152052319111],[-77.440175538611925,37.545080012444394],[-77.440101539890406,37.545037857148074],[-77.439983111393232,37.544970389820961],[-77.439918637508669,37.545034838626812]]]},"properties":{"OBJECTID":155,"Address":"306 N 2nd Street","ID":null,"Address_1":"306 N 2nd Street","Name":null,"Type__Business_or_Residences_":"Commercial","Business_Type":"Mann Furniture Co.","Identification":"Commercial","ID2level":"Shop","Notes":null,"Shape_Length":200.89223761881414,"Shape_Area":2164.533535946407}},{"type":"Feature","id":156,"geometry":{"type":"Polygon","coordinates":[[[-77.439983111393232,37.544970389820961],[-77.440101539890406,37.545037857148074],[-77.440155044447039,37.544978802228748],[-77.440089268005323,37.544942057143558],[-77.440023223865609,37.544905160330494],[-77.439983111393232,37.544970389820961]]]},"properties":{"OBJECTID":156,"Address":"304 N 2nd Street","ID":null,"Address_1":"304 N 2nd Street","Name":null,"Type__Business_or_Residences_":"Vacant","Business_Type":"Vacant","Identification":"Vacant","ID2level":"Vacant","Notes":null,"Shape_Length":141.86331318128276,"Shape_Area":1169.4466647318122}},{"type":"Feature","id":157,"geometry":{"type":"Polygon","coordinates":[[[-77.440023223865609,37.544905160330494],[-77.440089268005323,37.544942057143558],[-77.440120894991509,37.544897802048354],[-77.440067453316956,37.544860133843336],[-77.440023223865609,37.544905160330494]]]},"properties":{"OBJECTID":157,"Address":"302 N 2nd Street","ID":null,"Address_1":"302 N 2nd Street","Name":null,"Type__Business_or_Residences_":"Commercial","Business_Type":"Rabow Mens Shop","Identification":"Commercial","ID2level":"Shop","Notes":null,"Shape_Length":83.436953810875139,"Shape_Area":430.81086192480768}},{"type":"Feature","id":158,"geometry":{"type":"Polygon","coordinates":[[[-77.440067453316956,37.544860133843336],[-77.440120894991509,37.544897802048354],[-77.440230321471219,37.544792993279785],[-77.440158092430806,37.54476259499851],[-77.440067453316956,37.544860133843336]]]},"properties":{"OBJECTID":158,"Address":"124 E Broad Street","ID":null,"Address_1":"124 E Broad Street","Name":null,"Type__Business_or_Residences_":"Commercial","Business_Type":"Rabow Men's Shop Inc ","Identification":"Commercial","ID2level":"Shop","Notes":null,"Shape_Length":138.18531798334467,"Shape_Area":1030.4893566969665}},{"type":"Feature","id":159,"geometry":{"type":"Polygon","coordinates":[[[-77.439266324068456,37.54515968408024],[-77.43921624748296,37.545209694710081],[-77.439358888271968,37.54528481137519],[-77.439409935936297,37.545245069295561],[-77.439266324068456,37.54515968408024]]]},"properties":{"OBJECTID":159,"Address":"325 N 2nd Street","ID":null,"Address_1":"325 N 2nd Street","Name":null,"Type__Business_or_Residences_":"Residence","Business_Type":"Ashbury B Smith","Identification":"Residential","ID2level":"Residential","Notes":null,"Shape_Length":145.53122139693482,"Shape_Area":1106.381777485336}},{"type":"Feature","id":160,"geometry":{"type":"Polygon","coordinates":[[[-77.439266324068456,37.54515968408024],[-77.439409935936297,37.545245069295561],[-77.439470654863001,37.54517896682696],[-77.439327118453647,37.545088293073441],[-77.439266324068456,37.54515968408024]]]},"properties":{"OBJECTID":160,"Address":"323 N 2nd Street","ID":null,"Address_1":"323 N 2nd Street","Name":null,"Type__Business_or_Residences_":"Commercial","Business_Type":"Cole & Hite San Deluxe Barber Shop","Identification":"Commercial","ID2level":"Beauty","Notes":null,"Shape_Length":166.3093933714535,"Shape_Area":1606.5450277616242}},{"type":"Feature","id":161,"geometry":{"type":"Polygon","coordinates":[[[-77.439327118453647,37.545088293073441],[-77.439470654863001,37.54517896682696],[-77.439520567955128,37.545125461875557],[-77.43937774031653,37.545031621387267],[-77.439327118453647,37.545088293073441]]]},"properties":{"OBJECTID":161,"Address":"321 N 2nd Street","ID":null,"Address_1":"321 N 2nd Street","Name":null,"Type__Business_or_Residences_":"Commercial","Business_Type":"Mrs Ward's Shoe Service","Identification":"Commercial","ID2level":"Services","Notes":null,"Shape_Length":156.39656526131085,"Shape_Area":1322.2135536391438}},{"type":"Feature","id":162,"geometry":{"type":"Polygon","coordinates":[[[-77.43937774031653,37.545031621387267],[-77.439520567955128,37.545125461875557],[-77.439568510143516,37.545070352896452],[-77.439423645125856,37.544979666902549],[-77.43937774031653,37.545031621387267]]]},"properties":{"OBJECTID":162,"Address":"319 N 2nd Street","ID":null,"Address_1":"319 N 2nd Street","Name":null,"Type__Business_or_Residences_":"Commercial","Business_Type":"Raines & Childress Jewelry","Identification":"Commercial","ID2level":"Shop","Notes":null,"Shape_Length":154.65091710738497,"Shape_Area":1269.9008535856078}},{"type":"Feature","id":163,"geometry":{"type":"Polygon","coordinates":[[[-77.439423645125856,37.544979666902549],[-77.439568510143516,37.545070352896452],[-77.439595481161618,37.545042032365352],[-77.439411726278678,37.544929841304018],[-77.439378754514493,37.544959695356525],[-77.439423645125856,37.544979666902549]]]},"properties":{"OBJECTID":163,"Address":"317 N 2nd Street","ID":null,"Address_1":"317 N 2nd Street","Name":"n/a","Type__Business_or_Residences_":"Vacant","Business_Type":"Vacant","Identification":"Vacant","ID2level":"Vacant","Notes":null,"Shape_Length":162.88426145765777,"Shape_Area":863.82152093720731}},{"type":"Feature","id":164,"geometry":{"type":"Polygon","coordinates":[[[-77.439411726278678,37.544929841304018],[-77.439596437867394,37.545042494616474],[-77.439638624549772,37.544997458240722],[-77.439377368414,37.544840445742047],[-77.439330767410311,37.544884225798697],[-77.439411726278678,37.544929841304018]]]},"properties":{"OBJECTID":164,"Address":"315 N 2nd Street","ID":null,"Address_1":"315 N 2nd Street","Name":null,"Type__Business_or_Residences_":"Commercial","Business_Type":"Rosalyn's Beauty Salon","Identification":"Commercial","ID2level":"Beauty","Notes":null,"Shape_Length":232.46124537975086,"Shape_Area":1937.2066294631747}},{"type":"Feature","id":165,"geometry":{"type":"Polygon","coordinates":[[[-77.439377368414,37.544840445742047],[-77.439638624549772,37.544997458240722],[-77.439673753168947,37.54495598665978],[-77.439421420897204,37.5448077440522],[-77.439377368414,37.544840445742047]]]},"properties":{"OBJECTID":165,"Address":"313 N 2nd Street","ID":null,"Address_1":"313 N 2nd Street","Name":null,"Type__Business_or_Residences_":null,"Business_Type":null,"Identification":null,"ID2level":null,"Notes":null,"Shape_Length":221.48706914230212,"Shape_Area":1643.2350681048054}},{"type":"Feature","id":166,"geometry":{"type":"Polygon","coordinates":[[[-77.439421420897204,37.5448077440522],[-77.439673753168947,37.54495598665978],[-77.43970751904385,37.544922584876439],[-77.439567842695268,37.544840150869206],[-77.439466563036873,37.544780378553675],[-77.439421420897204,37.5448077440522]]]},"properties":{"OBJECTID":166,"Address":"311 N 2nd Street","ID":null,"Address_1":"311 N 2nd Street","Name":null,"Type__Business_or_Residences_":"Commercial","Business_Type":"Bud's Shoes","Identification":"Commercial","ID2level":"Shop","Notes":null,"Shape_Length":209.93128696499747,"Shape_Area":1395.9542318043466}},{"type":"Feature","id":167,"geometry":{"type":"Polygon","coordinates":[[[-77.439567842695268,37.544840150869206],[-77.43970751904385,37.544922584876439],[-77.439741133103482,37.544888621110694],[-77.439615742662866,37.544800721944164],[-77.439567842695268,37.544840150869206]]]},"properties":{"OBJECTID":167,"Address":"309 N 2nd Street","ID":null,"Address_1":"309 N 2nd Street","Name":null,"Type__Business_or_Residences_":"Commercial","Business_Type":"Optometrist, Harold L Friedenberg","Identification":"Mixed use","ID2level":"Medical / Residential","Notes":null,"Shape_Length":134.56006035711567,"Shape_Area":879.84164029553392}},{"type":"Feature","id":168,"geometry":{"type":"Polygon","coordinates":[[[-77.439615742662866,37.544800721944164],[-77.439741133103482,37.544888621110694],[-77.439783310802696,37.544841890191577],[-77.439653651567838,37.544762216791618],[-77.439615742662866,37.544800721944164]]]},"properties":{"OBJECTID":168,"Address":"307 N 2nd Street","ID":null,"Address_1":"307 N 2nd Street","Name":null,"Type__Business_or_Residences_":"Commercial","Business_Type":"Star Cafe Restuarant","Identification":"Commercial","ID2level":"Resturant","Notes":null,"Shape_Length":134.68614386202054,"Shape_Area":927.90411579245881}},{"type":"Feature","id":169,"geometry":{"type":"Polygon","coordinates":[[[-77.439653651567838,37.544762216791618],[-77.439783310802696,37.544841890191577],[-77.43983274060119,37.544796050984829],[-77.439761649726236,37.544747792222587],[-77.439703199045638,37.544708113959601],[-77.439653651567838,37.544762216791618]]]},"properties":{"OBJECTID":169,"Address":"303 N 2nd Street","ID":null,"Address_1":"303 N 2nd Street","Name":null,"Type__Business_or_Residences_":"Both","Business_Type":"Watch Repair, T R Hayes","Identification":"Mixed use","ID2level":"Services / Residential","Notes":null,"Shape_Length":143.21637434228822,"Shape_Area":1121.485178910634}},{"type":"Feature","id":170,"geometry":{"type":"Polygon","coordinates":[[[-77.439761649726236,37.544747792222587],[-77.43983274060119,37.544796050984829],[-77.439967737625452,37.544644362881286],[-77.439898833249913,37.544599118286442],[-77.439761649726236,37.544747792222587]]]},"properties":{"OBJECTID":170,"Address":"200 E Broad Street","ID":null,"Address_1":"200 E Broad Street","Name":null,"Type__Business_or_Residences_":"Commercial","Business_Type":"Planters Peanuts","Identification":"Commercial","ID2level":"Shop","Notes":null,"Shape_Length":187.84580004931652,"Shape_Area":1781.3848191813079}},{"type":"Feature","id":171,"geometry":{"type":"Polygon","coordinates":[[[-77.435358549276287,37.549234061157627],[-77.435584577079879,37.549369458091633],[-77.435640287898849,37.549309991385087],[-77.435414778423194,37.549190543612887],[-77.435358549276287,37.549234061157627]]]},"properties":{"OBJECTID":171,"Address":"745 N 2nd Street","ID":null,"Address_1":"745 N 2nd Street","Name":null,"Type__Business_or_Residences_":"Residence","Business_Type":"Texas B Adams","Identification":"Residential","ID2level":"Residential","Notes":null,"Shape_Length":210.26877009685904,"Shape_Area":1979.9709080527791}},{"type":"Feature","id":172,"geometry":{"type":"Polygon","coordinates":[[[-77.436669408668124,37.548529359689269],[-77.436890301701553,37.548650103331248],[-77.436951967452529,37.548585283024622],[-77.43672797163812,37.548463513682833],[-77.436669408668124,37.548529359689269]]]},"properties":{"OBJECTID":172,"Address":"702 N 2nd Street","ID":null,"Address_1":"702 N 2nd Street","Name":null,"Type__Business_or_Residences_":"Commercial","Business_Type":"Richmond Beneficial Ins Co","Identification":"Commercial","ID2level":"Economic & Legal Services","Notes":null,"Shape_Length":215.29467007678994,"Shape_Area":2303.5382497265891}}]}