{"type":"FeatureCollection","features":[{"type":"Feature","id":1,"geometry":{"type":"Polygon","coordinates":[[[-77.439937669216278,37.544646696941264],[-77.439872695868402,37.544606171752712],[-77.439723032948805,37.544764570790974],[-77.439788113196187,37.544803406427945],[-77.439937669216278,37.544646696941264]]]},"properties":{"OBJECTID":1,"Address":"200 E Broad Street","Name":null,"Use":null,"Notes":null,"ID":null,"Address_1":"200 E Broad Street","Name_1":null,"Business_Type":"Citizens Building","Identification":"Institutional","ID2level":"Unknown ","Notes_1":null,"Shape_Length":73.64817181503895,"Shape_Area":252.90837574799878}},{"type":"Feature","id":2,"geometry":{"type":"Polygon","coordinates":[[[-77.439652850270605,37.544947421827423],[-77.439693645462611,37.54490312969827],[-77.43958188246485,37.544835204982583],[-77.439539578103165,37.544880542027045],[-77.439652850270605,37.544947421827423]]]},"properties":{"OBJECTID":2,"Address":"309 N 2nd Street","Name":null,"Use":null,"Notes":null,"ID":null,"Address_1":"309 N 2nd Street","Name_1":null,"Business_Type":"Richmond Credit House","Identification":"Commercial","ID2level":"Economic & Legal Services ","Notes_1":null,"Shape_Length":47.015768503201734,"Shape_Area":122.57956074536318}},{"type":"Feature","id":3,"geometry":{"type":"Polygon","coordinates":[[[-77.439693645462611,37.54490312969827],[-77.439736557085396,37.544858465034409],[-77.439625130955889,37.544791421335866],[-77.43958188246485,37.544835204982583],[-77.439693645462611,37.54490312969827]]]},"properties":{"OBJECTID":3,"Address":"307 N 2nd Street","Name":null,"Use":null,"Notes":null,"ID":null,"Address_1":"307 N 2nd Street","Name_1":null,"Business_Type":"People's Cafe, Spott O.E., Titus C.E.","Identification":"Mixed Use","ID2level":"Residential / Restaurant","Notes_1":null,"Shape_Length":46.938237449017493,"Shape_Area":122.5704398655962}},{"type":"Feature","id":4,"geometry":{"type":"Polygon","coordinates":[[[-77.439736557085396,37.544858465034409],[-77.439785089466952,37.544807951317935],[-77.439692846860325,37.544751869877345],[-77.43964406744206,37.544802815257491],[-77.439736557085396,37.544858465034409]]]},"properties":{"OBJECTID":4,"Address":"303 N 2nd Street","Name":null,"Use":null,"Notes":null,"ID":null,"Address_1":"303 N 2nd Street","Name_1":null,"Business_Type":"No data available","Identification":"No data available","ID2level":"No data available","Notes_1":null,"Shape_Length":43.760445790037458,"Shape_Area":115.71672636915099}},{"type":"Feature","id":5,"geometry":{"type":"Polygon","coordinates":[[[-77.439623240900531,37.544978540832268],[-77.439352617132968,37.544813385100035],[-77.43931225492895,37.5448536986368],[-77.439585955426352,37.545016822226081],[-77.439623240900531,37.544978540832268]]]},"properties":{"OBJECTID":5,"Address":"311 N 2nd Street","Name":null,"Use":null,"Notes":null,"ID":null,"Address_1":"311 N 2nd Street","Name_1":null,"Business_Type":"Hyman Ady","Identification":"Residential","ID2level":"Residential","Notes_1":null,"Shape_Length":90.149667456045364,"Shape_Area":266.75655867036386}},{"type":"Feature","id":6,"geometry":{"type":"Polygon","coordinates":[[[-77.439585955426352,37.545016822226081],[-77.43931225492895,37.5448536986368],[-77.439277114631665,37.544891300605563],[-77.439547728517752,37.545055940495359],[-77.439585955426352,37.545016822226081]]]},"properties":{"OBJECTID":6,"Address":"313 N 2nd Street","Name":null,"Use":null,"Notes":null,"ID":null,"Address_1":"313 N 2nd Street","Name_1":null,"Business_Type":"Bratman Morris","Identification":"Residential","ID2level":"Residential","Notes_1":null,"Shape_Length":89.605783866644899,"Shape_Area":257.12818451065004}},{"type":"Feature","id":7,"geometry":{"type":"Polygon","coordinates":[[[-77.439527758968978,37.545078954039511],[-77.439379601625802,37.544987245974696],[-77.43934536054212,37.545021856419837],[-77.439496619767965,37.545112346493525],[-77.439527758968978,37.545078954039511]]]},"properties":{"OBJECTID":7,"Address":"315 N 2nd Street","Name":null,"Use":null,"Notes":null,"ID":null,"Address_1":"315 N 2nd Street","Name_1":null,"Business_Type":"Richmond Gun & Lock ","Identification":"Commercial","ID2level":"Shop","Notes_1":null,"Shape_Length":54.023612704575328,"Shape_Area":126.10206636278269}},{"type":"Feature","id":8,"geometry":{"type":"Polygon","coordinates":[[[-77.439496619767965,37.545112346493525],[-77.43934536054212,37.545021856419837],[-77.439314824110653,37.545052826533144],[-77.439465127529061,37.545145428391443],[-77.439496619767965,37.545112346493525]]]},"properties":{"OBJECTID":8,"Address":"317 N 2nd Street","Name":null,"Use":null,"Notes":null,"ID":null,"Address_1":"317 N 2nd Street","Name_1":null,"Business_Type":"Vacant","Identification":"Vacant","ID2level":"Vacant","Notes_1":null,"Shape_Length":53.621134648745048,"Shape_Area":119.84761873422484}},{"type":"Feature","id":9,"geometry":{"type":"Polygon","coordinates":[[[-77.439465127529061,37.545145428391443],[-77.439314824110653,37.545052826533144],[-77.439287422799538,37.545081407031731],[-77.439437625606629,37.545174367828565],[-77.439465127529061,37.545145428391443]]]},"properties":{"OBJECTID":9,"Address":"319 N 2nd Street","Name":null,"Use":null,"Notes":null,"ID":null,"Address_1":"319 N 2nd Street","Name_1":null,"Business_Type":"Vacant","Identification":"Vacant","ID2level":"Vacant","Notes_1":null,"Shape_Length":52.528435712852108,"Shape_Area":107.3460005647531}},{"type":"Feature","id":10,"geometry":{"type":"Polygon","coordinates":[[[-77.439437625606629,37.545174367828565],[-77.439287422799538,37.545081407031731],[-77.439261223434286,37.545107916294427],[-77.439412881512126,37.545200028056463],[-77.439437625606629,37.545174367828565]]]},"properties":{"OBJECTID":10,"Address":"321 N 2nd Street","Name":null,"Use":null,"Notes":null,"ID":null,"Address_1":"321 N 2nd Street","Name_1":null,"Business_Type":"Richmond Meat Market","Identification":"Commercial","ID2level":"Grocery","Notes_1":null,"Shape_Length":51.741499883010846,"Shape_Area":98.371233043188226}},{"type":"Feature","id":11,"geometry":{"type":"Polygon","coordinates":[[[-77.439412881512126,37.545200028056463],[-77.439261223434286,37.545107916294427],[-77.439230630408971,37.545139930531029],[-77.439382380114978,37.545232827152418],[-77.439412881512126,37.545200028056463]]]},"properties":{"OBJECTID":11,"Address":"323 N 2nd Street","Name":null,"Use":null,"Notes":null,"ID":null,"Address_1":"323 N 2nd Street","Name_1":null,"Business_Type":"Colonial Florists","Identification":"Commercial","ID2level":"Shop","Notes_1":null,"Shape_Length":53.96916817458407,"Shape_Area":121.0012250219294}},{"type":"Feature","id":12,"geometry":{"type":"Polygon","coordinates":[[[-77.439382380114978,37.545232827152418],[-77.439230630408971,37.545139930531029],[-77.439200800053328,37.545172613556659],[-77.439352291044528,37.545264235923568],[-77.439382380114978,37.545232827152418]]]},"properties":{"OBJECTID":12,"Address":"325 N 2nd Street","Name":null,"Use":null,"Notes":null,"ID":null,"Address_1":"325 N 2nd Street","Name_1":null,"Business_Type":"Newman S'aml","Identification":"Residential","ID2level":"Residential","Notes_1":null,"Shape_Length":53.753818744540197,"Shape_Area":119.14007534070358}},{"type":"Feature","id":13,"geometry":{"type":"Polygon","coordinates":[[[-77.439352291044528,37.545264235923568],[-77.439200800053328,37.545172613556659],[-77.439165891521384,37.545207608530632],[-77.439301762606419,37.545291671044822],[-77.439330086487331,37.545288457377666],[-77.439352291044528,37.545264235923568]]]},"properties":{"OBJECTID":13,"Address":"327 N 2nd Street","Name":null,"Use":null,"Notes":null,"ID":null,"Address_1":"327 N 2nd Street","Name_1":null,"Business_Type":"Jeffries T.T.","Identification":"Residential","ID2level":"Residential","Notes_1":null,"Shape_Length":54.048667601512506,"Shape_Area":133.54988490907598}},{"type":"Feature","id":14,"geometry":{"type":"Polygon","coordinates":[[[-77.439113723657897,37.545402298889847],[-77.438910373823646,37.545612204450435],[-77.438979893545181,37.545654544605789],[-77.439181185339095,37.545443831475815],[-77.439113723657897,37.545402298889847]]]},"properties":{"OBJECTID":14,"Address":"200 E Marshall Street","Name":null,"Use":null,"Notes":null,"ID":null,"Address_1":"200 E Marshall Street","Name_1":null,"Business_Type":"Robins Pharmacy ","Identification":"Commercial","ID2level":"Medical","Notes_1":null,"Shape_Length":93.540145040396027,"Shape_Area":357.73751287757017}},{"type":"Feature","id":15,"geometry":{"type":"Polygon","coordinates":[[[-77.438925170873006,37.545713070504128],[-77.438974739910407,37.545661801674385],[-77.438849257841639,37.545586686813657],[-77.438787738516027,37.545550189889873],[-77.438777031496144,37.545561791671481],[-77.438604756184219,37.545456596373853],[-77.438562874929048,37.545499173083542],[-77.438925170873006,37.545713070504128]]]},"properties":{"OBJECTID":15,"Address":"405 N 2nd Street","Name":null,"Use":null,"Notes":null,"ID":null,"Address_1":"405 N 2nd Street","Name_1":null,"Business_Type":"Lewis Gertrude","Identification":"Residential","ID2level":"Residential","Notes_1":null,"Shape_Length":119.21439915218862,"Shape_Area":417.00141725618892}},{"type":"Feature","id":16,"geometry":{"type":"Polygon","coordinates":[[[-77.438562874929048,37.545499173083542],[-77.438518470306235,37.545538861609209],[-77.438882085875349,37.545757175544026],[-77.438925170873006,37.545713070504128],[-77.438562874929048,37.545499173083542]]]},"properties":{"OBJECTID":16,"Address":"407 N 2nd Street","Name":null,"Use":null,"Notes":null,"ID":null,"Address_1":"407 N 2nd Street","Name_1":null,"Business_Type":"Hasty Lewis","Identification":"Residential","ID2level":"Residential","Notes_1":null,"Shape_Length":116.33845324305814,"Shape_Area":385.42300556768623}},{"type":"Feature","id":17,"geometry":{"type":"Polygon","coordinates":[[[-77.438882085875349,37.545757175544026],[-77.438518470306235,37.545538861609209],[-77.438478450360321,37.545581102804036],[-77.438839568612963,37.545801078280498],[-77.438882085875349,37.545757175544026]]]},"properties":{"OBJECTID":17,"Address":"409 N 2nd Street","Name":null,"Use":null,"Notes":null,"ID":null,"Address_1":"409 N 2nd Street","Name_1":null,"Business_Type":"Pryor Maria ","Identification":"Residential","ID2level":"Residential","Notes_1":null,"Shape_Length":116.65639464962015,"Shape_Area":385.28990907433973}},{"type":"Feature","id":18,"geometry":{"type":"Polygon","coordinates":[[[-77.438839568612963,37.545801078280498],[-77.438484096271878,37.545584542240604],[-77.438359305007566,37.545710269957127],[-77.438672099287814,37.545900771726494],[-77.438764276317428,37.545805521258792],[-77.43880828927476,37.545834052324004],[-77.438839568612963,37.545801078280498]]]},"properties":{"OBJECTID":18,"Address":"411 N 2nd Street","Name":null,"Use":null,"Notes":null,"ID":null,"Address_1":"411 N 2nd Street","Name_1":null,"Business_Type":"Vacant","Identification":"Vacant","ID2level":"Vacant","Notes_1":null,"Shape_Length":145.24905903555458,"Shape_Area":1018.902584956025}},{"type":"Feature","id":19,"geometry":{"type":"Polygon","coordinates":[[[-77.43880828927476,37.545834052324004],[-77.438764276317428,37.545805521258792],[-77.438703677764991,37.5458681403016],[-77.4387488639221,37.545896637867386],[-77.43880828927476,37.545834052324004]]]},"properties":{"OBJECTID":19,"Address":"413 N 2nd Street","Name":null,"Use":null,"Notes":null,"ID":null,"Address_1":"413 N 2nd Street","Name_1":null,"Business_Type":"Vacant","Identification":"Vacant","ID2level":"Vacant","Notes_1":null,"Shape_Length":34.836373467450287,"Shape_Area":70.382909055910474}},{"type":"Feature","id":20,"geometry":{"type":"Polygon","coordinates":[[[-77.4387488639221,37.545896637867386],[-77.438703677764991,37.5458681403016],[-77.438672099287814,37.545900771726494],[-77.438717457023145,37.545928191656408],[-77.4387488639221,37.545896637867386]]]},"properties":{"OBJECTID":20,"Address":"415 N 2nd Street","Name":null,"Use":null,"Notes":null,"ID":null,"Address_1":"415 N 2nd Street","Name_1":null,"Business_Type":"Vacant","Identification":"Vacant","ID2level":"Vacant","Notes_1":null,"Shape_Length":24.195095468165114,"Shape_Area":36.469553287937586}},{"type":"Feature","id":21,"geometry":{"type":"Polygon","coordinates":[[[-77.438698649894334,37.545948149410393],[-77.438646597913518,37.545918732358672],[-77.438447565382532,37.546126375100101],[-77.438496904451199,37.546159235041195],[-77.438698649894334,37.545948149410393]]]},"properties":{"OBJECTID":21,"Address":"201 E Clay Street","Name":null,"Use":null,"Notes":null,"ID":null,"Address_1":"201 E Clay Street","Name_1":null,"Business_Type":"No data available","Identification":"No data available","ID2level":"No data available","Notes_1":null,"Shape_Length":88.090717529477786,"Shape_Area":263.41315498616905}},{"type":"Feature","id":22,"geometry":{"type":"Polygon","coordinates":[[[-77.439369916888722,37.545541481251995],[-77.439319611232804,37.545594677502258],[-77.439577171699497,37.545750505374244],[-77.439628613724224,37.545697636867871],[-77.439369916888722,37.545541481251995]]]},"properties":{"OBJECTID":22,"Address":"400 N 2nd Street","Name":null,"Use":null,"Notes":null,"ID":null,"Address_1":"400 N 2nd Street","Name_1":null,"Business_Type":"Recreation Billiard Parlor","Identification":"Institutional","ID2level":"Community & Athletic Center","Notes_1":null,"Shape_Length":90.96951271122478,"Shape_Area":337.98630520030213}},{"type":"Feature","id":23,"geometry":{"type":"Polygon","coordinates":[[[-77.439292352753824,37.545623073321458],[-77.439265653925261,37.545651401466557],[-77.43940307190924,37.54573347702982],[-77.439428628080748,37.545705979393603],[-77.439453372175237,37.545680204668407],[-77.439456611500148,37.545677564375353],[-77.439350006628757,37.545613066980174],[-77.439345832157628,37.545616975073095],[-77.439317096848328,37.545598161809771],[-77.439292352753824,37.545623073321458]]]},"properties":{"OBJECTID":23,"Address":"402 N 2nd Street","Name":null,"Use":null,"Notes":null,"ID":null,"Address_1":"402 N 2nd Street","Name_1":null,"Business_Type":"Feitig Auto Supply Co. Inc., Alex Louis","Identification":"Mixed use","ID2level":"Auto Services","Notes_1":null,"Shape_Length":58.224818328479259,"Shape_Area":186.8280011966533}},{"type":"Feature","id":24,"geometry":{"type":"Polygon","coordinates":[[[-77.439252550200223,37.545664674872242],[-77.439215508169468,37.545703735821952],[-77.439458451249862,37.545850560707585],[-77.439496211034509,37.545811707097798],[-77.439252550200223,37.545664674872242]]]},"properties":{"OBJECTID":24,"Address":"402 1/2 N 2nd Street","Name":null,"Use":null,"Notes":null,"ID":null,"Address_1":"402 1/2 N 2nd Street","Name_1":null,"Business_Type":"Alex Louis Rollins G.L. Rev","Identification":"Residential","ID2level":"Residential","Notes_1":null,"Shape_Length":81.839587686762627,"Shape_Area":234.02896989736567}},{"type":"Feature","id":25,"geometry":{"type":"Polygon","coordinates":[[[-77.439215508169468,37.545703735821952],[-77.439178282882409,37.545742513277823],[-77.439421588882169,37.545889913579572],[-77.439458451249862,37.545850560707585],[-77.439215508169468,37.545703735821952]]]},"properties":{"OBJECTID":25,"Address":"404 N 2nd Street","Name":null,"Use":null,"Notes":null,"ID":null,"Address_1":"404 N 2nd Street","Name_1":null,"Business_Type":"Thomas Bros","Identification":"Commercial","ID2level":"Unknown ","Notes_1":null,"Shape_Length":81.815727376556055,"Shape_Area":233.61756825213365}},{"type":"Feature","id":26,"geometry":{"type":"Polygon","coordinates":[[[-77.439080951319696,37.545845431129109],[-77.439030615121084,37.545898313775503],[-77.43938572454276,37.546112567595806],[-77.43943753936837,37.546058630271631],[-77.439080951319696,37.545845431129109]]]},"properties":{"OBJECTID":26,"Address":"408 N 2nd Street","Name":null,"Use":null,"Notes":null,"ID":null,"Address_1":"408 N 2nd Street","Name_1":null,"Business_Type":"Vacant","Identification":"Vacant","ID2level":"Vacant","Notes_1":null,"Shape_Length":118.21238446635734,"Shape_Area":467.66512215345654}},{"type":"Feature","id":27,"geometry":{"type":"Polygon","coordinates":[[[-77.439030615121084,37.545898313775503],[-77.438981180830993,37.545950934991318],[-77.439335092798416,37.546165325410598],[-77.43938572454276,37.546112567595806],[-77.439030615121084,37.545898313775503]]]},"properties":{"OBJECTID":27,"Address":"410 N 2nd Street","Name":null,"Use":null,"Notes":null,"ID":null,"Address_1":"410 N 2nd Street","Name_1":null,"Business_Type":"Jeffrey Joseph ","Identification":"Residential","ID2level":"Residential","Notes_1":null,"Shape_Length":117.77511891523079,"Shape_Area":459.5399149949501}},{"type":"Feature","id":28,"geometry":{"type":"Polygon","coordinates":[[[-77.438981180830993,37.545950934991318],[-77.438932363683506,37.54600020507074],[-77.439287708463795,37.546214918705324],[-77.439335092798416,37.546165325410598],[-77.438981180830993,37.545950934991318]]]},"properties":{"OBJECTID":28,"Address":"412 N 2nd Street","Name":null,"Use":null,"Notes":null,"ID":null,"Address_1":"412 N 2nd Street","Name_1":null,"Business_Type":"Fleming Melvin","Identification":"Residential","ID2level":"Residential","Notes_1":null,"Shape_Length":116.84717094246091,"Shape_Area":435.28035700403859}},{"type":"Feature","id":29,"geometry":{"type":"Polygon","coordinates":[[[-77.438967176994012,37.546060547626013],[-77.438908482869977,37.546026582241964],[-77.438843288536546,37.546094847035661],[-77.438871178531187,37.5461125668836],[-77.438846280824762,37.546139792293857],[-77.438874310058253,37.546155889646869],[-77.438900189623283,37.546130998255933],[-77.438967176994012,37.546060547626013]]]},"properties":{"OBJECTID":29,"Address":"414 N 2nd Street","Name":null,"Use":null,"Notes":null,"ID":null,"Address_1":"414 N 2nd Street","Name_1":null,"Business_Type":"Vacant","Identification":"Vacant","ID2level":"Vacant","Notes_1":null,"Shape_Length":49.580552010276563,"Shape_Area":117.33446684493292}},{"type":"Feature","id":30,"geometry":{"type":"Polygon","coordinates":[[[-77.438848988347033,37.546185346490503],[-77.438874310058253,37.546155889646869],[-77.438846280824762,37.546139792293857],[-77.438857904126223,37.546126684212652],[-77.438829884774208,37.546110416627748],[-77.438791267996763,37.5461521211814],[-77.438694477219855,37.546257856087443],[-77.438749118145324,37.546290238057992],[-77.438848988347033,37.546185346490503]]]},"properties":{"OBJECTID":30,"Address":"117 E Clay Street","Name":null,"Use":null,"Notes":null,"ID":null,"Address_1":"117 E Clay Street","Name_1":null,"Business_Type":"No data available","Identification":"No data available","ID2level":"No data available","Notes_1":"Nothing in the directory ","Shape_Length":66.627005078123162,"Shape_Area":190.92655465148454}},{"type":"Feature","id":31,"geometry":{"type":"Polygon","coordinates":[[[-77.438547364617349,37.546393086065962],[-77.438503411847122,37.546439412885974],[-77.438583862269027,37.546486790939781],[-77.438628807677631,37.546440668561459],[-77.438547364617349,37.546393086065962]]]},"properties":{"OBJECTID":31,"Address":"500 N 2nd Street","Name":null,"Use":null,"Notes":null,"ID":null,"Address_1":"500 N 2nd Street","Name_1":null,"Business_Type":"Andre Jno","Identification":"Residential","ID2level":"Residential","Notes_1":null,"Shape_Length":38.7402502576766,"Shape_Area":91.46694919417736}},{"type":"Feature","id":32,"geometry":{"type":"Polygon","coordinates":[[[-77.438503411847122,37.546439412885974],[-77.438474080954776,37.546470853199459],[-77.438555731525909,37.546516699211004],[-77.438583862269027,37.546486790939781],[-77.438503411847122,37.546439412885974]]]},"properties":{"OBJECTID":32,"Address":"502 N 2nd Street","Name":null,"Use":null,"Notes":null,"ID":null,"Address_1":"502 N 2nd Street","Name_1":null,"Business_Type":"Fisher E.R., Andre Jno","Identification":"Residential","ID2level":"Residential","Notes_1":null,"Shape_Length":33.022512442864802,"Shape_Area":59.788766311152884}},{"type":"Feature","id":33,"geometry":{"type":"Polygon","coordinates":[[[-77.438474080954776,37.546470853199459],[-77.438440120145458,37.546506472196079],[-77.438520960436207,37.546553683543827],[-77.438555731525909,37.546516699211004],[-77.438474080954776,37.546470853199459]]]},"properties":{"OBJECTID":33,"Address":"502 1/2 N 2nd Street","Name":null,"Use":null,"Notes":null,"ID":null,"Address_1":"502 1/2 N 2nd Street","Name_1":null,"Business_Type":"Bratman Morris, Booker Christine","Identification":"Residential","ID2level":"Residential","Notes_1":null,"Shape_Length":35.060341695648248,"Shape_Area":71.088619143785763}},{"type":"Feature","id":34,"geometry":{"type":"Polygon","coordinates":[[[-77.438440120145458,37.546506472196079],[-77.438405514345774,37.546542767088596],[-77.438486595385015,37.54659054392917],[-77.438520960436207,37.546553683543827],[-77.438440120145458,37.546506472196079]]]},"properties":{"OBJECTID":34,"Address":"504 N 2nd Street","Name":null,"Use":null,"Notes":null,"ID":null,"Address_1":"504 N 2nd Street","Name_1":null,"Business_Type":"Scrattus James","Identification":"Residential","ID2level":"Residential","Notes_1":null,"Shape_Length":35.246326665810528,"Shape_Area":71.883531891172439}},{"type":"Feature","id":35,"geometry":{"type":"Polygon","coordinates":[[[-77.438405514345774,37.546542767088596],[-77.438377332398687,37.546574370460682],[-77.438457696582319,37.546621093883637],[-77.438486595385015,37.54659054392917],[-77.438405514345774,37.546542767088596]]]},"properties":{"OBJECTID":35,"Address":"504 1/2 N 2nd Street","Name":null,"Use":null,"Notes":null,"ID":null,"Address_1":"504 1/2 N 2nd Street","Name_1":null,"Business_Type":"Service Electric Shoe Repair Shop, Hockett L.M.","Identification":"Mixed Use","ID2level":"Residential/ Services ","Notes_1":null,"Shape_Length":33.135073782703877,"Shape_Area":60.28520479063711}},{"type":"Feature","id":36,"geometry":{"type":"Polygon","coordinates":[[[-77.438374529654979,37.546577826945175],[-77.438329530347474,37.546626466993494],[-77.438408784213408,37.546673625559755],[-77.438454250644881,37.546625603050984],[-77.438374529654979,37.546577826945175]]]},"properties":{"OBJECTID":36,"Address":"506 N 2nd Street","Name":null,"Use":null,"Notes":null,"ID":null,"Address_1":"506 N 2nd Street","Name_1":null,"Business_Type":"Bragg Bros. & Co., Robertson J.C.","Identification":"Mixed Use","ID2level":"Residential / Economic & Legal Services ","Notes_1":null,"Shape_Length":39.055338191759532,"Shape_Area":93.602602312402723}},{"type":"Feature","id":37,"geometry":{"type":"Polygon","coordinates":[[[-77.438326995301736,37.54662887221496],[-77.438296104035743,37.546660554608735],[-77.438367939614068,37.546703003140664],[-77.438397605578004,37.54667186918644],[-77.438326995301736,37.54662887221496]]]},"properties":{"OBJECTID":37,"Address":"508 N 2nd Street","Name":null,"Use":null,"Notes":null,"ID":null,"Address_1":"508 N 2nd Street","Name_1":null,"Business_Type":"Dillard Wesley","Identification":"Residential","ID2level":"Residential","Notes_1":null,"Shape_Length":30.985405806595086,"Shape_Area":55.181306373346814}},{"type":"Feature","id":38,"geometry":{"type":"Polygon","coordinates":[[[-77.438491719375378,37.546875854646387],[-77.438568882861659,37.546794814505425],[-77.438410503588869,37.54670108651505],[-77.43839296488126,37.546717757808516],[-77.438296104035743,37.546660554608735],[-77.438267830460489,37.546690615940875],[-77.43823700836478,37.546723196437036],[-77.438306168760192,37.546764451939943],[-77.438491719375378,37.546875854646387]]]},"properties":{"OBJECTID":38,"Address":"510-512 N 2nd Street","Name":null,"Use":null,"Notes":null,"ID":null,"Address_1":"510-512 N 2nd Street","Name_1":null,"Business_Type":"Globe Theatre","Identification":"Commercial","ID2level":"Entertainment","Notes_1":null,"Shape_Length":99.277221749319125,"Shape_Area":461.64308283351994}},{"type":"Feature","id":39,"geometry":{"type":"Polygon","coordinates":[[[-77.438211610296747,37.54675170792067],[-77.438158585440476,37.54680727504806],[-77.43856875979246,37.547049115284757],[-77.438619920644513,37.546996204965502],[-77.438211610296747,37.54675170792067]]]},"properties":{"OBJECTID":39,"Address":"514 N 2nd Street","Name":null,"Use":null,"Notes":null,"ID":null,"Address_1":"514 N 2nd Street","Name_1":null,"Business_Type":"Slaughter's Cafe ","Identification":"Commercial","ID2level":"Restaurant","Notes_1":null,"Shape_Length":133.00530142902554,"Shape_Area":544.91356793308421}},{"type":"Feature","id":40,"geometry":{"type":"Polygon","coordinates":[[[-77.438158585440476,37.54680727504806],[-77.438105271326677,37.546866531505536],[-77.438514664144364,37.547106199955984],[-77.43856875979246,37.547049115284757],[-77.438158585440476,37.54680727504806]]]},"properties":{"OBJECTID":40,"Address":"516 N 2nd Street","Name":null,"Use":null,"Notes":null,"ID":null,"Address_1":"516 N 2nd Street","Name_1":null,"Business_Type":"Dillard J.P.","Identification":"Residential","ID2level":"Residential","Notes_1":null,"Shape_Length":133.79715446076074,"Shape_Area":574.65554889355565}},{"type":"Feature","id":41,"geometry":{"type":"Polygon","coordinates":[[[-77.438105271326677,37.546866531505536],[-77.438069658515559,37.546902999295497],[-77.438478764770679,37.547143615608434],[-77.438514664144364,37.547106199955984],[-77.438105271326677,37.546866531505536]]]},"properties":{"OBJECTID":41,"Address":"518 N 2nd Street","Name":null,"Use":null,"Notes":null,"ID":null,"Address_1":"518 N 2nd Street","Name_1":null,"Business_Type":"Hobson H. E.","Identification":"Residential","ID2level":"Residential","Notes_1":null,"Shape_Length":126.43064598355922,"Shape_Area":370.49996758583438}},{"type":"Feature","id":42,"geometry":{"type":"Polygon","coordinates":[[[-77.438069658515559,37.546902999295497],[-77.438035017681557,37.54694048413657],[-77.438442989364489,37.547180591795701],[-77.438478764770679,37.547143615608434],[-77.438069658515559,37.546902999295497]]]},"properties":{"OBJECTID":42,"Address":"520 N 2nd Street","Name":null,"Use":null,"Notes":null,"ID":null,"Address_1":"520 N 2nd Street","Name_1":null,"Business_Type":"Taylor George","Identification":"Residential","ID2level":"Residential","Notes_1":null,"Shape_Length":126.33176696442167,"Shape_Area":369.99802693850569}},{"type":"Feature","id":43,"geometry":{"type":"Polygon","coordinates":[[[-77.438035017681557,37.54694048413657],[-77.437999202749509,37.546976666997232],[-77.438407813134589,37.54721748890703],[-77.438442989364489,37.547180591795701],[-77.438035017681557,37.54694048413657]]]},"properties":{"OBJECTID":43,"Address":"522 N 2nd Street","Name":null,"Use":null,"Notes":null,"ID":null,"Address_1":"522 N 2nd Street","Name_1":null,"Business_Type":"Sam Lee","Identification":"Residential","ID2level":"Residential","Notes_1":null,"Shape_Length":126.1887609367005,"Shape_Area":366.58432673108587}},{"type":"Feature","id":44,"geometry":{"type":"Polygon","coordinates":[[[-77.437999202749509,37.546976666997232],[-77.437895852474384,37.54708788278181],[-77.438187854349067,37.547256100338075],[-77.438294642476777,37.547150789913225],[-77.437999202749509,37.546976666997232]]]},"properties":{"OBJECTID":44,"Address":"526 N 2nd Street","Name":null,"Use":null,"Notes":null,"ID":null,"Address_1":"526 N 2nd Street","Name_1":null,"Business_Type":"Biltmore Hotel The","Identification":"Commercial","ID2level":"Hotel","Notes_1":null,"Shape_Length":119.52731212582233,"Shape_Area":778.10549482900115}},{"type":"Feature","id":45,"geometry":{"type":"Polygon","coordinates":[[[-77.437895852474384,37.54708788278181],[-77.437794160489275,37.547194733850567],[-77.438201283264249,37.547437846294706],[-77.438308859214459,37.547325809119471],[-77.437895852474384,37.54708788278181]]]},"properties":{"OBJECTID":45,"Address":"530 N 2nd Street","Name":"Hippodrome Theatre","Use":null,"Notes":null,"ID":null,"Address_1":"530 N 2nd Street","Name_1":null,"Business_Type":"Hippodrome Theatre","Identification":"Commercial","ID2level":"Entertainment","Notes_1":null,"Shape_Length":152.13182494809683,"Shape_Area":1094.7935415435313}},{"type":"Feature","id":46,"geometry":{"type":"Polygon","coordinates":[[[-77.437794160489275,37.547194733850567],[-77.437768458790686,37.547220190397333],[-77.43786367751585,37.547277178074232],[-77.437889372027925,37.547251589784338],[-77.437794160489275,37.547194733850567]]]},"properties":{"OBJECTID":46,"Address":"532 N 2nd Street","Name":null,"Use":null,"Notes":null,"ID":null,"Address_1":"532 N 2nd Street","Name_1":null,"Business_Type":"Jackson Peter ","Identification":"Residential","ID2level":"Residential","Notes_1":null,"Shape_Length":35.719983114601035,"Shape_Area":60.844919069471679}},{"type":"Feature","id":47,"geometry":{"type":"Polygon","coordinates":[[[-77.437768458790686,37.547220190397333],[-77.437734469235266,37.547256519129377],[-77.437828240774522,37.547314273849771],[-77.43786367751585,37.547277178074232],[-77.437768458790686,37.547220190397333]]]},"properties":{"OBJECTID":47,"Address":"532 1/2 N 2nd Street","Name":null,"Use":null,"Notes":null,"ID":null,"Address_1":"532 1/2 N 2nd Street","Name_1":null,"Business_Type":"Baker Arthur ","Identification":"Residential","ID2level":"Residential","Notes_1":null,"Shape_Length":39.383323510515602,"Shape_Area":85.348597990761334}},{"type":"Feature","id":48,"geometry":{"type":"Polygon","coordinates":[[[-77.437734469235266,37.547256519129377],[-77.437701104907305,37.547291746736434],[-77.437754978671535,37.547325448731357],[-77.437745480784031,37.547336189151252],[-77.437785030012748,37.547361867152958],[-77.437828240774522,37.547314273849771],[-77.437734469235266,37.547256519129377]]]},"properties":{"OBJECTID":48,"Address":"536 N 2nd Street","Name":null,"Use":null,"Notes":null,"ID":null,"Address_1":"536 N 2nd Street","Name_1":null,"Business_Type":"No data available","Identification":"No data available","ID2level":"No data available","Notes_1":null,"Shape_Length":42.808413602329423,"Shape_Area":93.574955970459058}},{"type":"Feature","id":49,"geometry":{"type":"Polygon","coordinates":[[[-77.437690984487318,37.547303598239601],[-77.437647698267043,37.547347299928894],[-77.437680084329656,37.547367175396587],[-77.437722280893496,37.547322980143875],[-77.437690984487318,37.547303598239601]]]},"properties":{"OBJECTID":49,"Address":"536 1/2 a N 2nd Street","Name":null,"Use":null,"Notes":null,"ID":null,"Address_1":"536 1/2 a N 2nd Street","Name_1":null,"Business_Type":"Walker G.T.","Identification":"Residential","ID2level":"Residential","Notes_1":null,"Shape_Length":24.56422121959281,"Shape_Area":34.984495305169347}},{"type":"Feature","id":50,"geometry":{"type":"Polygon","coordinates":[[[-77.437647698267043,37.547347299928894],[-77.437606903075036,37.547392852675372],[-77.437638672893385,37.547411075048174],[-77.437680084329656,37.547367175396587],[-77.437647698267043,37.547347299928894]]]},"properties":{"OBJECTID":50,"Address":"538 N 2nd Street","Name":null,"Use":null,"Notes":null,"ID":null,"Address_1":"538 N 2nd Street","Name_1":null,"Business_Type":"Bowling T.E.","Identification":"Residential","ID2level":"Residential","Notes_1":null,"Shape_Length":24.465066269930375,"Shape_Area":34.662030264323775}},{"type":"Feature","id":51,"geometry":{"type":"Polygon","coordinates":[[[-77.437606903075036,37.547392852675372],[-77.437581655923978,37.547419823352435],[-77.437656106498096,37.54746433121587],[-77.437683665912715,37.547437048598844],[-77.437704374774938,37.547450010442851],[-77.437785030012748,37.547361867152958],[-77.437762134651081,37.547347001504811],[-77.437746200334558,37.547364453969166],[-77.437705708773152,37.5473403371751],[-77.437638672893385,37.547411075048174],[-77.437606903075036,37.547392852675372]]]},"properties":{"OBJECTID":51,"Address":"119 E Leigh Street","Name":null,"Use":null,"Notes":null,"ID":null,"Address_1":"119 E Leigh Street","Name_1":null,"Business_Type":"Denny W.F.","Identification":"Residential","ID2level":"Residential","Notes_1":null,"Shape_Length":66.974864301016595,"Shape_Area":171.81031949523859}},{"type":"Feature","id":52,"geometry":{"type":"Polygon","coordinates":[[[-77.437441196244478,37.547565600020754],[-77.437283814999944,37.547730983977708],[-77.437331772459714,37.547759006489294],[-77.4374864371988,37.547592936719944],[-77.437441196244478,37.547565600020754]]]},"properties":{"OBJECTID":52,"Address":"118 E Leigh Street","Name":null,"Use":null,"Notes":null,"ID":null,"Address_1":"118 E Leigh Street","Name_1":null,"Business_Type":"No data available","Identification":"No data available","ID2level":"No data available","Notes_1":"Nothing in the directory ","Shape_Length":71.037048382108125,"Shape_Area":188.20451379987585}},{"type":"Feature","id":53,"geometry":{"type":"Polygon","coordinates":[[[-77.437275738247223,37.547738668179491],[-77.437198858628577,37.547821804084009],[-77.437284942385631,37.547873573546248],[-77.437363078747381,37.547791134967817],[-77.437275738247223,37.547738668179491]]]},"properties":{"OBJECTID":53,"Address":"600 N 2nd Street","Name":null,"Use":null,"Notes":null,"ID":null,"Address_1":"600 N 2nd Street","Name_1":null,"Business_Type":"Poindexter Rosa","Identification":"Residential","ID2level":"Residential","Notes_1":null,"Shape_Length":53.178541611344563,"Shape_Area":175.33893466898917}},{"type":"Feature","id":54,"geometry":{"type":"Polygon","coordinates":[[[-77.437198858628577,37.547821804084009],[-77.437156990848138,37.54786543567149],[-77.437312048151028,37.547958665065892],[-77.437353502706429,37.54791442030821],[-77.437284942385631,37.547873573546248],[-77.437198858628577,37.547821804084009]]]},"properties":{"OBJECTID":54,"Address":"602 N 2nd Street","Name":null,"Use":null,"Notes":null,"ID":null,"Address_1":"602 N 2nd Street","Name_1":null,"Business_Type":"Yellow Front Grocery, Ware Bessie B.","Identification":"Mixed Use","ID2level":"Residential / Grocery","Notes_1":null,"Shape_Length":58.673491970432487,"Shape_Area":166.59200252040455}},{"type":"Feature","id":55,"geometry":{"type":"Polygon","coordinates":[[[-77.437124898534634,37.547901275503428],[-77.437087432499069,37.547939853105788],[-77.437305458110089,37.548069853745275],[-77.437342516310508,37.548031831031757],[-77.437124898534634,37.547901275503428]]]},"properties":{"OBJECTID":55,"Address":"604 N 2nd Street","Name":null,"Use":null,"Notes":null,"ID":null,"Address_1":"604 N 2nd Street","Name_1":null,"Business_Type":"Great A & P Tea Co","Identification":"Commercial","ID2level":"Grocery ","Notes_1":null,"Shape_Length":74.329810068953662,"Shape_Area":206.26793584914321}},{"type":"Feature","id":56,"geometry":{"type":"Polygon","coordinates":[[[-77.437087432499069,37.547939853105788],[-77.437055446186747,37.547972806973192],[-77.437273781716542,37.548104118043788],[-77.437305458110089,37.548069853745275],[-77.437087432499069,37.547939853105788]]]},"properties":{"OBJECTID":56,"Address":"606 N 2nd Street","Name":null,"Use":null,"Notes":null,"ID":null,"Address_1":"606 N 2nd Street","Name_1":null,"Business_Type":"Japanese Cafe ","Identification":"Commercial","ID2level":"Restaurant","Notes_1":null,"Shape_Length":72.677829995201847,"Shape_Area":179.61534507676359}},{"type":"Feature","id":57,"geometry":{"type":"Polygon","coordinates":[[[-77.437055446186747,37.547972806973192],[-77.437022859799796,37.548007412471051],[-77.437241793607583,37.548137775513609],[-77.437273781716542,37.548104118043788],[-77.437055446186747,37.547972806973192]]]},"properties":{"OBJECTID":57,"Address":"608 N 2nd Street","Name":null,"Use":null,"Notes":null,"ID":null,"Address_1":"608 N 2nd Street","Name_1":null,"Business_Type":"Richmond Voice The, True Reformers Hall, Grand Fountain United Order of True Reformers, Love J.C.","Identification":"Mixed Use","ID2level":null,"Notes_1":null,"Shape_Length":72.966710085915253,"Shape_Area":182.66157064497298}},{"type":"Feature","id":58,"geometry":{"type":"Polygon","coordinates":[[[-77.436997946822032,37.548033959153265],[-77.437216083824154,37.548165664686884],[-77.437241793607583,37.548137775513609],[-77.437022859799796,37.548007412471051],[-77.436997946822032,37.548033959153265]]]},"properties":{"OBJECTID":58,"Address":"608 1/2 N 2nd Street","Name":null,"Use":null,"Notes":null,"ID":null,"Address_1":"608 1/2 N 2nd Street","Name_1":null,"Business_Type":"No data available","Identification":"No data available","ID2level":"No data available","Notes_1":null,"Shape_Length":70.498032198341903,"Shape_Area":144.80678615337817}},{"type":"Feature","id":59,"geometry":{"type":"Polygon","coordinates":[[[-77.436997946822032,37.548033959153265],[-77.436957095036178,37.54807699021319],[-77.437016361387052,37.548113073523297],[-77.437058884039331,37.548071685581228],[-77.436997946822032,37.548033959153265]]]},"properties":{"OBJECTID":59,"Address":"610 N 2nd Street","Name":null,"Use":null,"Notes":null,"ID":null,"Address_1":"610 N 2nd Street","Name_1":null,"Business_Type":"Stutley B.A.","Identification":"Residential","ID2level":"Residential","Notes_1":null,"Shape_Length":31.982013681152264,"Shape_Area":63.696878700389178}},{"type":"Feature","id":60,"geometry":{"type":"Polygon","coordinates":[[[-77.436954074900186,37.548080549900185],[-77.436911669927213,37.548125017484701],[-77.437058354033312,37.548212684108506],[-77.4371002056441,37.548168186663005],[-77.436954074900186,37.548080549900185]]]},"properties":{"OBJECTID":60,"Address":"612 N 2nd Street","Name":null,"Use":null,"Notes":null,"ID":null,"Address_1":"612 N 2nd Street","Name_1":null,"Business_Type":"Palace Billiard Parlor","Identification":"Commercial","ID2level":"Community & Athletic Center","Notes_1":null,"Shape_Length":56.465879714857977,"Shape_Area":159.50598876458079}},{"type":"Feature","id":61,"geometry":{"type":"Polygon","coordinates":[[[-77.436911669927213,37.548125017484701],[-77.436871508047489,37.548167625432519],[-77.437017248024233,37.548255521341254],[-77.437058354033312,37.548212684108506],[-77.436911669927213,37.548125017484701]]]},"properties":{"OBJECTID":61,"Address":"614 N 2nd Street","Name":null,"Use":null,"Notes":null,"ID":null,"Address_1":"614 N 2nd Street","Name_1":null,"Business_Type":"Hinds W.D.","Identification":"Residential","ID2level":"Residential","Notes_1":null,"Shape_Length":55.858341945270617,"Shape_Area":153.38337437667991}},{"type":"Feature","id":62,"geometry":{"type":"Polygon","coordinates":[[[-77.437273849988514,37.547435937522529],[-77.43720456113401,37.54739297660317],[-77.436944533893552,37.547667994717678],[-77.437015637344928,37.547710371453348],[-77.437273849988514,37.547435937522529]]]},"properties":{"OBJECTID":62,"Address":"200 E Leigh Street","Name":null,"Use":null,"Notes":null,"ID":null,"Address_1":"200 E Leigh Street","Name_1":null,"Business_Type":"Norrell Willam ","Identification":"Residential","ID2level":"Residential","Notes_1":null,"Shape_Length":116.0245606807047,"Shape_Area":474.22368347848703}},{"type":"Feature","id":63,"geometry":{"type":"Polygon","coordinates":[[[-77.436987927013362,37.547740982912494],[-77.436769039019651,37.547610406932371],[-77.436739042475679,37.547644151516785],[-77.436957758891168,37.547774160506492],[-77.436987927013362,37.547740982912494]]]},"properties":{"OBJECTID":63,"Address":"603 N 2nd Street","Name":null,"Use":null,"Notes":null,"ID":null,"Address_1":"603 N 2nd Street","Name_1":null,"Business_Type":"Brown G.W., Riley W.H.","Identification":"Residential","ID2level":"Residential","Notes_1":null,"Shape_Length":72.462612721833239,"Shape_Area":175.6924147069011}},{"type":"Feature","id":64,"geometry":{"type":"Polygon","coordinates":[[[-77.436957758891168,37.547774160506492],[-77.436792067331965,37.547675737328483],[-77.436739042475679,37.547644151516785],[-77.436695732899196,37.547689133588776],[-77.436916886444052,37.547818139687593],[-77.436957758891168,37.547774160506492]]]},"properties":{"OBJECTID":64,"Address":"605 N 2nd Street","Name":null,"Use":null,"Notes":null,"ID":null,"Address_1":"605 N 2nd Street","Name_1":null,"Business_Type":"Neal H.G.","Identification":"Residential","ID2level":"Residential","Notes_1":null,"Shape_Length":76.610077531917966,"Shape_Area":237.98941359562912}},{"type":"Feature","id":65,"geometry":{"type":"Polygon","coordinates":[[[-77.436916886444052,37.547818139687593],[-77.436695732899196,37.547689133588776],[-77.43665395944187,37.547732114279775],[-77.436874877628128,37.54786338161648],[-77.436916886444052,37.547818139687593]]]},"properties":{"OBJECTID":65,"Address":"607 N 2nd Street","Name":null,"Use":null,"Notes":null,"ID":null,"Address_1":"607 N 2nd Street","Name_1":null,"Business_Type":"Neal Walter","Identification":"Residential","ID2level":"Residential","Notes_1":null,"Shape_Length":76.802911417998473,"Shape_Area":237.60067144373687}},{"type":"Feature","id":66,"geometry":{"type":"Polygon","coordinates":[[[-77.436874877628128,37.54786338161648],[-77.43665395944187,37.547732114279775],[-77.436530786941688,37.547659968639984],[-77.436464612546274,37.547728252592456],[-77.436808410381929,37.547932512928774],[-77.436874877628128,37.54786338161648]]]},"properties":{"OBJECTID":66,"Address":"609 N 2nd Street","Name":null,"Use":null,"Notes":null,"ID":null,"Address_1":"609 N 2nd Street","Name_1":null,"Business_Type":"Harris Maria E.","Identification":"Residential","ID2level":"Residential","Notes_1":null,"Shape_Length":119.90000383193109,"Shape_Area":582.45062620898943}},{"type":"Feature","id":67,"geometry":{"type":"Polygon","coordinates":[[[-77.436808410381929,37.547932512928774],[-77.436464612546274,37.547728252592456],[-77.436401912834398,37.547794208218818],[-77.4367480301201,37.547998238326379],[-77.436808410381929,37.547932512928774]]]},"properties":{"OBJECTID":67,"Address":"611 N 2nd Street","Name":null,"Use":null,"Notes":null,"ID":null,"Address_1":"611 N 2nd Street","Name_1":null,"Business_Type":"Harris Maria E.","Identification":"Residential","ID2level":"Residential","Notes_1":null,"Shape_Length":118.84971135059385,"Shape_Area":551.34675251460328}},{"type":"Feature","id":68,"geometry":{"type":"Polygon","coordinates":[[[-77.4367480301201,37.547998238326379],[-77.436562658269636,37.547888964710751],[-77.436498028078219,37.547954874612635],[-77.436684059292091,37.548065617446483],[-77.4367480301201,37.547998238326379]]]},"properties":{"OBJECTID":68,"Address":"613 a N 2nd Street","Name":null,"Use":null,"Notes":null,"ID":null,"Address_1":"613 a N 2nd Street","Name_1":null,"Business_Type":"Waltz Dream Dancing Academy ","Identification":"Commercial","ID2level":"Community & Athletic Center","Notes_1":null,"Shape_Length":75.173507073784677,"Shape_Area":303.99407741355725}},{"type":"Feature","id":69,"geometry":{"type":"Polygon","coordinates":[[[-77.436498028078219,37.547954874612635],[-77.436562658269636,37.547888964710751],[-77.436401912834398,37.547794208218818],[-77.436338841219992,37.54786011250664],[-77.436498028078219,37.547954874612635]]]},"properties":{"OBJECTID":69,"Address":"613 N 2nd Street","Name":null,"Use":null,"Notes":null,"ID":null,"Address_1":"613 N 2nd Street","Name_1":null,"Business_Type":"Monarch Shoe Shine Parlor","Identification":"Commercial","ID2level":"Services ","Notes_1":null,"Shape_Length":67.794880168405285,"Shape_Area":259.35168655171844}},{"type":"Feature","id":70,"geometry":{"type":"Polygon","coordinates":[[[-77.436684059292091,37.548065617446483],[-77.436338841219992,37.54786011250664],[-77.436278982879344,37.5479213360016],[-77.43662493936661,37.548129463885594],[-77.436684059292091,37.548065617446483]]]},"properties":{"OBJECTID":70,"Address":"615 N 2nd Street","Name":null,"Use":null,"Notes":null,"ID":null,"Address_1":"615 N 2nd Street","Name_1":null,"Business_Type":"Mason Arthur ","Identification":"Residential","ID2level":"Residential","Notes_1":null,"Shape_Length":118.39662331210071,"Shape_Area":530.08082645580203}},{"type":"Feature","id":71,"geometry":{"type":"Polygon","coordinates":[[[-77.436443778818216,37.548078945975618],[-77.436416236471601,37.548108425562631],[-77.43656185158251,37.548195222583928],[-77.436591904720345,37.548163955355342],[-77.436621533853355,37.548132708768094],[-77.436474863221989,37.548047917292827],[-77.436443778818216,37.548078945975618]]]},"properties":{"OBJECTID":71,"Address":"617 N 2nd Street","Name":null,"Use":null,"Notes":null,"ID":null,"Address_1":"617 N 2nd Street","Name_1":null,"Business_Type":"McCray Jesse","Identification":"Residential","ID2level":"Residential","Notes_1":null,"Shape_Length":62.209584213589167,"Shape_Area":220.40819584977041}},{"type":"Feature","id":72,"geometry":{"type":"Polygon","coordinates":[[[-77.438146956749137,37.546517273986453],[-77.43816836629729,37.546493740953018],[-77.438071462332658,37.546435865228645],[-77.438049416777261,37.546459066377565],[-77.438146956749137,37.546517273986453]]]},"properties":{"OBJECTID":72,"Address":"511 1/2 N 2nd Street","Name":null,"Use":null,"Notes":null,"ID":null,"Address_1":"511 1/2 N 2nd Street","Name_1":null,"Business_Type":"Hall Peter","Identification":"Residential","ID2level":"Residential","Notes_1":null,"Shape_Length":35.247844483954516,"Shape_Area":55.217584193704667}},{"type":"Feature","id":73,"geometry":{"type":"Polygon","coordinates":[[[-77.43816836629729,37.546493740953018],[-77.43824059803265,37.546418189616325],[-77.438100938752072,37.546337277180875],[-77.438030933041958,37.546412905521258],[-77.43816836629729,37.546493740953018]]]},"properties":{"OBJECTID":73,"Address":"511-511 a N 2nd Street","Name":null,"Use":null,"Notes":null,"ID":null,"Address_1":"511-511 a N 2nd Street","Name_1":null,"Business_Type":"Eggleston Beatrice ","Identification":"Residential","ID2level":"Residential","Notes_1":"the lot include 511 and 511 a and another lot has 511 1/2 ","Shape_Length":64.786238087872775,"Shape_Area":253.57884552967744}},{"type":"Feature","id":74,"geometry":{"type":"Polygon","coordinates":[[[-77.438265754453866,37.546228145002836],[-77.438141153632387,37.546360575937129],[-77.438177717759402,37.546381538543876],[-77.43824059803265,37.546418189616325],[-77.438363191119478,37.546286717458642],[-77.438265754453866,37.546228145002836]]]},"properties":{"OBJECTID":74,"Address":"200 E Clay Street","Name":null,"Use":null,"Notes":null,"ID":null,"Address_1":"200 E Clay Street","Name_1":null,"Business_Type":"Fields Emmett","Identification":"Residential","ID2level":"Residential","Notes_1":null,"Shape_Length":73.475586813481925,"Shape_Area":315.06777540699738}},{"type":"Feature","id":75,"geometry":{"type":"Polygon","coordinates":[[[-77.43813490584958,37.546529322190132],[-77.43793990855086,37.546411911948958],[-77.43789824289135,37.546454490961978],[-77.43809462000236,37.546571713105656],[-77.43813490584958,37.546529322190132]]]},"properties":{"OBJECTID":75,"Address":"513 N 2nd Street","Name":null,"Use":null,"Notes":null,"ID":null,"Address_1":"513 N 2nd Street","Name_1":null,"Business_Type":"Mary Scott","Identification":"Residential","ID2level":"Residential","Notes_1":null,"Shape_Length":69.639125656174073,"Shape_Area":205.07346709022562}},{"type":"Feature","id":76,"geometry":{"type":"Polygon","coordinates":[[[-77.43809462000236,37.546571713105656],[-77.43789824289135,37.546454490961978],[-77.437857839364824,37.546497092742278],[-77.43805400537174,37.546614477921075],[-77.43809462000236,37.546571713105656]]]},"properties":{"OBJECTID":76,"Address":"515 N 2nd Street","Name":null,"Use":null,"Notes":null,"ID":null,"Address_1":"515 N 2nd Street","Name_1":null,"Business_Type":"Ware J.F.","Identification":"Residential","ID2level":"Residential","Notes_1":null,"Shape_Length":69.721950748108895,"Shape_Area":205.20639482954982}},{"type":"Feature","id":77,"geometry":{"type":"Polygon","coordinates":[[[-77.438026966980004,37.546643938144626],[-77.43766698240124,37.546425943040539],[-77.437613879391549,37.546482159259128],[-77.437974507164029,37.546699111486106],[-77.438026966980004,37.546643938144626]]]},"properties":{"OBJECTID":77,"Address":"517 N 2nd Street","Name":null,"Use":null,"Notes":null,"ID":null,"Address_1":"517 N 2nd Street","Name_1":null,"Business_Type":"Smith Maria","Identification":"Residential","ID2level":"Residential","Notes_1":null,"Shape_Length":120.38023326106074,"Shape_Area":493.04611204403426}},{"type":"Feature","id":78,"geometry":{"type":"Polygon","coordinates":[[[-77.437974507164029,37.546699111486106],[-77.437878939892542,37.546641618391931],[-77.437844042140384,37.546678497964166],[-77.437940023535234,37.546734763136548],[-77.437974507164029,37.546699111486106]]]},"properties":{"OBJECTID":78,"Address":"517 1/2 N 2nd Street","Name":null,"Use":null,"Notes":null,"ID":null,"Address_1":"517 1/2 N 2nd Street","Name_1":null,"Business_Type":"Mundin H.C.","Identification":"Residential","ID2level":"Residential","Notes_1":null,"Shape_Length":39.423542075728939,"Shape_Area":85.126415838855877}},{"type":"Feature","id":79,"geometry":{"type":"Polygon","coordinates":[[[-77.437940023535234,37.546734763136548],[-77.437844042140384,37.546678497964166],[-77.437878939892542,37.546641618391931],[-77.437613879391549,37.546482159259128],[-77.437559950830092,37.546539839794612],[-77.43792030192148,37.546754876653978],[-77.437940023535234,37.546734763136548]]]},"properties":{"OBJECTID":79,"Address":"519 N 2nd Street","Name":null,"Use":null,"Notes":null,"ID":null,"Address_1":"519 N 2nd Street","Name_1":null,"Business_Type":"Mitchell Mary","Identification":"Residential","ID2level":"Residential","Notes_1":null,"Shape_Length":120.66429535611456,"Shape_Area":417.06668461863433}},{"type":"Feature","id":80,"geometry":{"type":"Polygon","coordinates":[[[-77.43792030192148,37.546754876653978],[-77.437559950830092,37.546539839794612],[-77.437531092451593,37.546570379086283],[-77.437886636657879,37.546791815285637],[-77.43792030192148,37.546754876653978]]]},"properties":{"OBJECTID":80,"Address":"521 N 2nd Street","Name":null,"Use":null,"Notes":null,"ID":null,"Address_1":"521 N 2nd Street","Name_1":null,"Business_Type":"Hackett Alice ","Identification":"Residential","ID2level":"Residential","Notes_1":null,"Shape_Length":112.29273413771244,"Shape_Area":295.38748576276799}},{"type":"Feature","id":81,"geometry":{"type":"Polygon","coordinates":[[[-77.437886636657879,37.546791815285637],[-77.437531092451593,37.546570379086283],[-77.437507303266244,37.546596767451568],[-77.4378682876699,37.546812167386257],[-77.437886636657879,37.546791815285637]]]},"properties":{"OBJECTID":81,"Address":"523 N 2nd Street","Name":null,"Use":null,"Notes":null,"ID":null,"Address_1":"523 N 2nd Street","Name_1":null,"Business_Type":"Simpson R.B.","Identification":"Residential","ID2level":"Residential","Notes_1":null,"Shape_Length":108.68997903188628,"Shape_Area":202.78748276534546}},{"type":"Feature","id":82,"geometry":{"type":"Polygon","coordinates":[[[-77.4378682876699,37.546812167386257],[-77.437507303266244,37.546596767451568],[-77.437477405536939,37.54662683023394],[-77.437833921720383,37.54684910598953],[-77.4378682876699,37.546812167386257]]]},"properties":{"OBJECTID":82,"Address":"525 a N 2nd Street","Name":null,"Use":null,"Notes":null,"ID":null,"Address_1":"525 a N 2nd Street","Name_1":null,"Business_Type":"Green H.M.","Identification":"Residential","ID2level":"Residential","Notes_1":null,"Shape_Length":112.60112189239383,"Shape_Area":297.74454022985265}},{"type":"Feature","id":83,"geometry":{"type":"Polygon","coordinates":[[[-77.437477405536939,37.54662683023394],[-77.437452828529075,37.546653655891994],[-77.437810749677638,37.546872810559115],[-77.437833921720383,37.54684910598953],[-77.437477405536939,37.54662683023394]]]},"properties":{"OBJECTID":83,"Address":"525 N 2nd Street","Name":null,"Use":null,"Notes":null,"ID":null,"Address_1":"525 N 2nd Street","Name_1":null,"Business_Type":"Norrell & Co, Griffis Ins Co","Identification":"Commercial","ID2level":"Economic & Legal Services ","Notes_1":null,"Shape_Length":109.69575172786119,"Shape_Area":223.41953432072597}},{"type":"Feature","id":84,"geometry":{"type":"Polygon","coordinates":[[[-77.437810749677638,37.546872810559115],[-77.437556503994344,37.546717136739332],[-77.437491823497254,37.546781278486378],[-77.43774632789534,37.546940703504383],[-77.437810749677638,37.546872810559115]]]},"properties":{"OBJECTID":84,"Address":"527 N 2nd Street","Name":null,"Use":null,"Notes":null,"ID":null,"Address_1":"527 N 2nd Street","Name_1":null,"Business_Type":"Southern Aid Society Building ","Identification":"Institutional","ID2level":"Economic & Legal Services ","Notes_1":null,"Shape_Length":95.325532916387118,"Shape_Area":421.42389154007407}},{"type":"Feature","id":85,"geometry":{"type":"Polygon","coordinates":[[[-77.43774632789534,37.546940703504383],[-77.437392260519374,37.546718910917434],[-77.437331388879073,37.546782883151103],[-77.437694952345936,37.546996185022955],[-77.43774632789534,37.546940703504383]]]},"properties":{"OBJECTID":85,"Address":"529 N 2nd Street","Name":null,"Use":null,"Notes":null,"ID":null,"Address_1":"529 N 2nd Street","Name_1":null,"Business_Type":"Southern Aid Society Building ","Identification":"Institutional","ID2level":"Economic & Legal Services ","Notes_1":null,"Shape_Length":121.49428766938676,"Shape_Area":525.78767274737231}},{"type":"Feature","id":86,"geometry":{"type":"Polygon","coordinates":[[[-77.437694952345936,37.546996185022955],[-77.437331388879073,37.546782883151103],[-77.437306445358601,37.54680726578902],[-77.437312291594466,37.546810215863957],[-77.437302547568564,37.546819345284121],[-77.437657040746004,37.547035795118248],[-77.437694952345936,37.546996185022955]]]},"properties":{"OBJECTID":86,"Address":"531 N 2nd Street","Name":null,"Use":null,"Notes":null,"ID":null,"Address_1":"531 N 2nd Street","Name_1":null,"Business_Type":"Fauntleroy James ","Identification":"Residential","ID2level":"Residential","Notes_1":null,"Shape_Length":113.99513225129149,"Shape_Area":326.50168727605609}},{"type":"Feature","id":87,"geometry":{"type":"Polygon","coordinates":[[[-77.437657040746004,37.547035795118248],[-77.437415272661994,37.546888174153153],[-77.437380469232949,37.546925578519328],[-77.43762196333077,37.547072033486778],[-77.437657040746004,37.547035795118248]]]},"properties":{"OBJECTID":87,"Address":"533 N 2nd Street","Name":null,"Use":null,"Notes":null,"ID":null,"Address_1":"533 N 2nd Street","Name_1":null,"Business_Type":"King Edwards, Johns Edward","Identification":"Residential","ID2level":"Residential","Notes_1":null,"Shape_Length":80.754875293875671,"Shape_Area":219.35831626590902}},{"type":"Feature","id":88,"geometry":{"type":"Polygon","coordinates":[[[-77.43762196333077,37.547072033486778],[-77.437380469232949,37.546925578519328],[-77.437339197933852,37.546968997673822],[-77.437582967464294,37.547112889946909],[-77.43762196333077,37.547072033486778]]]},"properties":{"OBJECTID":88,"Address":"535 N 2nd Street","Name":null,"Use":null,"Notes":null,"ID":null,"Address_1":"535 N 2nd Street","Name_1":null,"Business_Type":"Montgomery Winnie","Identification":"Residential","ID2level":"Residential","Notes_1":null,"Shape_Length":82.503994764035312,"Shape_Area":250.86085544161648}},{"type":"Feature","id":89,"geometry":{"type":"Polygon","coordinates":[[[-77.437582967464294,37.547112889946909],[-77.43750063417356,37.547064290813218],[-77.437468367586874,37.547098158860955],[-77.437550129549095,37.54714775082283],[-77.437582967464294,37.547112889946909]]]},"properties":{"OBJECTID":89,"Address":"535 1/2 N 2nd Street","Name":null,"Use":null,"Notes":null,"ID":null,"Address_1":"535 1/2 N 2nd Street","Name_1":null,"Business_Type":"Cephas B.A.","Identification":"Residential","ID2level":"Residential","Notes_1":null,"Shape_Length":34.954360030306447,"Shape_Area":69.047113025443451}},{"type":"Feature","id":90,"geometry":{"type":"Polygon","coordinates":[[[-77.437435845878639,37.547062834298814],[-77.437381017205283,37.547029375768652],[-77.43739381101156,37.547016389635665],[-77.437331069977162,37.546977785202728],[-77.437282158506562,37.547030664909144],[-77.437400773853327,37.547100114649062],[-77.437435845878639,37.547062834298814]]]},"properties":{"OBJECTID":90,"Address":"535 1/2 N 2nd Street","Name":null,"Use":null,"Notes":null,"ID":null,"Address_1":"535 1/2 N 2nd Street","Name_1":null,"Business_Type":"Cephas B.A.","Identification":"Residential","ID2level":"Residential","Notes_1":null,"Shape_Length":51.007787648948117,"Shape_Area":130.58067242865849}},{"type":"Feature","id":91,"geometry":{"type":"Polygon","coordinates":[[[-77.437526276583341,37.547173597688179],[-77.437282158506562,37.547030664909144],[-77.437231178215896,37.547085850072328],[-77.437472264478558,37.547230893796424],[-77.437526276583341,37.547173597688179]]]},"properties":{"OBJECTID":91,"Address":"537 N 2nd Street","Name":null,"Use":null,"Notes":null,"ID":null,"Address_1":"537 N 2nd Street","Name_1":null,"Business_Type":"Cephas' Cafeteria","Identification":"Commercial","ID2level":"Restaurant","Notes_1":null,"Shape_Length":87.118910029906232,"Shape_Area":331.39513557610633}},{"type":"Feature","id":92,"geometry":{"type":"Polygon","coordinates":[[[-77.437472264478558,37.547230893796424],[-77.437231178215896,37.547085850072328],[-77.437197358442063,37.547122357639935],[-77.437439845178275,37.547265727552436],[-77.437472264478558,37.547230893796424]]]},"properties":{"OBJECTID":92,"Address":"539 N 2nd Street","Name":null,"Use":null,"Notes":null,"ID":null,"Address_1":"539 N 2nd Street","Name_1":null,"Business_Type":"Archer & Miller, Miller's Hotel, Wolfe Frank ","Identification":"Mixed Use","ID2level":"Residential/ Hotel","Notes_1":null,"Shape_Length":79.800180823088525,"Shape_Area":209.44953845952068}},{"type":"Feature","id":93,"geometry":{"type":"Polygon","coordinates":[[[-77.437439845178275,37.547265727552436],[-77.437356962118599,37.547216723259197],[-77.437312645530682,37.547263480466512],[-77.437395970561496,37.547312642131779],[-77.437439845178275,37.547265727552436]]]},"properties":{"OBJECTID":93,"Address":"541 N 2nd Street","Name":null,"Use":null,"Notes":null,"ID":null,"Address_1":"541 N 2nd Street","Name_1":null,"Business_Type":"No data available","Identification":"No data available","ID2level":"No data available","Notes_1":null,"Shape_Length":39.483711498020007,"Shape_Area":94.662831646625193}},{"type":"Feature","id":94,"geometry":{"type":"Polygon","coordinates":[[[-77.440116242616654,37.544745278677773],[-77.439971783637489,37.544898523560327],[-77.440001545721188,37.544916221612809],[-77.440146864388069,37.544763287309365],[-77.440116242616654,37.544745278677773]]]},"properties":{"OBJECTID":94,"Address":"124 E Broad Street","Name":null,"Use":null,"Notes":null,"ID":null,"Address_1":"124 E Broad Street","Name_1":null,"Business_Type":"Clay Henry Shoe Store Co","Identification":"Commercial","ID2level":"Shop","Notes_1":null,"Shape_Length":62.130259910778989,"Shape_Area":112.66807716125277}},{"type":"Feature","id":95,"geometry":{"type":"Polygon","coordinates":[[[-77.439911372832967,37.544962522285019],[-77.439838571565701,37.545039338630893],[-77.43993047281252,37.545095523843848],[-77.440005487528651,37.545018268808981],[-77.439911372832967,37.544962522285019]]]},"properties":{"OBJECTID":95,"Address":"306 N 2nd Street","Name":null,"Use":null,"Notes":null,"ID":null,"Address_1":"306 N 2nd Street","Name_1":null,"Business_Type":"Giannini & Bichi ","Identification":"Commercial","ID2level":"Unknown ","Notes_1":null,"Shape_Length":53.175307533466771,"Shape_Area":176.63008511977023}},{"type":"Feature","id":96,"geometry":{"type":"Polygon","coordinates":[[[-77.43993047281252,37.545095523843848],[-77.440023050490765,37.545149246765305],[-77.440097303435522,37.545074718995217],[-77.440005487528651,37.545018268808981],[-77.43993047281252,37.545095523843848]]]},"properties":{"OBJECTID":96,"Address":"308 N 2nd Street","Name":null,"Use":null,"Notes":null,"ID":null,"Address_1":"308 N 2nd Street","Name_1":null,"Business_Type":"Giannini & Bichi ","Identification":"Commercial","ID2level":"Unknown ","Notes_1":null,"Shape_Length":52.728165230237884,"Shape_Area":173.61386598243254}},{"type":"Feature","id":97,"geometry":{"type":"Polygon","coordinates":[[[-77.439838571565701,37.545039338630893],[-77.439782933510259,37.545099474698929],[-77.439907774181933,37.545174534495089],[-77.439966918361918,37.545116672703756],[-77.439838571565701,37.545039338630893]]]},"properties":{"OBJECTID":97,"Address":"310 N 2nd Street","Name":null,"Use":null,"Notes":null,"ID":null,"Address_1":"310 N 2nd Street","Name_1":null,"Business_Type":"Crenshaw Lizzie","Identification":"Residential","ID2level":"Residential","Notes_1":null,"Shape_Length":56.314014566392046,"Shape_Area":185.08044354685867}},{"type":"Feature","id":98,"geometry":{"type":"Polygon","coordinates":[[[-77.439782933510259,37.545099474698929],[-77.439728899845932,37.545156976817211],[-77.439851315964646,37.545229175449229],[-77.439907774181933,37.545174534495089],[-77.439782933510259,37.545099474698929]]]},"properties":{"OBJECTID":98,"Address":"312 N 2nd Street","Name":null,"Use":null,"Notes":null,"ID":null,"Address_1":"312 N 2nd Street","Name_1":null,"Business_Type":"Vacant ","Identification":"Residential","ID2level":"Residential","Notes_1":null,"Shape_Length":54.410056792339859,"Shape_Area":171.9180406237578}},{"type":"Feature","id":99,"geometry":{"type":"Polygon","coordinates":[[[-77.439728899845932,37.545156976817211],[-77.43966605640361,37.54522286919169],[-77.439855915338896,37.545338202964651],[-77.439919408263179,37.545269342037784],[-77.439728899845932,37.545156976817211]]]},"properties":{"OBJECTID":99,"Address":"314 N 2nd Street","Name":null,"Use":null,"Notes":null,"ID":null,"Address_1":"314 N 2nd Street","Name_1":null,"Business_Type":"Schloss N.L., Gragnani Otto","Identification":"Residential","ID2level":"Residential","Notes_1":null,"Shape_Length":76.631571492357608,"Shape_Area":312.67333398219256}},{"type":"Feature","id":100,"geometry":{"type":"Polygon","coordinates":[[[-77.439667769490853,37.545221073610485],[-77.439632524090669,37.545258213856478],[-77.43982256897722,37.545373742018498],[-77.439855915338896,37.545338202964651],[-77.439667769490853,37.545221073610485]]]},"properties":{"OBJECTID":100,"Address":"316 N 2nd Street","Name":null,"Use":null,"Notes":null,"ID":null,"Address_1":"316 N 2nd Street","Name_1":null,"Business_Type":"Gragnani Otto","Identification":"Residential","ID2level":"Residential","Notes_1":null,"Shape_Length":66.031918176640517,"Shape_Area":169.75380537797929}},{"type":"Feature","id":101,"geometry":{"type":"Polygon","coordinates":[[[-77.439632524090669,37.545258213856478],[-77.439599220848137,37.545294053517438],[-77.439791653456737,37.545405674944647],[-77.43982256897722,37.545373742018498],[-77.439632524090669,37.545258213856478]]]},"properties":{"OBJECTID":101,"Address":"318 N 2nd Street","Name":null,"Use":null,"Notes":null,"ID":null,"Address_1":"318 N 2nd Street","Name_1":null,"Business_Type":"Ward W.","Identification":"Residential","ID2level":"Residential","Notes_1":null,"Shape_Length":65.102375289441639,"Shape_Area":158.28091136922228}},{"type":"Feature","id":102,"geometry":{"type":"Polygon","coordinates":[[[-77.439599220848137,37.545294053517438],[-77.439574239598414,37.545321002874196],[-77.439646802812121,37.545366550448705],[-77.439673504335616,37.545337142426696],[-77.439599220848137,37.545294053517438]]]},"properties":{"OBJECTID":102,"Address":"328 N 2nd Street","Name":null,"Use":null,"Notes":null,"ID":null,"Address_1":"328 N 2nd Street","Name_1":null,"Business_Type":"No data available","Identification":"No data available","ID2level":"No data available","Notes_1":null,"Shape_Length":30.331775699020437,"Shape_Area":50.235999557385277}},{"type":"Feature","id":103,"geometry":{"type":"Polygon","coordinates":[[[-77.439646802812121,37.545366550448705],[-77.439574239598414,37.545321002874196],[-77.439501070920201,37.545398992635199],[-77.439573432911288,37.545441823650151],[-77.439646802812121,37.545366550448705]]]},"properties":{"OBJECTID":103,"Address":"123 E Marshall Street","Name":null,"Use":null,"Notes":null,"ID":null,"Address_1":"123 E Marshall Street","Name_1":null,"Business_Type":"Lehman's Army Goods Store","Identification":"Commercial","ID2level":"Shop","Notes_1":null,"Shape_Length":47.358605067939742,"Shape_Area":137.39159658348623}},{"type":"Feature","id":104,"geometry":{"type":"Polygon","coordinates":[[[-77.436823276601558,37.548216883363509],[-77.43679398703172,37.548247846451609],[-77.436906108457265,37.5483130188884],[-77.436933823280427,37.548283803616059],[-77.436823276601558,37.548216883363509]]]},"properties":{"OBJECTID":104,"Address":"628 N 2nd Street","Name":null,"Use":null,"Notes":null,"ID":null,"Address_1":"628 N 2nd Street","Name_1":null,"Business_Type":"Vacant","Identification":"Vacant","ID2level":"Vacant","Notes_1":null,"Shape_Length":41.52623281535314,"Shape_Area":81.782243020216811}},{"type":"Feature","id":105,"geometry":{"type":"Polygon","coordinates":[[[-77.43679398703172,37.548247846451609],[-77.436743816123112,37.548301555705763],[-77.436881700332677,37.548384525035374],[-77.436935398027117,37.548330748180142],[-77.43679398703172,37.548247846451609]]]},"properties":{"OBJECTID":105,"Address":"630 N 2nd Street","Name":null,"Use":null,"Notes":null,"ID":null,"Address_1":"630 N 2nd Street","Name_1":null,"Business_Type":"Brame D.J.","Identification":"Residential","ID2level":"Residential","Notes_1":null,"Shape_Length":57.861528212619646,"Shape_Area":184.62522626667021}},{"type":"Feature","id":106,"geometry":{"type":"Polygon","coordinates":[[[-77.436489381793606,37.548268732320075],[-77.436234576459896,37.548115361180251],[-77.436170921838865,37.548183076362896],[-77.436424633024544,37.54833677213567],[-77.436489381793606,37.548268732320075]]]},"properties":{"OBJECTID":106,"Address":"701 N 2nd Street","Name":null,"Use":null,"Notes":null,"ID":null,"Address_1":"701 N 2nd Street","Name_1":null,"Business_Type":"Richmond Athletic & Social Club","Identification":"Institutional","ID2level":"Community & Athletic Center","Notes_1":null,"Shape_Length":94.981696276048382,"Shape_Area":423.81321176759002}},{"type":"Feature","id":107,"geometry":{"type":"Polygon","coordinates":[[[-77.436424633024544,37.54833677213567],[-77.436170921838865,37.548183076362896],[-77.436135027855059,37.548220387490609],[-77.43638992122365,37.548373874506105],[-77.436424633024544,37.54833677213567]]]},"properties":{"OBJECTID":107,"Address":"705 N 2nd Street","Name":null,"Use":null,"Notes":null,"ID":null,"Address_1":"705 N 2nd Street","Name_1":null,"Business_Type":"Giles Marcellus","Identification":"Residential","ID2level":"Residential","Notes_1":null,"Shape_Length":84.24900238893261,"Shape_Area":232.63546962553215}},{"type":"Feature","id":108,"geometry":{"type":"Polygon","coordinates":[[[-77.43638992122365,37.548373874506105],[-77.436135027855059,37.548220387490609],[-77.436097860060173,37.548261164264886],[-77.436353026516642,37.548412535905719],[-77.43638992122365,37.548373874506105]]]},"properties":{"OBJECTID":108,"Address":"707 N 2nd Street","Name":null,"Use":null,"Notes":null,"ID":null,"Address_1":"707 N 2nd Street","Name_1":null,"Business_Type":"Cowan W S","Identification":"Residential","ID2level":"Residential","Notes_1":null,"Shape_Length":84.977565079558644,"Shape_Area":246.54970123153493}},{"type":"Feature","id":109,"geometry":{"type":"Polygon","coordinates":[[[-77.436353026516642,37.548412535905719],[-77.436097860060173,37.548261164264886],[-77.436064706836291,37.548294301743034],[-77.436319945157976,37.548446414024127],[-77.436353026516642,37.548412535905719]]]},"properties":{"OBJECTID":109,"Address":"709 N 2nd Street","Name":null,"Use":null,"Notes":null,"ID":null,"Address_1":"709 N 2nd Street","Name_1":null,"Business_Type":"Two George's Barber Shop","Identification":"Commercial","ID2level":"Beauty","Notes_1":null,"Shape_Length":82.97536675397987,"Shape_Area":212.20067863627361}},{"type":"Feature","id":110,"geometry":{"type":"Polygon","coordinates":[[[-77.436319945157976,37.548446414024127],[-77.435974680373477,37.548238742846415],[-77.435939220275955,37.54827531394919],[-77.436288138508715,37.54848095947581],[-77.436319945157976,37.548446414024127]]]},"properties":{"OBJECTID":110,"Address":"709 1/2 N 2nd Street","Name":null,"Use":null,"Notes":null,"ID":null,"Address_1":"709 1/2 N 2nd Street","Name_1":null,"Business_Type":"Brown William, Roland Jno","Identification":"Residential","ID2level":"Residential","Notes_1":null,"Shape_Length":109.12335018697424,"Shape_Area":301.54205753944922}},{"type":"Feature","id":111,"geometry":{"type":"Polygon","coordinates":[[[-77.436288138508715,37.54848095947581],[-77.435939220275955,37.54827531394919],[-77.435902163872171,37.548314655570067],[-77.436246083878672,37.548524837104928],[-77.436288138508715,37.54848095947581]]]},"properties":{"OBJECTID":111,"Address":"711 N 2nd Street","Name":null,"Use":null,"Notes":null,"ID":null,"Address_1":"711 N 2nd Street","Name_1":null,"Business_Type":"Wood Joseph A","Identification":"Residential","ID2level":"Residential","Notes_1":null,"Shape_Length":111.36831137609445,"Shape_Area":353.83853000187264}},{"type":"Feature","id":112,"geometry":{"type":"Polygon","coordinates":[[[-77.436246083878672,37.548524837104928],[-77.435902163872171,37.548314655570067],[-77.435867034354658,37.54835057424242],[-77.436207899190904,37.548565134390188],[-77.436246083878672,37.548524837104928]]]},"properties":{"OBJECTID":112,"Address":"715 N 2nd Street","Name":null,"Use":null,"Notes":null,"ID":null,"Address_1":"715 N 2nd Street","Name_1":null,"Business_Type":"Woolfolk William","Identification":"Residential","ID2level":"Residential","Notes_1":null,"Shape_Length":110.24688810331679,"Shape_Area":325.61548932537579}},{"type":"Feature","id":113,"geometry":{"type":"Polygon","coordinates":[[[-77.435867034354658,37.54835057424242],[-77.43582977762658,37.54839097133258],[-77.436174181825038,37.548599352166868],[-77.436207899190904,37.548565134390188],[-77.435867034354658,37.54835057424242]]]},"properties":{"OBJECTID":113,"Address":"717 N 2nd Street","Name":null,"Use":null,"Notes":null,"ID":null,"Address_1":"717 N 2nd Street","Name_1":null,"Business_Type":"Woolfolk William","Identification":"Residential","ID2level":"Residential","Notes_1":null,"Shape_Length":109.8005403095497,"Shape_Area":317.08938720615913}},{"type":"Feature","id":114,"geometry":{"type":"Polygon","coordinates":[[[-77.436174181825038,37.548599352166868],[-77.43582977762658,37.54839097133258],[-77.435791447411702,37.548430319302391],[-77.436137637460959,37.548639129493488],[-77.436174181825038,37.548599352166868]]]},"properties":{"OBJECTID":114,"Address":"719 N 2nd Street","Name":null,"Use":null,"Notes":null,"ID":null,"Address_1":"719 N 2nd Street","Name_1":null,"Business_Type":"Vacant","Identification":"Vacant","ID2level":"Vacant","Notes_1":null,"Shape_Length":110.54001460161282,"Shape_Area":335.57735593551774}},{"type":"Feature","id":115,"geometry":{"type":"Polygon","coordinates":[[[-77.435791447411702,37.548430319302391],[-77.435754197870139,37.548469606712835],[-77.436099176092071,37.548678003708275],[-77.436137637460959,37.548639129493488],[-77.435791447411702,37.548430319302391]]]},"properties":{"OBJECTID":115,"Address":"721 N 2nd Street","Name":null,"Use":null,"Notes":null,"ID":null,"Address_1":"721 N 2nd Street","Name_1":null,"Business_Type":"Johnson W T","Identification":"Residential","ID2level":"Residential","Notes_1":null,"Shape_Length":110.54010197239661,"Shape_Area":334.52053044039997}},{"type":"Feature","id":116,"geometry":{"type":"Polygon","coordinates":[[[-77.435754197870139,37.548469606712835],[-77.435711880033722,37.548514294140666],[-77.436057611043879,37.548723460204563],[-77.436099176092071,37.548678003708275],[-77.435754197870139,37.548469606712835]]]},"properties":{"OBJECTID":116,"Address":"723 N 2nd Street","Name":null,"Use":null,"Notes":null,"ID":null,"Address_1":"723 N 2nd Street","Name_1":null,"Business_Type":"Branch C V","Identification":"Residential","ID2level":"Residential","Notes_1":null,"Shape_Length":112.42090396022761,"Shape_Area":380.15897481337294}},{"type":"Feature","id":117,"geometry":{"type":"Polygon","coordinates":[[[-77.435711880033722,37.548514294140666],[-77.435698835597492,37.548529545578177],[-77.435770277713729,37.548577274851176],[-77.435726492928453,37.548624524771526],[-77.43587634269764,37.548718522409956],[-77.435843048438258,37.548753932365557],[-77.435961770684514,37.548828083968807],[-77.436057611043879,37.548723460204563],[-77.435711880033722,37.548514294140666]]]},"properties":{"OBJECTID":117,"Address":"725 N 2nd Street","Name":null,"Use":null,"Notes":null,"ID":null,"Address_1":"725 N 2nd Street","Name_1":null,"Business_Type":"Hayes C P","Identification":"Residential","ID2level":"Residential","Notes_1":null,"Shape_Length":132.08331875554995,"Shape_Area":575.64357264102955}},{"type":"Feature","id":118,"geometry":{"type":"Polygon","coordinates":[[[-77.435698835597492,37.548529545578177],[-77.435566572146641,37.548669952811757],[-77.435910275659168,37.548882362576542],[-77.435961770684514,37.548828083968807],[-77.435843048438258,37.548753932365557],[-77.43587634269764,37.548718522409956],[-77.435726492928453,37.548624524771526],[-77.435770277713729,37.548577274851176],[-77.435698835597492,37.548529545578177]]]},"properties":{"OBJECTID":118,"Address":"727 N 2nd Street","Name":null,"Use":null,"Notes":null,"ID":null,"Address_1":"727 N 2nd Street","Name_1":null,"Business_Type":"Hayes C P","Identification":"Residential","ID2level":"Residential","Notes_1":null,"Shape_Length":145.58182501283054,"Shape_Area":753.8461080612343}},{"type":"Feature","id":119,"geometry":{"type":"Polygon","coordinates":[[[-77.435566572146641,37.548669952811757],[-77.435520058279536,37.548720391977419],[-77.435863334194011,37.548932924099248],[-77.435910275659168,37.548882362576542],[-77.435566572146641,37.548669952811757]]]},"properties":{"OBJECTID":119,"Address":"729 N 2nd Street","Name":null,"Use":null,"Notes":null,"ID":null,"Address_1":"729 N 2nd Street","Name_1":null,"Business_Type":"Allen F T","Identification":"Residential","ID2level":"Residential","Notes_1":null,"Shape_Length":114.58384864500556,"Shape_Area":426.30317630322645}},{"type":"Feature","id":120,"geometry":{"type":"Polygon","coordinates":[[[-77.435520058279536,37.548720391977419],[-77.435490863032811,37.548752233018533],[-77.435832007245097,37.548966082645158],[-77.435863334194011,37.548932924099248],[-77.435520058279536,37.548720391977419]]]},"properties":{"OBJECTID":120,"Address":"731 N 2nd Street","Name":null,"Use":null,"Notes":null,"ID":null,"Address_1":"731 N 2nd Street","Name_1":null,"Business_Type":"Lewis Junius","Identification":"Residential","ID2level":"Residential","Notes_1":null,"Shape_Length":108.24072257243522,"Shape_Area":274.66899152216735}},{"type":"Feature","id":121,"geometry":{"type":"Polygon","coordinates":[[[-77.435490863032811,37.548752233018533],[-77.435457838268007,37.548786532614159],[-77.435799230415313,37.54900057871329],[-77.435832007245097,37.548966082645158],[-77.435490863032811,37.548752233018533]]]},"properties":{"OBJECTID":121,"Address":"733 N 2nd Street","Name":null,"Use":null,"Notes":null,"ID":null,"Address_1":"733 N 2nd Street","Name_1":null,"Business_Type":"Hopkins Waverly","Identification":"Residential","ID2level":"Residential","Notes_1":null,"Shape_Length":108.98584133012871,"Shape_Area":293.50010473669215}},{"type":"Feature","id":122,"geometry":{"type":"Polygon","coordinates":[[[-77.435457838268007,37.548786532614159],[-77.435422667428,37.548824366917898],[-77.435764801583744,37.549036449336803],[-77.435799230415313,37.54900057871329],[-77.435457838268007,37.548786532614159]]]},"properties":{"OBJECTID":122,"Address":"735 N 2nd Street","Name":null,"Use":null,"Notes":null,"ID":null,"Address_1":"735 N 2nd Street","Name_1":null,"Business_Type":"Thomas George","Identification":"Residential","ID2level":"Residential","Notes_1":null,"Shape_Length":109.72439741052042,"Shape_Area":312.74825213628975}},{"type":"Feature","id":123,"geometry":{"type":"Polygon","coordinates":[[[-77.435422667428,37.548824366917898],[-77.435391185070557,37.548857239201759],[-77.435735822830992,37.549066887183628],[-77.435764801583744,37.549036449336803],[-77.435422667428,37.548824366917898]]]},"properties":{"OBJECTID":123,"Address":"737 N 2nd Street","Name":null,"Use":null,"Notes":null,"ID":null,"Address_1":"737 N 2nd Street","Name_1":null,"Business_Type":"Bradley George","Identification":"Residential","ID2level":"Residential","Notes_1":null,"Shape_Length":107.85171533960855,"Shape_Area":269.53223631648814}},{"type":"Feature","id":124,"geometry":{"type":"Polygon","coordinates":[[[-77.435391185070557,37.548857239201759],[-77.435354290363534,37.548897638866194],[-77.435697436920591,37.549107613639954],[-77.435735822830992,37.549066887183628],[-77.435391185070557,37.548857239201759]]]},"properties":{"OBJECTID":124,"Address":"737 1/2 N 2nd Street","Name":null,"Use":null,"Notes":null,"ID":null,"Address_1":"737 1/2 N 2nd Street","Name_1":null,"Business_Type":"Wood David","Identification":"Residential","ID2level":"Residential","Notes_1":null,"Shape_Length":110.7510849583288,"Shape_Area":341.46518450044368}},{"type":"Feature","id":125,"geometry":{"type":"Polygon","coordinates":[[[-77.435354290363534,37.548897638866194],[-77.435309913588483,37.548946117864851],[-77.435651114394645,37.549155843940042],[-77.435697436920591,37.549107613639954],[-77.435354290363534,37.548897638866194]]]},"properties":{"OBJECTID":125,"Address":"739 N 2nd Street","Name":null,"Use":null,"Notes":null,"ID":null,"Address_1":"739 N 2nd Street","Name_1":null,"Business_Type":"Parker R B","Identification":"Residential","ID2level":"Residential","Notes_1":null,"Shape_Length":113.23534545215971,"Shape_Area":407.35630286904387}},{"type":"Feature","id":126,"geometry":{"type":"Polygon","coordinates":[[[-77.435309913588483,37.548946117864851],[-77.435265057113085,37.548993443758249],[-77.435606475311559,37.54920524793355],[-77.435651114394645,37.549155843940042],[-77.435309913588483,37.548946117864851]]]},"properties":{"OBJECTID":126,"Address":"741 N 2nd Street","Name":null,"Use":null,"Notes":null,"ID":null,"Address_1":"741 N 2nd Street","Name_1":null,"Business_Type":"Hendrick Arthur","Identification":"Residential","ID2level":"Residential","Notes_1":null,"Shape_Length":113.16376575673421,"Shape_Area":405.42398247272007}},{"type":"Feature","id":127,"geometry":{"type":"Polygon","coordinates":[[[-77.435265057113085,37.548993443758249],[-77.435220639015554,37.549040442003552],[-77.43556037916106,37.549254160468699],[-77.435606475311559,37.54920524793355],[-77.435265057113085,37.548993443758249]]]},"properties":{"OBJECTID":127,"Address":"743 N 2nd Street","Name":null,"Use":null,"Notes":null,"ID":null,"Address_1":"743 N 2nd Street","Name_1":null,"Business_Type":"Scott W W","Identification":"Residential","ID2level":"Residential","Notes_1":null,"Shape_Length":113.35580786948596,"Shape_Area":405.78196163965481}},{"type":"Feature","id":128,"geometry":{"type":"Polygon","coordinates":[[[-77.43556037916106,37.549254160468699],[-77.435356882901445,37.549126148254793],[-77.435326812695621,37.549157729877429],[-77.435532639185084,37.549283354706617],[-77.43556037916106,37.549254160468699]]]},"properties":{"OBJECTID":128,"Address":"745 N 2nd Street","Name":null,"Use":null,"Notes":null,"ID":null,"Address_1":"745 N 2nd Street","Name_1":null,"Business_Type":"Ellis Waler","Identification":"Residential","ID2level":"Residential","Notes_1":null,"Shape_Length":68.521041394579527,"Shape_Area":154.50270425345806}},{"type":"Feature","id":129,"geometry":{"type":"Polygon","coordinates":[[[-77.435326812695621,37.549157729877429],[-77.435299650336361,37.549186412072885],[-77.435504485085772,37.549312351650791],[-77.435532639185084,37.549283354706617],[-77.435326812695621,37.549157729877429]]]},"properties":{"OBJECTID":129,"Address":"745 1/2 N 2nd Street","Name":null,"Use":null,"Notes":null,"ID":null,"Address_1":"745 1/2 N 2nd Street","Name_1":null,"Business_Type":"Crawley Fannie","Identification":"Residential","ID2level":"Residential","Notes_1":null,"Shape_Length":67.944637137366385,"Shape_Area":146.93190202187441}},{"type":"Feature","id":130,"geometry":{"type":"Polygon","coordinates":[[[-77.435299650336361,37.549186412072885],[-77.435273725855581,37.549212987535839],[-77.4354784788583,37.549339582302274],[-77.435504485085772,37.549312351650791],[-77.435299650336361,37.549186412072885]]]},"properties":{"OBJECTID":130,"Address":"747 N 2nd Street","Name":null,"Use":null,"Notes":null,"ID":null,"Address_1":"747 N 2nd Street","Name_1":null,"Business_Type":"King Sarah","Identification":"Residential","ID2level":"Residential","Notes_1":null,"Shape_Length":67.272577771224491,"Shape_Area":137.35996434656732}},{"type":"Feature","id":131,"geometry":{"type":"Polygon","coordinates":[[[-77.4354784788583,37.549339582302274],[-77.435273725855581,37.549212987535839],[-77.435237150948794,37.549252327949581],[-77.435441933595911,37.549378976777163],[-77.4354784788583,37.549339582302274]]]},"properties":{"OBJECTID":131,"Address":"749 N 2nd Street","Name":null,"Use":null,"Notes":null,"ID":null,"Address_1":"749 N 2nd Street","Name_1":null,"Business_Type":"Hayes F H","Identification":"Residential","ID2level":"Residential","Notes_1":null,"Shape_Length":71.544557265721181,"Shape_Area":198.35407010072655}},{"type":"Feature","id":132,"geometry":{"type":"Polygon","coordinates":[[[-77.435441933595911,37.549378976777163],[-77.435237150948794,37.549252327949581],[-77.435187784930662,37.549305082829967],[-77.435391154527849,37.549432431669686],[-77.435441933595911,37.549378976777163]]]},"properties":{"OBJECTID":132,"Address":"751 N 2nd Street","Name":null,"Use":null,"Notes":null,"ID":null,"Address_1":"751 N 2nd Street","Name_1":null,"Business_Type":"Silverstein Joseph","Identification":"Residential","ID2level":"Residential","Notes_1":null,"Shape_Length":76.379599126001068,"Shape_Area":268.78525825081078}},{"type":"Feature","id":133,"geometry":{"type":"Polygon","coordinates":[[[-77.43667116217955,37.548377552407381],[-77.436606566124112,37.548444264547832],[-77.436745841824077,37.548526988003353],[-77.436808132802511,37.548459154904798],[-77.43667116217955,37.548377552407381]]]},"properties":{"OBJECTID":133,"Address":"700 N 2nd Street","Name":null,"Use":null,"Notes":null,"ID":null,"Address_1":"700 N 2nd Street","Name_1":null,"Business_Type":"Richmond Ben Insurance Company, Goldman Deuben","Identification":"Mixed Use","ID2level":"Economic & Legal Services / Residential","Notes_1":null,"Shape_Length":62.034460926224654,"Shape_Area":226.70653143788513}},{"type":"Feature","id":134,"geometry":{"type":"Polygon","coordinates":[[[-77.436595494388229,37.548457007565517],[-77.436558406543412,37.548495681029728],[-77.436718877094194,37.548592851759139],[-77.43675551398475,37.548552247523006],[-77.436595494388229,37.548457007565517]]]},"properties":{"OBJECTID":134,"Address":"702 N 2nd Street","Name":null,"Use":null,"Notes":null,"ID":null,"Address_1":"702 N 2nd Street","Name_1":null,"Business_Type":"Second St Savings Bank","Identification":"Institutional","ID2level":"Economic & Legal Services ","Notes_1":null,"Shape_Length":58.582729339130267,"Shape_Area":154.7099695820699}},{"type":"Feature","id":135,"geometry":{"type":"Polygon","coordinates":[[[-77.436558406543412,37.548495681029728],[-77.43650216931168,37.548555290117228],[-77.436731627781327,37.548695562693467],[-77.436787372736291,37.548634635404497],[-77.436558406543412,37.548495681029728]]]},"properties":{"OBJECTID":135,"Address":"706 N 2nd Street","Name":null,"Use":null,"Notes":null,"ID":null,"Address_1":"706 N 2nd Street","Name_1":null,"Business_Type":"Burwell H B","Identification":"Residential","ID2level":"Residential","Notes_1":null,"Shape_Length":85.37298545384273,"Shape_Area":338.09733254787466}},{"type":"Feature","id":136,"geometry":{"type":"Polygon","coordinates":[[[-77.43650216931168,37.548555290117228],[-77.436457905724353,37.548601647643267],[-77.436688303831815,37.548741358906028],[-77.436731627781327,37.548695562693467],[-77.43650216931168,37.548555290117228]]]},"properties":{"OBJECTID":136,"Address":"708 N 2nd Street","Name":null,"Use":null,"Notes":null,"ID":null,"Address_1":"708 N 2nd Street","Name_1":null,"Business_Type":"Pope Delia","Identification":"Residential","ID2level":"Residential","Notes_1":null,"Shape_Length":80.745466776019867,"Shape_Area":261.41407779257406}},{"type":"Feature","id":137,"geometry":{"type":"Polygon","coordinates":[[[-77.436457905724353,37.548601647643267],[-77.436422349507112,37.548639878745696],[-77.436797665632824,37.548866277919949],[-77.436833544345248,37.548829521931133],[-77.436457905724353,37.548601647643267]]]},"properties":{"OBJECTID":137,"Address":"710 N 2nd Street","Name":null,"Use":null,"Notes":null,"ID":null,"Address_1":"710 N 2nd Street","Name_1":null,"Business_Type":"Hunter T R","Identification":"Residential","ID2level":"Residential","Notes_1":null,"Shape_Length":118.34545496541647,"Shape_Area":346.8414354538258}},{"type":"Feature","id":138,"geometry":{"type":"Polygon","coordinates":[[[-77.436422349507112,37.548639878745696],[-77.436378956387301,37.54868551545605],[-77.436753449656209,37.548912571153259],[-77.436797665632824,37.548866277919949],[-77.436422349507112,37.548639878745696]]]},"properties":{"OBJECTID":138,"Address":"712 N 2nd Street","Name":null,"Use":null,"Notes":null,"ID":null,"Address_1":"712 N 2nd Street","Name_1":null,"Business_Type":"Walker M Lillian","Identification":"Residential","ID2level":"Residential","Notes_1":null,"Shape_Length":121.15694059316567,"Shape_Area":424.57680182073568}},{"type":"Feature","id":139,"geometry":{"type":"Polygon","coordinates":[[[-77.436378956387301,37.54868551545605],[-77.436337628494329,37.548727524109729],[-77.436716571118851,37.548950962344371],[-77.436753449656209,37.548912571153259],[-77.436378956387301,37.54868551545605]]]},"properties":{"OBJECTID":139,"Address":"714 N 2nd Street","Name":null,"Use":null,"Notes":null,"ID":null,"Address_1":"714 N 2nd Street","Name_1":null,"Business_Type":"Miller Isaac","Identification":"Residential","ID2level":"Residential","Notes_1":null,"Shape_Length":119.30792993522219,"Shape_Area":374.36922874815866}},{"type":"Feature","id":140,"geometry":{"type":"Polygon","coordinates":[[[-77.436337628494329,37.548727524109729],[-77.436303433224737,37.548764538683137],[-77.43661799718609,37.548954913707291],[-77.436656624743321,37.548915615869454],[-77.436337628494329,37.548727524109729]]]},"properties":{"OBJECTID":140,"Address":"716 N 2nd Street","Name":null,"Use":null,"Notes":null,"ID":null,"Address_1":"716 N 2nd Street","Name_1":null,"Business_Type":"Randolph J W","Identification":"Residential","ID2level":"Residential","Notes_1":null,"Shape_Length":101.74507646296759,"Shape_Area":296.61724699144065}},{"type":"Feature","id":141,"geometry":{"type":"Polygon","coordinates":[[[-77.436303433224737,37.548764538683137],[-77.43625550091781,37.548814385221696],[-77.436571344978432,37.549004833476538],[-77.43661799718609,37.548954913707291],[-77.436303433224737,37.548764538683137]]]},"properties":{"OBJECTID":141,"Address":"718 N 2nd Street","Name":null,"Use":null,"Notes":null,"ID":null,"Address_1":"718 N 2nd Street","Name_1":null,"Business_Type":"Royal Dairy Lunch","Identification":"Commercial","ID2level":"Restaurant","Notes_1":null,"Shape_Length":105.7503217253073,"Shape_Area":386.50558300870978}},{"type":"Feature","id":142,"geometry":{"type":"Polygon","coordinates":[[[-77.43625550091781,37.548814385221696],[-77.436222559696347,37.548849508109107],[-77.436539177206427,37.549038679276137],[-77.436571344978432,37.549004833476538],[-77.43625550091781,37.548814385221696]]]},"properties":{"OBJECTID":142,"Address":"720 N 2nd Street","Name":null,"Use":null,"Notes":null,"ID":null,"Address_1":"720 N 2nd Street","Name_1":null,"Business_Type":"Jones Frank","Identification":"Residential","ID2level":"Residential","Notes_1":null,"Shape_Length":100.40189857801582,"Shape_Area":267.02657391424179}},{"type":"Feature","id":143,"geometry":{"type":"Polygon","coordinates":[[[-77.436222559696347,37.548849508109107],[-77.436189603203502,37.548885584635372],[-77.436503056847172,37.549077135213636],[-77.436539177206427,37.549038679276137],[-77.436222559696347,37.548849508109107]]]},"properties":{"OBJECTID":143,"Address":"722 N 2nd Street","Name":null,"Use":null,"Notes":null,"ID":null,"Address_1":"722 N 2nd Street","Name_1":null,"Business_Type":"Liggin Marra","Identification":"Residential","ID2level":"Residential","Notes_1":null,"Shape_Length":101.1755428561903,"Shape_Area":286.26393519909209}},{"type":"Feature","id":144,"geometry":{"type":"Polygon","coordinates":[[[-77.436503056847172,37.549077135213636],[-77.436189603203502,37.548885584635372],[-77.436143923871327,37.548934859185032],[-77.436455812649754,37.549130041207029],[-77.436503056847172,37.549077135213636]]]},"properties":{"OBJECTID":144,"Address":"724 N 2nd Street","Name":null,"Use":null,"Notes":null,"ID":null,"Address_1":"724 N 2nd Street","Name_1":null,"Business_Type":"Leonard Drug Store","Identification":"Commercial","ID2level":"Medical","Notes_1":null,"Shape_Length":105.97547734148699,"Shape_Area":390.10474367982647}},{"type":"Feature","id":145,"geometry":{"type":"Polygon","coordinates":[[[-77.436455812649754,37.549130041207029],[-77.436143923871327,37.548934859185032],[-77.436098505050552,37.54898283604885],[-77.436412673753168,37.549176465323477],[-77.436455812649754,37.549130041207029]]]},"properties":{"OBJECTID":145,"Address":"726 N 2nd Street","Name":null,"Use":null,"Notes":null,"ID":null,"Address_1":"726 N 2nd Street","Name_1":null,"Business_Type":"Jones S D","Identification":"Residential","ID2level":"Residential","Notes_1":null,"Shape_Length":105.0481274795215,"Shape_Area":365.4809347944817}},{"type":"Feature","id":146,"geometry":{"type":"Polygon","coordinates":[[[-77.436412673753168,37.549176465323477],[-77.436098505050552,37.54898283604885],[-77.436041228468028,37.549043384155858],[-77.436355266016633,37.5492381613577],[-77.436412673753168,37.549176465323477]]]},"properties":{"OBJECTID":146,"Address":"728 N 2nd Street","Name":null,"Use":null,"Notes":null,"ID":null,"Address_1":"728 N 2nd Street","Name_1":null,"Business_Type":"Jones S D","Identification":"Residential","ID2level":"Residential","Notes_1":null,"Shape_Length":110.0737111243651,"Shape_Area":474.13376675010397}},{"type":"Feature","id":147,"geometry":{"type":"Polygon","coordinates":[[[-77.436355266016633,37.5492381613577],[-77.436041228468028,37.549043384155858],[-77.436004075046199,37.549082147054605],[-77.436320975525618,37.54927478894701],[-77.436355266016633,37.5492381613577]]]},"properties":{"OBJECTID":147,"Address":"730 N 2nd Street","Name":null,"Use":null,"Notes":null,"ID":null,"Address_1":"730 N 2nd Street","Name_1":null,"Business_Type":"Martin J W","Identification":"Residential","ID2level":"Residential","Notes_1":null,"Shape_Length":102.07862190013857,"Shape_Area":294.02364442850762}},{"type":"Feature","id":148,"geometry":{"type":"Polygon","coordinates":[[[-77.436320975525618,37.54927478894701],[-77.436004075046199,37.549082147054605],[-77.435964729735062,37.549124387665977],[-77.436281115479829,37.549316145596016],[-77.436320975525618,37.54927478894701]]]},"properties":{"OBJECTID":148,"Address":"732 N 2nd Street","Name":null,"Use":null,"Notes":null,"ID":null,"Address_1":"732 N 2nd Street","Name_1":null,"Business_Type":"Harris Mattie","Identification":"Residential","ID2level":"Residential","Notes_1":null,"Shape_Length":103.46660050937663,"Shape_Area":325.83912599047426}},{"type":"Feature","id":149,"geometry":{"type":"Polygon","coordinates":[[[-77.435771983614444,37.549329800806106],[-77.435724264208247,37.549379183318024],[-77.435908392790338,37.549494771328725],[-77.435956757186929,37.549445230070738],[-77.435771983614444,37.549329800806106]]]},"properties":{"OBJECTID":149,"Address":"744 N 2nd Street","Name":null,"Use":null,"Notes":null,"ID":null,"Address_1":"744 N 2nd Street","Name_1":null,"Business_Type":"Body Jno","Identification":"Residential","ID2level":"Residential","Notes_1":null,"Shape_Length":69.862081380193771,"Shape_Area":229.33434085158484}},{"type":"Feature","id":150,"geometry":{"type":"Polygon","coordinates":[[[-77.435724264208247,37.549379183318024],[-77.435672415246685,37.549433054852862],[-77.435857601145855,37.549547473334115],[-77.435908392790338,37.549494771328725],[-77.435724264208247,37.549379183318024]]]},"properties":{"OBJECTID":150,"Address":"746 N 2nd Street","Name":null,"Use":null,"Notes":null,"ID":null,"Address_1":"746 N 2nd Street","Name_1":null,"Business_Type":"Coplan Solomon","Identification":"Residential","ID2level":"Residential","Notes_1":null,"Shape_Length":71.107136049653747,"Shape_Area":246.04685111294282}},{"type":"Feature","id":151,"geometry":{"type":"Polygon","coordinates":[[[-77.435249024880235,37.549584018867563],[-77.435278824693142,37.549553540636005],[-77.435276243833329,37.54953574468761],[-77.435186200302525,37.549538710323162],[-77.435179492582293,37.54954760865369],[-77.435249024880235,37.549584018867563]]]},"properties":{"OBJECTID":151,"Address":"801 N 2nd Street","Name":null,"Use":null,"Notes":null,"ID":null,"Address_1":"801 N 2nd Street","Name_1":null,"Business_Type":"Washington Mernie","Identification":"Residential","ID2level":"Residential","Notes_1":null,"Shape_Length":28.693720268240682,"Shape_Area":44.842882768336629}},{"type":"Feature","id":152,"geometry":{"type":"Polygon","coordinates":[[[-77.435249024880235,37.549584018867563],[-77.435179492582293,37.54954760865369],[-77.435150337759737,37.549577268560668],[-77.435216774463214,37.549617259027713],[-77.435249024880235,37.549584018867563]]]},"properties":{"OBJECTID":152,"Address":"803 N 2nd Street","Name":null,"Use":null,"Notes":null,"ID":null,"Address_1":"803 N 2nd Street","Name_1":null,"Business_Type":"Johnson Henry","Identification":"Residential","ID2level":"Residential","Notes_1":null,"Shape_Length":29.729980038641564,"Shape_Area":51.751035764305904}},{"type":"Feature","id":153,"geometry":{"type":"Polygon","coordinates":[[[-77.435216774463214,37.549617259027713],[-77.435136521670671,37.549568833168948],[-77.43510137957675,37.549604046151281],[-77.435180895750761,37.549653991125204],[-77.435216774463214,37.549617259027713]]]},"properties":{"OBJECTID":153,"Address":"805 N 2nd Street","Name":null,"Use":null,"Notes":null,"ID":null,"Address_1":"805 N 2nd Street","Name_1":null,"Business_Type":"Langhorn George","Identification":"Residential","ID2level":"Residential","Notes_1":null,"Shape_Length":35.347669564803425,"Shape_Area":72.215309456456808}},{"type":"Feature","id":154,"geometry":{"type":"Polygon","coordinates":[[[-77.435178285246536,37.549658619759903],[-77.435000678433411,37.549544541884863],[-77.43494367224379,37.54959697891374],[-77.435128417968485,37.549710788206617],[-77.435178285246536,37.549658619759903]]]},"properties":{"OBJECTID":154,"Address":"807 N 2nd Street","Name":null,"Use":null,"Notes":null,"ID":null,"Address_1":"807 N 2nd Street","Name_1":null,"Business_Type":"Cephas L D","Identification":"Residential","ID2level":"Residential","Notes_1":null,"Shape_Length":70.400232924215047,"Shape_Area":243.28082415288011}},{"type":"Feature","id":155,"geometry":{"type":"Polygon","coordinates":[[[-77.435128417968485,37.549710788206617],[-77.434884802948289,37.549558884333976],[-77.434802160637091,37.549572768830579],[-77.435090109313194,37.549751044254961],[-77.435128417968485,37.549710788206617]]]},"properties":{"OBJECTID":155,"Address":"809 N 2nd Street","Name":null,"Use":null,"Notes":null,"ID":null,"Address_1":"809 N 2nd Street","Name_1":null,"Business_Type":"Norvell Peter","Identification":"Residential","ID2level":"Residential","Notes_1":null,"Shape_Length":91.656080143274551,"Shape_Area":268.50616602323134}},{"type":"Feature","id":156,"geometry":{"type":"Polygon","coordinates":[[[-77.435090109313194,37.549751044254961],[-77.434802160637091,37.549572768830579],[-77.434713794260887,37.549587532901306],[-77.435047177029134,37.54979634056275],[-77.435090109313194,37.549751044254961]]]},"properties":{"OBJECTID":156,"Address":"811 N 2nd Street","Name":null,"Use":null,"Notes":null,"ID":null,"Address_1":"811 N 2nd Street","Name_1":null,"Business_Type":"Giles Sarah E","Identification":"Residential","ID2level":"Residential","Notes_1":null,"Shape_Length":105.97403336233404,"Shape_Area":344.41537988264184}},{"type":"Feature","id":157,"geometry":{"type":"Polygon","coordinates":[[[-77.435000904808859,37.549847016130556],[-77.434828969060106,37.54973898660112],[-77.434786841666536,37.549780376466231],[-77.434962002367158,37.549888246401771],[-77.435000904808859,37.549847016130556]]]},"properties":{"OBJECTID":157,"Address":"815 N 2nd Street","Name":null,"Use":null,"Notes":null,"ID":null,"Address_1":"815 N 2nd Street","Name_1":null,"Business_Type":"Johnson Addie T","Identification":"Residential","ID2level":"Residential","Notes_1":null,"Shape_Length":63.808902252598585,"Shape_Area":180.41777246082756}},{"type":"Feature","id":158,"geometry":{"type":"Polygon","coordinates":[[[-77.434962002367158,37.549888246401771],[-77.434786841666536,37.549780376466231],[-77.434746859449874,37.54982276410847],[-77.434921105665524,37.549930919576703],[-77.434962002367158,37.549888246401771]]]},"properties":{"OBJECTID":158,"Address":"817 N 2nd Street","Name":null,"Use":null,"Notes":null,"ID":null,"Address_1":"817 N 2nd Street","Name_1":null,"Business_Type":"Oliver Nannie","Identification":"Residential","ID2level":"Residential","Notes_1":null,"Shape_Length":64.281435613138257,"Shape_Area":184.40860914613012}},{"type":"Feature","id":159,"geometry":{"type":"Polygon","coordinates":[[[-77.434921105665524,37.549930919576703],[-77.434585725044101,37.549722746156164],[-77.434553831258256,37.549756252619581],[-77.434890527013266,37.549963668161205],[-77.434921105665524,37.549930919576703]]]},"properties":{"OBJECTID":159,"Address":"819 N 2nd Street","Name":null,"Use":null,"Notes":null,"ID":null,"Address_1":"819 N 2nd Street","Name_1":null,"Business_Type":"Adams Ida","Identification":"Residential","ID2level":"Residential","Notes_1":null,"Shape_Length":106.49571638875229,"Shape_Area":275.44919324830983}},{"type":"Feature","id":160,"geometry":{"type":"Polygon","coordinates":[[[-77.434890527013266,37.549963668161205],[-77.434553831258256,37.549756252619581],[-77.43452134278769,37.549789860201194],[-77.434858276596259,37.549998994197438],[-77.434890527013266,37.549963668161205]]]},"properties":{"OBJECTID":160,"Address":"821 N 2nd Street","Name":null,"Use":null,"Notes":null,"ID":null,"Address_1":"821 N 2nd Street","Name_1":null,"Business_Type":"Barrett Joseph","Identification":"Residential","ID2level":"Residential","Notes_1":null,"Shape_Length":107.16834449666078,"Shape_Area":286.82568654283654}},{"type":"Feature","id":161,"geometry":{"type":"Polygon","coordinates":[[[-77.434858276596259,37.549998994197438],[-77.43452134278769,37.549789860201194],[-77.43443671789467,37.549878947140492],[-77.4347747314782,37.550088590824231],[-77.434858276596259,37.549998994197438]]]},"properties":{"OBJECTID":161,"Address":"825 N 2nd Street","Name":null,"Use":null,"Notes":null,"ID":null,"Address_1":"825 N 2nd Street","Name_1":null,"Business_Type":"Kittenplan Morris","Identification":"Residential","ID2level":"Residential","Notes_1":null,"Shape_Length":126.71188494915606,"Shape_Area":746.45424855301667}},{"type":"Feature","id":162,"geometry":{"type":"Polygon","coordinates":[[[-77.4347747314782,37.550088590824231],[-77.434559201387017,37.549954913745673],[-77.434492364034952,37.550025896984401],[-77.434706611331876,37.55016034453859],[-77.4347747314782,37.550088590824231]]]},"properties":{"OBJECTID":162,"Address":"827 N 2nd Street","Name":null,"Use":null,"Notes":null,"ID":null,"Address_1":"827 N 2nd Street","Name_1":null,"Business_Type":"Jackson Hattie L","Identification":"Residential","ID2level":"Residential","Notes_1":null,"Shape_Length":85.926397731377705,"Shape_Area":381.1077991002295}},{"type":"Feature","id":163,"geometry":{"type":"Polygon","coordinates":[[[-77.434906265497048,37.550248198926433],[-77.435155103322316,37.550322918091595],[-77.435168003129803,37.550292874604899],[-77.4350306237734,37.55025904077003],[-77.434943547377969,37.550208618314066],[-77.434906265497048,37.550248198926433]]]},"properties":{"OBJECTID":163,"Address":"824 N 2nd Street","Name":null,"Use":null,"Notes":null,"ID":null,"Address_1":"824 N 2nd Street","Name_1":null,"Business_Type":"Gardner Phillip","Identification":"Residential","ID2level":"Residential","Notes_1":null,"Shape_Length":69.030294948244531,"Shape_Area":128.82739698938209}},{"type":"Feature","id":164,"geometry":{"type":"Polygon","coordinates":[[[-77.434943547377969,37.550208618314066],[-77.4350306237734,37.55025904077003],[-77.435168003129803,37.550292874604899],[-77.435186974650279,37.550246256040545],[-77.435039403906984,37.550210254954116],[-77.434974700952012,37.550176535746267],[-77.434943547377969,37.550208618314066]]]},"properties":{"OBJECTID":164,"Address":"822 N 2nd Street","Name":null,"Use":null,"Notes":null,"ID":null,"Address_1":"822 N 2nd Street","Name_1":null,"Business_Type":"Cook Martha","Identification":"Residential","ID2level":"Residential","Notes_1":null,"Shape_Length":66.387376517958828,"Shape_Area":174.89468328513249}},{"type":"Feature","id":165,"geometry":{"type":"Polygon","coordinates":[[[-77.434974700952012,37.550176535746267],[-77.435039403906984,37.550210254954116],[-77.435186974650279,37.550246256040545],[-77.435346545089146,37.550291257196108],[-77.435407558663258,37.55022881208518],[-77.435029047230088,37.550117370945429],[-77.434974700952012,37.550176535746267]]]},"properties":{"OBJECTID":165,"Address":"820 N 2nd Street","Name":null,"Use":null,"Notes":null,"ID":null,"Address_1":"820 N 2nd Street","Name_1":null,"Business_Type":"Newman J M Dr","Identification":"Residential","ID2level":"Residential","Notes_1":null,"Shape_Length":110.97557503462731,"Shape_Area":491.49324192846393}},{"type":"Feature","id":166,"geometry":{"type":"Polygon","coordinates":[[[-77.435029047230088,37.550117370945429],[-77.435407558663258,37.55022881208518],[-77.435463535383548,37.550170817474189],[-77.435084528080338,37.550059182528472],[-77.435029047230088,37.550117370945429]]]},"properties":{"OBJECTID":166,"Address":"818 N 2nd Street","Name":null,"Use":null,"Notes":null,"ID":null,"Address_1":"818 N 2nd Street","Name_1":null,"Business_Type":"Anderson William","Identification":"Residential","ID2level":"Residential","Notes_1":null,"Shape_Length":110.45133825185995,"Shape_Area":441.06531858689254}},{"type":"Feature","id":167,"geometry":{"type":"Polygon","coordinates":[[[-77.435084528080338,37.550059182528472],[-77.435463535383548,37.550170817474189],[-77.435504653969048,37.550128933557239],[-77.435124867826488,37.550016250897023],[-77.435084528080338,37.550059182528472]]]},"properties":{"OBJECTID":167,"Address":"816 N 2nd Street","Name":null,"Use":null,"Notes":null,"ID":null,"Address_1":"816 N 2nd Street","Name_1":null,"Business_Type":"Lomax Cicero","Identification":"Residential","ID2level":"Residential","Notes_1":null,"Shape_Length":105.1187226151737,"Shape_Area":322.88305444921355}},{"type":"Feature","id":168,"geometry":{"type":"Polygon","coordinates":[[[-77.435124867826488,37.550016250897023],[-77.435504653969048,37.550128933557239],[-77.435546426528063,37.550084611745447],[-77.435165818427024,37.549972668286181],[-77.435124867826488,37.550016250897023]]]},"properties":{"OBJECTID":168,"Address":"814 N 2nd Street","Name":null,"Use":null,"Notes":null,"ID":null,"Address_1":"814 N 2nd Street","Name_1":null,"Business_Type":"Hatcher James","Identification":"Residential","ID2level":"Residential","Notes_1":null,"Shape_Length":105.73111261630136,"Shape_Area":333.79976854184798}},{"type":"Feature","id":169,"geometry":{"type":"Polygon","coordinates":[[[-77.435165818427024,37.549972668286181],[-77.435546426528063,37.550084611745447],[-77.435593202703231,37.550037409043881],[-77.435211227366324,37.549923780437531],[-77.435165818427024,37.549972668286181]]]},"properties":{"OBJECTID":169,"Address":"812 N 2nd Street","Name":null,"Use":null,"Notes":null,"ID":null,"Address_1":"812 N 2nd Street","Name_1":null,"Business_Type":"Booth J H","Identification":"Residential","ID2level":"Residential","Notes_1":null,"Shape_Length":107.55981092654986,"Shape_Area":367.5908613731259}},{"type":"Feature","id":170,"geometry":{"type":"Polygon","coordinates":[[[-77.435593202703231,37.550037409043881],[-77.435672119700953,37.549956163664305],[-77.435288943316493,37.549840304306585],[-77.435211227366324,37.549923780437531],[-77.435593202703231,37.550037409043881]]]},"properties":{"OBJECTID":170,"Address":"808 N 2nd Street","Name":null,"Use":null,"Notes":null,"ID":null,"Address_1":"808 N 2nd Street","Name_1":null,"Business_Type":"Tatum Eliza","Identification":"Residential","ID2level":"Residential","Notes_1":null,"Shape_Length":120.03383113030856,"Shape_Area":632.95687081923893}},{"type":"Feature","id":171,"geometry":{"type":"Polygon","coordinates":[[[-77.435672119700953,37.549956163664305],[-77.435711111075847,37.549914371501103],[-77.435330296362309,37.549797571966693],[-77.435288943316493,37.549840304306585],[-77.435672119700953,37.549956163664305]]]},"properties":{"OBJECTID":171,"Address":"806 N 2nd Street","Name":null,"Use":null,"Notes":null,"ID":null,"Address_1":"806 N 2nd Street","Name_1":null,"Business_Type":"Richardson C L","Identification":"Residential","ID2level":"Residential","Notes_1":null,"Shape_Length":105.96687162616537,"Shape_Area":325.37823543848202}},{"type":"Feature","id":172,"geometry":{"type":"Polygon","coordinates":[[[-77.435330296362309,37.549797571966693],[-77.435500733721156,37.549849846434753],[-77.435518526651975,37.549811698568803],[-77.43536124152719,37.549764266364001],[-77.435330296362309,37.549797571966693]]]},"properties":{"OBJECTID":172,"Address":"804 1/2 N 2nd Street","Name":null,"Use":null,"Notes":null,"ID":null,"Address_1":"804 1/2 N 2nd Street","Name_1":null,"Business_Type":"Vacant","Identification":"Vacant","ID2level":"Vacant","Notes_1":null,"Shape_Length":50.594992670606558,"Shape_Area":110.49183256608369}},{"type":"Feature","id":173,"geometry":{"type":"Polygon","coordinates":[[[-77.43536124152719,37.549764266364001],[-77.435518526651975,37.549811698568803],[-77.435500733721156,37.549849846434753],[-77.435711111075847,37.549914371501103],[-77.435775865234788,37.549848050964997],[-77.43539131442796,37.549733035403939],[-77.43536124152719,37.549764266364001]]]},"properties":{"OBJECTID":173,"Address":"804 N 2nd Street","Name":null,"Use":null,"Notes":null,"ID":null,"Address_1":"804 N 2nd Street","Name_1":null,"Business_Type":"Birch Ella","Identification":"Residential","ID2level":"Residential","Notes_1":null,"Shape_Length":112.59975479126126,"Shape_Area":395.06635983268518}},{"type":"Feature","id":174,"geometry":{"type":"Polygon","coordinates":[[[-77.43539131442796,37.549733035403939],[-77.435633757146732,37.549805547959821],[-77.435657607417511,37.549755926429107],[-77.435434070642216,37.549685771229953],[-77.43539131442796,37.549733035403939]]]},"properties":{"OBJECTID":174,"Address":"802 1/2 N 2nd Street","Name":null,"Use":null,"Notes":null,"ID":null,"Address_1":"802 1/2 N 2nd Street","Name_1":null,"Business_Type":"Grant Annie","Identification":"Residential","ID2level":"Residential","Notes_1":null,"Shape_Length":71.230610022880001,"Shape_Area":213.54547135358669}},{"type":"Feature","id":175,"geometry":{"type":"Polygon","coordinates":[[[-77.435434070642216,37.549685771229953],[-77.435657607417511,37.549755926429107],[-77.435680586322491,37.549729398165312],[-77.435593509028749,37.549701751727497],[-77.43560096684223,37.549685771229953],[-77.435475995914857,37.549642943365654],[-77.435434070642216,37.549685771229953]]]},"properties":{"OBJECTID":175,"Address":"802 N 2nd Street","Name":null,"Use":null,"Notes":null,"ID":null,"Address_1":"802 N 2nd Street","Name_1":null,"Business_Type":"Hunt Mary","Identification":"Residential","ID2level":"Residential","Notes_1":null,"Shape_Length":66.883281536294334,"Shape_Area":159.22028922475016}},{"type":"Feature","id":176,"geometry":{"type":"Polygon","coordinates":[[[-77.435475995914857,37.549642943365654],[-77.43560096684223,37.549685771229953],[-77.435593509028749,37.549701751727497],[-77.435680586322491,37.549729398165312],[-77.435747985121623,37.549660358257682],[-77.435524082732016,37.549593782525143],[-77.435475995914857,37.549642943365654]]]},"properties":{"OBJECTID":176,"Address":"800 N 2nd Street","Name":null,"Use":null,"Notes":null,"ID":null,"Address_1":"800 N 2nd Street","Name_1":null,"Business_Type":"Panattoni Angelina Mrs","Identification":"Residential","ID2level":"Residential","Notes_1":null,"Shape_Length":75.603061370679967,"Shape_Area":263.49450049324128}},{"type":"Feature","id":177,"geometry":{"type":"Polygon","coordinates":[[[-77.434610898533307,37.550237754489785],[-77.434440613888043,37.550134297155601],[-77.434399170112428,37.550179470019472],[-77.434568012961634,37.550284353830008],[-77.434610898533307,37.550237754489785]]]},"properties":{"OBJECTID":177,"Address":"901 N 2nd Street","Name":null,"Use":null,"Notes":null,"ID":null,"Address_1":"901 N 2nd Street","Name_1":null,"Business_Type":"Jamison J W","Identification":"Residential","ID2level":"Residential","Notes_1":null,"Shape_Length":63.702265707290152,"Shape_Area":190.26699489460736}},{"type":"Feature","id":178,"geometry":{"type":"Polygon","coordinates":[[[-77.434568012961634,37.550284353830008],[-77.43435310091138,37.550150852304412],[-77.434308481591231,37.550198581251429],[-77.434524628825002,37.550330888330848],[-77.434568012961634,37.550284353830008]]]},"properties":{"OBJECTID":178,"Address":"903 N 2nd Street","Name":null,"Use":null,"Notes":null,"ID":null,"Address_1":"903 N 2nd Street","Name_1":null,"Business_Type":"Taylor Gilbert","Identification":"Residential","ID2level":"Residential","Notes_1":null,"Shape_Length":77.257875045691705,"Shape_Area":250.18384766134722}},{"type":"Feature","id":179,"geometry":{"type":"Polygon","coordinates":[[[-77.434524628825002,37.550330888330848],[-77.434308481591231,37.550198581251429],[-77.434255080340847,37.550253806801329],[-77.434470773027087,37.550387878614949],[-77.434524628825002,37.550330888330848]]]},"properties":{"OBJECTID":179,"Address":"905 N 2nd Street","Name":null,"Use":null,"Notes":null,"ID":null,"Address_1":"905 N 2nd Street","Name_1":null,"Business_Type":"Racks Julia","Identification":"Residential","ID2level":"Residential","Notes_1":null,"Shape_Length":80.678435673348829,"Shape_Area":301.00249632009672}},{"type":"Feature","id":180,"geometry":{"type":"Polygon","coordinates":[[[-77.434470773027087,37.550387878614949],[-77.43414736874503,37.550187091295058],[-77.434097013681779,37.550239747229995],[-77.434339219245302,37.550391474513773],[-77.434331310477532,37.550399183368292],[-77.434426278572744,37.550458048109434],[-77.434484492098107,37.550397169978559],[-77.434470773027087,37.550387878614949]]]},"properties":{"OBJECTID":180,"Address":"907 N 2nd Street","Name":null,"Use":null,"Notes":null,"ID":null,"Address_1":"907 N 2nd Street","Name_1":null,"Business_Type":"Cross Mildred A","Identification":"Residential","ID2level":"Residential","Notes_1":null,"Shape_Length":116.91731807899129,"Shape_Area":465.90812006447146}},{"type":"Feature","id":181,"geometry":{"type":"Polygon","coordinates":[[[-77.434426278572744,37.550458048109434],[-77.434332214182717,37.550399743869775],[-77.434339219245302,37.550391474513773],[-77.434097013681779,37.550239747229995],[-77.434041562475912,37.550299196101903],[-77.434378912204437,37.550508835042599],[-77.434426278572744,37.550458048109434]]]},"properties":{"OBJECTID":181,"Address":"911 N 2nd Street","Name":null,"Use":null,"Notes":null,"ID":null,"Address_1":"911 N 2nd Street","Name_1":null,"Business_Type":"Detwiler Samuel","Identification":"Residential","ID2level":"Residential","Notes_1":null,"Shape_Length":116.01856295047581,"Shape_Area":472.59357863948355}},{"type":"Feature","id":182,"geometry":{"type":"Polygon","coordinates":[[[-77.434378912204437,37.550508835042599],[-77.434041562475912,37.550299196101903],[-77.433999471913282,37.550343398848582],[-77.434337478310269,37.550552557643051],[-77.434378912204437,37.550508835042599]]]},"properties":{"OBJECTID":182,"Address":"913 N 2nd Street","Name":null,"Use":null,"Notes":null,"ID":null,"Address_1":"913 N 2nd Street","Name_1":null,"Business_Type":"McGruder Walter","Identification":"Residential","ID2level":"Residential","Notes_1":null,"Shape_Length":110.9011988293401,"Shape_Area":368.72351117521828}},{"type":"Feature","id":183,"geometry":{"type":"Polygon","coordinates":[[[-77.434272697201891,37.550621863086356],[-77.434094220819546,37.550510837746351],[-77.434067469888703,37.550536119384084],[-77.434247716850464,37.550648287051573],[-77.434272697201891,37.550621863086356]]]},"properties":{"OBJECTID":183,"Address":"917 N 2nd Street","Name":null,"Use":null,"Notes":null,"ID":null,"Address_1":"917 N 2nd Street","Name_1":null,"Business_Type":"Jones H S","Identification":"Residential","ID2level":"Residential","Notes_1":null,"Shape_Length":60.031744788750302,"Shape_Area":117.59561244238063}},{"type":"Feature","id":184,"geometry":{"type":"Polygon","coordinates":[[[-77.434067469888703,37.550536119384084],[-77.434040121578207,37.55056243441333],[-77.434222391545973,37.550674923242312],[-77.434247716850464,37.550648287051573],[-77.434067469888703,37.550536119384084]]]},"properties":{"OBJECTID":184,"Address":"919 N 2nd Street","Name":null,"Use":null,"Notes":null,"ID":null,"Address_1":"919 N 2nd Street","Name_1":null,"Business_Type":"Powell Lillie B","Identification":"Residential","ID2level":"Residential","Notes_1":null,"Shape_Length":60.692010092245702,"Shape_Area":121.24971532513543}},{"type":"Feature","id":185,"geometry":{"type":"Polygon","coordinates":[[[-77.434222391545973,37.550674923242312],[-77.433987996833835,37.550530265109643],[-77.433939393485389,37.550581318355789],[-77.434175661184895,37.550726182214333],[-77.434222391545973,37.550674923242312]]]},"properties":{"OBJECTID":185,"Address":"921 N 2nd Street","Name":null,"Use":null,"Notes":null,"ID":null,"Address_1":"921 N 2nd Street","Name_1":null,"Business_Type":"Young G W","Identification":"Residential","ID2level":"Residential","Notes_1":null,"Shape_Length":84.17670834491382,"Shape_Area":296.02333446502934}},{"type":"Feature","id":186,"geometry":{"type":"Polygon","coordinates":[[[-77.434175661184895,37.550726182214333],[-77.433939393485389,37.550581318355789],[-77.43388901596424,37.550632200639491],[-77.434124869540426,37.550780367566475],[-77.434175661184895,37.550726182214333]]]},"properties":{"OBJECTID":186,"Address":"923 N 2nd Street","Name":null,"Use":null,"Notes":null,"ID":null,"Address_1":"923 N 2nd Street","Name_1":null,"Business_Type":"Donovan Alfred","Identification":"Residential","ID2level":"Residential","Notes_1":null,"Shape_Length":85.308895949695895,"Shape_Area":309.67916775901}},{"type":"Feature","id":187,"geometry":{"type":"Polygon","coordinates":[[[-77.434062601918171,37.550847397332227],[-77.43394265886144,37.55077071018161],[-77.433912921930599,37.550800548363142],[-77.434034936502371,37.550877060995163],[-77.434062601918171,37.550847397332227]]]},"properties":{"OBJECTID":187,"Address":"1001 N 2nd Street","Name":null,"Use":null,"Notes":null,"ID":null,"Address_1":"1001 N 2nd Street","Name_1":null,"Business_Type":"Francis George","Identification":"Residential","ID2level":"Residential","Notes_1":null,"Shape_Length":44.990113349466782,"Shape_Area":90.621288386021149}},{"type":"Feature","id":188,"geometry":{"type":"Polygon","coordinates":[[[-77.433912921930599,37.550800548363142],[-77.433891850148981,37.55082339632866],[-77.434013054440371,37.550899353424903],[-77.434034936502371,37.550877060995163],[-77.433912921930599,37.550800548363142]]]},"properties":{"OBJECTID":188,"Address":"1003 N 2nd Street","Name":null,"Use":null,"Notes":null,"ID":null,"Address_1":"1003 N 2nd Street","Name_1":null,"Business_Type":"Evans Robert","Identification":"Residential","ID2level":"Residential","Notes_1":null,"Shape_Length":42.456746998186048,"Shape_Area":68.493292619315056}},{"type":"Feature","id":189,"geometry":{"type":"Polygon","coordinates":[[[-77.434013054440371,37.550899353424903],[-77.433891850148981,37.55082339632866],[-77.433837314326396,37.550881735134439],[-77.43395798681513,37.550956214367027],[-77.434013054440371,37.550899353424903]]]},"properties":{"OBJECTID":189,"Address":"1005 N 2nd Street","Name":null,"Use":null,"Notes":null,"ID":null,"Address_1":"1005 N 2nd Street","Name_1":null,"Business_Type":"Haskins W J","Identification":"Residential","ID2level":"Residential","Notes_1":null,"Shape_Length":54.484168610891203,"Shape_Area":173.31254011982844}},{"type":"Feature","id":190,"geometry":{"type":"Polygon","coordinates":[[[-77.43395798681513,37.550956214367027],[-77.433858001629062,37.550894503374458],[-77.433850983091759,37.550901297005964],[-77.433612351924737,37.550752417410422],[-77.433561097647896,37.55080515698517],[-77.433815485264986,37.550966019864362],[-77.433822129204813,37.550957900132133],[-77.433907385613495,37.551011227833882],[-77.43395798681513,37.550956214367027]]]},"properties":{"OBJECTID":190,"Address":"1009 N 2nd Street","Name":null,"Use":null,"Notes":null,"ID":null,"Address_1":"1009 N 2nd Street","Name_1":null,"Business_Type":"Campbell C W","Identification":"Residential","ID2level":"Residential","Notes_1":null,"Shape_Length":117.72081570107936,"Shape_Area":458.56033128943739}},{"type":"Feature","id":191,"geometry":{"type":"Polygon","coordinates":[[[-77.433907385613495,37.551011227833882],[-77.433822129204813,37.550957900132133],[-77.433815485264986,37.550966019864362],[-77.43377667265483,37.550941476918645],[-77.433732110826824,37.550989080013139],[-77.433854880881754,37.551067312399503],[-77.433907385613495,37.551011227833882]]]},"properties":{"OBJECTID":191,"Address":"1011 N 2nd Street","Name":null,"Use":null,"Notes":null,"ID":null,"Address_1":"1011 N 2nd Street","Name_1":null,"Business_Type":"Felder Herbert","Identification":"Residential","ID2level":"Residential","Notes_1":null,"Shape_Length":54.639054538743487,"Shape_Area":163.09908496709116}},{"type":"Feature","id":192,"geometry":{"type":"Polygon","coordinates":[[[-77.433854880881754,37.551067312399503],[-77.433732110826824,37.550989080013139],[-77.433677191423627,37.551045121151603],[-77.433802165944272,37.551123897594771],[-77.433854880881754,37.551067312399503]]]},"properties":{"OBJECTID":192,"Address":"1013 N 2nd Street","Name":null,"Use":null,"Notes":null,"ID":null,"Address_1":"1013 N 2nd Street","Name_1":null,"Business_Type":"Ellis R T","Identification":"Residential","ID2level":"Residential","Notes_1":null,"Shape_Length":55.149443241685773,"Shape_Area":175.06987739652749}},{"type":"Feature","id":193,"geometry":{"type":"Polygon","coordinates":[[[-77.434781132872914,37.550381055024218],[-77.434943170983857,37.550483455824306],[-77.43499689832268,37.550398506065967],[-77.434815834792332,37.55034495215822],[-77.434781132872914,37.550381055024218]]]},"properties":{"OBJECTID":193,"Address":"900 N 2nd Street","Name":null,"Use":null,"Notes":null,"ID":null,"Address_1":"900 N 2nd Street","Name_1":null,"Business_Type":"Foster Ernest","Identification":"Residential","ID2level":"Residential","Notes_1":null,"Shape_Length":64.296781064378266,"Shape_Area":216.1848756620592}},{"type":"Feature","id":194,"geometry":{"type":"Polygon","coordinates":[[[-77.434777368033565,37.55038540158251],[-77.434742698453491,37.55042247658178],[-77.434827316159982,37.550474227857208],[-77.434863034073999,37.550437178522834],[-77.434777368033565,37.55038540158251]]]},"properties":{"OBJECTID":194,"Address":"902 N 2nd Street","Name":null,"Use":null,"Notes":null,"ID":null,"Address_1":"902 N 2nd Street","Name_1":null,"Business_Type":"Lewis W H","Identification":"Residential","ID2level":"Residential","Notes_1":null,"Shape_Length":36.915935399094558,"Shape_Area":77.797294536889183}},{"type":"Feature","id":195,"geometry":{"type":"Polygon","coordinates":[[[-77.434742698453491,37.55042247658178],[-77.434709665603847,37.550457250445902],[-77.434794915724311,37.55050860072911],[-77.434827316159982,37.550474227857208],[-77.434742698453491,37.55042247658178]]]},"properties":{"OBJECTID":195,"Address":"904 N 2nd Street","Name":null,"Use":null,"Notes":null,"ID":null,"Address_1":"904 N 2nd Street","Name_1":null,"Business_Type":"James F E","Identification":"Residential","ID2level":"Residential","Notes_1":null,"Shape_Length":35.952445638846278,"Shape_Area":72.259560387550763}},{"type":"Feature","id":196,"geometry":{"type":"Polygon","coordinates":[[[-77.43476242905038,37.550579295712346],[-77.434878642302053,37.550621195044627],[-77.434929656728713,37.550546798804504],[-77.434907100031936,37.550535006929536],[-77.434898424102926,37.550548567193879],[-77.434819243898843,37.550517238278971],[-77.434794915724311,37.55050860072911],[-77.434709665603847,37.550457250445902],[-77.43465014502975,37.55051772969631],[-77.434734119542512,37.550569343451244],[-77.43476242905038,37.550579295712346]]]},"properties":{"OBJECTID":196,"Address":"906 N 2nd Street","Name":null,"Use":null,"Notes":null,"ID":null,"Address_1":"906 N 2nd Street","Name_1":null,"Business_Type":"Parham A W","Identification":"Residential","ID2level":"Residential","Notes_1":null,"Shape_Length":82.027318402659773,"Shape_Area":307.76681688999042}},{"type":"Feature","id":197,"geometry":{"type":"Polygon","coordinates":[[[-77.434582184783565,37.550592593879685],[-77.4347114379799,37.550673258124554],[-77.434757188279008,37.55062761550932],[-77.434718509517822,37.550603653605847],[-77.434713859837913,37.550610690835605],[-77.434619806227659,37.550551372544476],[-77.434582184783565,37.550592593879685]]]},"properties":{"OBJECTID":197,"Address":"908 N 2nd Street","Name":null,"Use":null,"Notes":null,"ID":null,"Address_1":"908 N 2nd Street","Name_1":null,"Business_Type":"Edgerton Robert","Identification":"Residential","ID2level":"Residential","Notes_1":null,"Shape_Length":53.600013674818854,"Shape_Area":136.97378660943266}},{"type":"Feature","id":198,"geometry":{"type":"Polygon","coordinates":[[[-77.434582184783565,37.550592593879685],[-77.434539608232356,37.550638232243223],[-77.434663650301729,37.55070933448026],[-77.434704404171228,37.550668868139063],[-77.434582184783565,37.550592593879685]]]},"properties":{"OBJECTID":198,"Address":"910 N 2nd Street","Name":null,"Use":null,"Notes":null,"ID":null,"Address_1":"910 N 2nd Street","Name_1":null,"Business_Type":"Braxton Mary E","Identification":"Residential","ID2level":"Residential","Notes_1":null,"Shape_Length":49.595508345713817,"Shape_Area":130.84699102070812}},{"type":"Feature","id":199,"geometry":{"type":"Polygon","coordinates":[[[-77.434539608232356,37.550638232243223],[-77.434508090840623,37.550672657742091],[-77.434583706529651,37.550694963764677],[-77.434605398148832,37.550675943821282],[-77.434539608232356,37.550638232243223]]]},"properties":{"OBJECTID":199,"Address":"912 N 2nd Street","Name":null,"Use":null,"Notes":null,"ID":null,"Address_1":"912 N 2nd Street","Name_1":null,"Business_Type":"Taliaferro J T","Identification":"Residential","ID2level":"Residential","Notes_1":null,"Shape_Length":27.591893295838688,"Shape_Area":42.010521485880147}},{"type":"Feature","id":200,"geometry":{"type":"Polygon","coordinates":[[[-77.43450782044772,37.550673944682949],[-77.434459492882056,37.550722815659064],[-77.434542584350893,37.550773573211735],[-77.434569773659604,37.550747298852244],[-77.434731385969101,37.550791195800905],[-77.434750485050358,37.550747018958894],[-77.434564524803406,37.550694054288726],[-77.434554569673423,37.550704075616288],[-77.43450782044772,37.550673944682949]]]},"properties":{"OBJECTID":200,"Address":"914 N 2nd Street","Name":null,"Use":null,"Notes":null,"ID":null,"Address_1":"914 N 2nd Street","Name_1":null,"Business_Type":"Payne J C","Identification":"Residential","ID2level":"Residential","Notes_1":null,"Shape_Length":81.236793702336954,"Shape_Area":233.53796445546996}},{"type":"Feature","id":201,"geometry":{"type":"Polygon","coordinates":[[[-77.434396427555853,37.55078865824521],[-77.434529186876745,37.550872441694679],[-77.434629251114558,37.550901242166894],[-77.434644772206042,37.550876106653149],[-77.434714511116496,37.550897117131477],[-77.434726279046714,37.550868697682304],[-77.434547994903852,37.550817864701614],[-77.434436981999355,37.550746923524549],[-77.434396427555853,37.55078865824521]]]},"properties":{"OBJECTID":201,"Address":"916 N 2nd Street","Name":null,"Use":null,"Notes":null,"ID":null,"Address_1":"916 N 2nd Street","Name_1":null,"Business_Type":"Woodson Andrew","Identification":"Residential","ID2level":"Residential","Notes_1":null,"Shape_Length":91.534864343457514,"Shape_Area":260.7490126110643}},{"type":"Feature","id":202,"geometry":{"type":"Polygon","coordinates":[[[-77.434392385137087,37.550794512499351],[-77.434334473445659,37.550857182190228],[-77.43446319034777,37.550897063004612],[-77.434500811791878,37.550864387474199],[-77.434392385137087,37.550794512499351]]]},"properties":{"OBJECTID":202,"Address":"918 N 2nd Street","Name":null,"Use":null,"Notes":null,"ID":null,"Address_1":"918 N 2nd Street","Name_1":null,"Business_Type":"Irby A L","Identification":"Residential","ID2level":"Residential","Notes_1":null,"Shape_Length":48.058911266502605,"Shape_Area":129.32572364173021}},{"type":"Feature","id":203,"geometry":{"type":"Polygon","coordinates":[[[-77.434197200090466,37.551003531862172],[-77.434254684183799,37.551021788249798],[-77.434270006747596,37.551006551566154],[-77.43422144023009,37.550976969857146],[-77.434197200090466,37.551003531862172]]]},"properties":{"OBJECTID":203,"Address":"928 N 2nd Street","Name":null,"Use":null,"Notes":null,"ID":null,"Address_1":"928 N 2nd Street","Name_1":null,"Business_Type":"Vacant","Identification":"Vacant","ID2level":"Vacant","Notes_1":null,"Shape_Length":21.050712566471947,"Shape_Area":24.7172047829295}},{"type":"Feature","id":204,"geometry":{"type":"Polygon","coordinates":[[[-77.43422144023009,37.550976969857146],[-77.434270006747596,37.551006551566154],[-77.434314183198325,37.551034970250555],[-77.434325808296421,37.551023241125911],[-77.4343750539403,37.55103915937584],[-77.434392174032979,37.551024246031844],[-77.434247605459362,37.550950684886409],[-77.43422144023009,37.550976969857146]]]},"properties":{"OBJECTID":204,"Address":"926 N 2nd Street","Name":null,"Use":null,"Notes":null,"ID":null,"Address_1":"926 N 2nd Street","Name_1":null,"Business_Type":"Waller Mary A","Identification":"Residential","ID2level":"Residential","Notes_1":null,"Shape_Length":47.821073879514358,"Shape_Area":88.986595196459376}},{"type":"Feature","id":205,"geometry":{"type":"Polygon","coordinates":[[[-77.434247605459362,37.550950684886409],[-77.434392174032979,37.551024246031844],[-77.434406546179204,37.551008997953609],[-77.434356032114167,37.550992911619332],[-77.434352015746512,37.55099559231919],[-77.434259230557458,37.550937614685388],[-77.434247605459362,37.550950684886409]]]},"properties":{"OBJECTID":205,"Address":"924 N 2nd Street","Name":null,"Use":null,"Notes":null,"ID":null,"Address_1":"924 N 2nd Street","Name_1":null,"Business_Type":"Haskins W J","Identification":"Residential","ID2level":"Residential","Notes_1":null,"Shape_Length":43.836610120482064,"Shape_Area":33.599520629885156}},{"type":"Feature","id":206,"geometry":{"type":"Polygon","coordinates":[[[-77.434259230557458,37.550937614685388],[-77.434352015746512,37.55099559231919],[-77.434356032114167,37.550992911619332],[-77.434387180298316,37.551002831062952],[-77.434420572474053,37.55096532333792],[-77.434390001008325,37.550955886045237],[-77.434383373238148,37.5509625350956],[-77.43429052426869,37.55090435374823],[-77.434259230557458,37.550937614685388]]]},"properties":{"OBJECTID":206,"Address":"922 N 2nd Street","Name":null,"Use":null,"Notes":null,"ID":null,"Address_1":"922 N 2nd Street","Name_1":null,"Business_Type":"Wood Emma","Identification":"Residential","ID2level":"Residential","Notes_1":null,"Shape_Length":47.761457451200364,"Shape_Area":100.14829010428265}},{"type":"Feature","id":207,"geometry":{"type":"Polygon","coordinates":[[[-77.43429052426869,37.55090435374823],[-77.434383373238148,37.5509625350956],[-77.434390001008325,37.550955886045237],[-77.434420572474053,37.55096532333792],[-77.434440997468684,37.550974438717518],[-77.434479413921807,37.550942158489164],[-77.434427335889836,37.55091234529116],[-77.434422466122683,37.550916634842849],[-77.434331560209188,37.550860086524388],[-77.43429052426869,37.55090435374823]]]},"properties":{"OBJECTID":207,"Address":"920 N 2nd Street","Name":null,"Use":null,"Notes":null,"ID":null,"Address_1":"920 N 2nd Street","Name_1":null,"Business_Type":"Crumpler Claude","Identification":"Residential","ID2level":"Residential","Notes_1":null,"Shape_Length":55.394709713014933,"Shape_Area":145.60322559457913}},{"type":"Feature","id":208,"geometry":{"type":"Polygon","coordinates":[[[-77.434141147911674,37.551073521304268],[-77.434095573682356,37.551120911368663],[-77.434302638050298,37.55123585072004],[-77.434384894085909,37.551139193366446],[-77.434141147911674,37.551073521304268]]]},"properties":{"OBJECTID":208,"Address":"1000 N 2nd Street","Name":null,"Use":null,"Notes":null,"ID":null,"Address_1":"1000 N 2nd Street","Name_1":null,"Business_Type":"Fields J H","Identification":"Residential","ID2level":"Residential","Notes_1":null,"Shape_Length":81.535696614547348,"Shape_Area":343.97198564287731}},{"type":"Feature","id":209,"geometry":{"type":"Polygon","coordinates":[[[-77.434302638050298,37.55123585072004],[-77.434095573682356,37.551120911368663],[-77.434055944503612,37.551163064649259],[-77.434258157969012,37.551280867658534],[-77.434302638050298,37.55123585072004]]]},"properties":{"OBJECTID":209,"Address":"1002 N 2nd Street","Name":null,"Use":null,"Notes":null,"ID":null,"Address_1":"1002 N 2nd Street","Name_1":null,"Business_Type":"Dabney Mack","Identification":"Residential","ID2level":"Residential","Notes_1":null,"Shape_Length":71.484018910294651,"Shape_Area":215.90702667144103}},{"type":"Feature","id":210,"geometry":{"type":"Polygon","coordinates":[[[-77.434055944503612,37.551163064649259],[-77.434013278120872,37.551209085110784],[-77.434238549542982,37.551344687129067],[-77.434282410685057,37.551296004579285],[-77.434258157969012,37.551280867658534],[-77.434055944503612,37.551163064649259]]]},"properties":{"OBJECTID":210,"Address":"1004 N 2nd Street","Name":null,"Use":null,"Notes":null,"ID":null,"Address_1":"1004 N 2nd Street","Name_1":null,"Business_Type":"Tinsley Margaret","Identification":"Residential","ID2level":"Residential","Notes_1":null,"Shape_Length":79.276312221660604,"Shape_Area":259.56428479200213}},{"type":"Feature","id":211,"geometry":{"type":"Polygon","coordinates":[[[-77.434013278120872,37.551209085110784],[-77.433983493579319,37.551238754327301],[-77.434320536084016,37.551433578494212],[-77.434345008887306,37.551406869931213],[-77.434013278120872,37.551209085110784]]]},"properties":{"OBJECTID":211,"Address":"1008 N 2nd Street","Name":null,"Use":null,"Notes":null,"ID":null,"Address_1":"1008 N 2nd Street","Name_1":null,"Business_Type":"Pride Martha","Identification":"Residential","ID2level":"Residential","Notes_1":null,"Shape_Length":102.59797078535522,"Shape_Area":230.57370444403944}},{"type":"Feature","id":212,"geometry":{"type":"Polygon","coordinates":[[[-77.433983493579319,37.551238754327301],[-77.433959170794679,37.55126603056744],[-77.434291279751847,37.551464602206643],[-77.434320536084016,37.551433578494212],[-77.433983493579319,37.551238754327301]]]},"properties":{"OBJECTID":212,"Address":"1010 N 2nd Street","Name":null,"Use":null,"Notes":null,"ID":null,"Address_1":"1010 N 2nd Street","Name_1":null,"Business_Type":"Robinson Alice","Identification":"Residential","ID2level":"Residential","Notes_1":null,"Shape_Length":102.867819924984,"Shape_Area":234.80745349758593}},{"type":"Feature","id":213,"geometry":{"type":"Polygon","coordinates":[[[-77.434291279751847,37.551464602206643],[-77.433959170794679,37.55126603056744],[-77.433930569334365,37.551295368592228],[-77.434269509979245,37.551487870160528],[-77.434291279751847,37.551464602206643]]]},"properties":{"OBJECTID":213,"Address":"1012 N 2nd Street","Name":null,"Use":null,"Notes":null,"ID":null,"Address_1":"1012 N 2nd Street","Name_1":null,"Business_Type":"Hill Mary","Identification":"Residential","ID2level":"Residential","Notes_1":null,"Shape_Length":101.9929441679794,"Shape_Area":214.92058258506819}},{"type":"Feature","id":214,"geometry":{"type":"Polygon","coordinates":[[[-77.433930569334365,37.551295368592228],[-77.433909255007606,37.551318766929995],[-77.434244121792702,37.55151527450365],[-77.434269509979245,37.551487870160528],[-77.433930569334365,37.551295368592228]]]},"properties":{"OBJECTID":214,"Address":"1012 1/2 N 2nd Street","Name":null,"Use":null,"Notes":null,"ID":null,"Address_1":"1012 1/2 N 2nd Street","Name_1":null,"Business_Type":"Barlow W M","Identification":"Residential","ID2level":"Residential","Notes_1":null,"Shape_Length":101.61811760899491,"Shape_Area":204.75639246450982}},{"type":"Feature","id":215,"geometry":{"type":"Polygon","coordinates":[[[-77.433909255007606,37.551318766929995],[-77.433851085499683,37.551379994705954],[-77.434187331198743,37.551578143713485],[-77.434244121792702,37.55151527450365],[-77.433909255007606,37.551318766929995]]]},"properties":{"OBJECTID":215,"Address":"1014 N 2nd Street","Name":null,"Use":null,"Notes":null,"ID":null,"Address_1":"1014 N 2nd Street","Name_1":null,"Business_Type":"Clarke P T","Identification":"Residential","ID2level":"Residential","Notes_1":null,"Shape_Length":114.63716861593808,"Shape_Area":502.72968136384884}},{"type":"Feature","id":216,"geometry":{"type":"Polygon","coordinates":[[[-77.433851085499683,37.551379994705954],[-77.433795938822712,37.551437511208569],[-77.434133886829244,37.551637394241759],[-77.434187331198743,37.551578143713485],[-77.433851085499683,37.551379994705954]]]},"properties":{"OBJECTID":216,"Address":"1016 N 2nd Street","Name":null,"Use":null,"Notes":null,"ID":null,"Address_1":"1016 N 2nd Street","Name_1":null,"Business_Type":"Coleman Lucian","Identification":"Residential","ID2level":"Residential","Notes_1":null,"Shape_Length":113.94662956650134,"Shape_Area":476.52349648731604}},{"type":"Feature","id":217,"geometry":{"type":"Polygon","coordinates":[[[-77.434133886829244,37.551637394241759],[-77.433795938822712,37.551437511208569],[-77.433756740835307,37.551480130082261],[-77.434093591998845,37.551683826767139],[-77.434133886829244,37.551637394241759]]]},"properties":{"OBJECTID":217,"Address":"1018 N 2nd Street","Name":null,"Use":null,"Notes":null,"ID":null,"Address_1":"1018 N 2nd Street","Name_1":null,"Business_Type":"Golden Cosby","Identification":"Residential","ID2level":"Residential","Notes_1":null,"Shape_Length":109.41670120102542,"Shape_Area":360.18202140187293}},{"type":"Feature","id":218,"geometry":{"type":"Polygon","coordinates":[[[-77.433756740835307,37.551480130082261],[-77.433715513553636,37.551523304439314],[-77.434052711466904,37.551726188400316],[-77.434093591998845,37.551683826767139],[-77.433756740835307,37.551480130082261]]]},"properties":{"OBJECTID":218,"Address":"1020 N 2nd Street","Name":null,"Use":null,"Notes":null,"ID":null,"Address_1":"1020 N 2nd Street","Name_1":null,"Business_Type":"White Bessie","Identification":"Residential","ID2level":"Residential","Notes_1":null,"Shape_Length":109.37627231392734,"Shape_Area":355.74860563295249}},{"type":"Feature","id":219,"geometry":{"type":"Polygon","coordinates":[[[-77.434052711466904,37.551726188400316],[-77.433715513553636,37.551523304439314],[-77.433669659049968,37.551569967785021],[-77.434012974490315,37.55176883559637],[-77.434052711466904,37.551726188400316]]]},"properties":{"OBJECTID":219,"Address":"1022 N 2nd Street","Name":null,"Use":null,"Notes":null,"ID":null,"Address_1":"1022 N 2nd Street","Name_1":null,"Business_Type":"Saulter Burke","Identification":"Residential","ID2level":"Residential","Notes_1":null,"Shape_Length":110.20515551685247,"Shape_Area":371.86648930210157}},{"type":"Feature","id":220,"geometry":{"type":"Polygon","coordinates":[[[-77.434012974490315,37.55176883559637],[-77.433669659049968,37.551569967785021],[-77.43363974065943,37.551601056962028],[-77.433980648614806,37.551803546872101],[-77.434012974490315,37.55176883559637]]]},"properties":{"OBJECTID":220,"Address":"1024 N 2nd Street","Name":null,"Use":null,"Notes":null,"ID":null,"Address_1":"1024 N 2nd Street","Name_1":null,"Business_Type":"Gray Evans","Identification":"Residential","ID2level":"Residential","Notes_1":null,"Shape_Length":106.30010360183111,"Shape_Area":273.55344866662125}},{"type":"Feature","id":221,"geometry":{"type":"Polygon","coordinates":[[[-77.433980648614806,37.551803546872101],[-77.43363974065943,37.551601056962028],[-77.433534327852414,37.551710921236577],[-77.433959416034753,37.551828057485586],[-77.433980648614806,37.551803546872101]]]},"properties":{"OBJECTID":221,"Address":"1026 N 2nd Street","Name":null,"Use":null,"Notes":null,"ID":null,"Address_1":"1026 N 2nd Street","Name_1":null,"Business_Type":"Elks Social and Beneficial Club","Identification":"Institutional","ID2level":"Community & Athletic Center","Notes_1":null,"Shape_Length":121.07375164291977,"Shape_Area":560.39679307166614}},{"type":"Feature","id":222,"geometry":{"type":"Polygon","coordinates":[[[-77.432835983838757,37.552454820959873],[-77.433106660606896,37.552533301782816],[-77.433139855153286,37.552497692787931],[-77.432867300007871,37.552422032875654],[-77.432835983838757,37.552454820959873]]]},"properties":{"OBJECTID":222,"Address":"1126 N 2nd Street","Name":null,"Use":null,"Notes":null,"ID":null,"Address_1":"1126 N 2nd Street","Name_1":null,"Business_Type":"Shaw William","Identification":"Residential","ID2level":"Residential","Notes_1":null,"Shape_Length":76.222456973412562,"Shape_Area":184.0495971349668}},{"type":"Feature","id":223,"geometry":{"type":"Polygon","coordinates":[[[-77.433139855153286,37.552497692787931],[-77.433175610796539,37.552458257230612],[-77.432902963124661,37.552383602878095],[-77.432867300007871,37.552422032875654],[-77.433139855153286,37.552497692787931]]]},"properties":{"OBJECTID":223,"Address":"1124 N 2nd Street","Name":null,"Use":null,"Notes":null,"ID":null,"Address_1":"1124 N 2nd Street","Name_1":null,"Business_Type":"Hilton Helen J","Identification":"Residential","ID2level":"Residential","Notes_1":null,"Shape_Length":77.775666924391672,"Shape_Area":207.84181363268019}},{"type":"Feature","id":224,"geometry":{"type":"Polygon","coordinates":[[[-77.433175610796539,37.552458257230612],[-77.433215896643759,37.552415688056712],[-77.432944868634337,37.552339550187376],[-77.432902963124661,37.552383602878095],[-77.433175610796539,37.552458257230612]]]},"properties":{"OBJECTID":224,"Address":"1122 N 2nd Street","Name":null,"Use":null,"Notes":null,"ID":null,"Address_1":"1122 N 2nd Street","Name_1":null,"Business_Type":"Brooks Mayme","Identification":"Residential","ID2level":"Residential","Notes_1":null,"Shape_Length":79.3390805963883,"Shape_Area":232.46112332558863}},{"type":"Feature","id":225,"geometry":{"type":"Polygon","coordinates":[[[-77.432944868634337,37.552339550187376],[-77.433215896643759,37.552415688056712],[-77.433250372187743,37.552377253070638],[-77.432988001242705,37.552292772662227],[-77.432944868634337,37.552339550187376]]]},"properties":{"OBJECTID":225,"Address":"1120 N 2nd Street","Name":null,"Use":null,"Notes":null,"ID":null,"Address_1":"1120 N 2nd Street","Name_1":null,"Business_Type":"Watkins Willie","Identification":"Residential","ID2level":"Residential","Notes_1":null,"Shape_Length":78.291104318795888,"Shape_Area":226.32407828564897}},{"type":"Feature","id":226,"geometry":{"type":"Polygon","coordinates":[[[-77.432988001242705,37.552292772662227],[-77.433250372187743,37.552377253070638],[-77.433292135763608,37.552333078593108],[-77.433044361543637,37.552233894414314],[-77.432988001242705,37.552292772662227]]]},"properties":{"OBJECTID":226,"Address":"1118 N 2nd Street","Name":null,"Use":null,"Notes":null,"ID":null,"Address_1":"1118 N 2nd Street","Name_1":null,"Business_Type":"Johnson W E","Identification":"Residential","ID2level":"Residential","Notes_1":null,"Shape_Length":80.552669386421968,"Shape_Area":275.85852572433697}},{"type":"Feature","id":227,"geometry":{"type":"Polygon","coordinates":[[[-77.433044361543637,37.552233894414314],[-77.433292135763608,37.552333078593108],[-77.433470639993715,37.552403540386976],[-77.43352755455517,37.552341386903635],[-77.433099863953458,37.552174945613785],[-77.433044361543637,37.552233894414314]]]},"properties":{"OBJECTID":227,"Address":"1116 N 2nd Street","Name":null,"Use":null,"Notes":null,"ID":null,"Address_1":"1116 N 2nd Street","Name_1":null,"Business_Type":"Kelley William","Identification":"Residential","ID2level":"Residential","Notes_1":null,"Shape_Length":127.24690180607084,"Shape_Area":553.68787948825729}},{"type":"Feature","id":228,"geometry":{"type":"Polygon","coordinates":[[[-77.433099863953458,37.552174945613785],[-77.433410799619381,37.552295950418348],[-77.433416336834782,37.552290758611399],[-77.433150684344028,37.552119769203635],[-77.433099863953458,37.552174945613785]]]},"properties":{"OBJECTID":228,"Address":"1114 N 2nd Street","Name":null,"Use":null,"Notes":null,"ID":null,"Address_1":"1114 N 2nd Street","Name_1":null,"Business_Type":"La Roche Calvin","Identification":"Residential","ID2level":"Residential","Notes_1":null,"Shape_Length":87.197829351192794,"Shape_Area":200.32236590260948}},{"type":"Feature","id":229,"geometry":{"type":"Polygon","coordinates":[[[-77.433150684344028,37.552119769203635],[-77.433416336834782,37.552290758611399],[-77.433512976694743,37.552203063311502],[-77.433193143215931,37.552076551748947],[-77.433150684344028,37.552119769203635]]]},"properties":{"OBJECTID":229,"Address":"1112 N 2nd Street","Name":null,"Use":null,"Notes":null,"ID":null,"Address_1":"1112 N 2nd Street","Name_1":null,"Business_Type":"Mack Richard","Identification":"Residential","ID2level":"Residential","Notes_1":null,"Shape_Length":101.92357060236554,"Shape_Area":461.22252583449523}},{"type":"Feature","id":230,"geometry":{"type":"Polygon","coordinates":[[[-77.433193143215931,37.552076551748947],[-77.433512976694743,37.552203063311502],[-77.433617129165413,37.55224388989626],[-77.433658068087851,37.552198865705464],[-77.433232980803837,37.552033899743599],[-77.433193143215931,37.552076551748947]]]},"properties":{"OBJECTID":230,"Address":"1110 N 2nd Street","Name":null,"Use":null,"Notes":null,"ID":null,"Address_1":"1110 N 2nd Street","Name_1":null,"Business_Type":"Gray C T Jr","Identification":"Residential","ID2level":"Residential","Notes_1":null,"Shape_Length":120.65423872482467,"Shape_Area":396.72131730971785}},{"type":"Feature","id":231,"geometry":{"type":"Polygon","coordinates":[[[-77.433658068087851,37.552198865705464],[-77.433685958082492,37.552167785324009],[-77.433264879081264,37.551997184487043],[-77.433232980803837,37.552033899743599],[-77.433658068087851,37.552198865705464]]]},"properties":{"OBJECTID":231,"Address":"1108 N 2nd Street","Name":null,"Use":null,"Notes":null,"ID":null,"Address_1":"1108 N 2nd Street","Name_1":null,"Business_Type":"Smith Marcellus","Identification":"Residential","ID2level":"Residential","Notes_1":null,"Shape_Length":116.9417764946118,"Shape_Area":302.56913501572689}},{"type":"Feature","id":232,"geometry":{"type":"Polygon","coordinates":[[[-77.433264879081264,37.551997184487043],[-77.433685958082492,37.552167785324009],[-77.433728848145719,37.552121994065466],[-77.43330464480394,37.551957619759364],[-77.433264879081264,37.551997184487043]]]},"properties":{"OBJECTID":232,"Address":"1106 N 2nd Street","Name":null,"Use":null,"Notes":null,"ID":null,"Address_1":"1106 N 2nd Street","Name_1":null,"Business_Type":"Vacant","Identification":"Vacant","ID2level":"Vacant","Notes_1":null,"Shape_Length":120.31314459472215,"Shape_Area":390.13307121960429}},{"type":"Feature","id":233,"geometry":{"type":"Polygon","coordinates":[[[-77.43330464480394,37.551957619759364],[-77.433728848145719,37.552121994065466],[-77.433734981842477,37.552115829403434],[-77.433364859775764,37.551894265158843],[-77.43330464480394,37.551957619759364]]]},"properties":{"OBJECTID":233,"Address":"1104 N 2nd Street","Name":null,"Use":null,"Notes":null,"ID":null,"Address_1":"1104 N 2nd Street","Name_1":null,"Business_Type":"Wright Annie","Identification":"Residential","ID2level":"Residential","Notes_1":null,"Shape_Length":116.42972494809875,"Shape_Area":315.84722194899064}},{"type":"Feature","id":234,"geometry":{"type":"Polygon","coordinates":[[[-77.433364859775764,37.551894265158843],[-77.433734981842477,37.552115829403434],[-77.433768418933994,37.552079290096707],[-77.433400429467738,37.55185624368405],[-77.433364859775764,37.551894265158843]]]},"properties":{"OBJECTID":234,"Address":"1102 N 2nd Street","Name":null,"Use":null,"Notes":null,"ID":null,"Address_1":"1102 N 2nd Street","Name_1":null,"Business_Type":"Williams Chas","Identification":"Residential","ID2level":"Residential","Notes_1":null,"Shape_Length":116.1783037684242,"Shape_Area":334.94761440178314}},{"type":"Feature","id":235,"geometry":{"type":"Polygon","coordinates":[[[-77.433400429467738,37.55185624368405],[-77.433580289255602,37.551965260794262],[-77.433674474918206,37.551876987528516],[-77.433442643099582,37.551811511967735],[-77.433400429467738,37.55185624368405]]]},"properties":{"OBJECTID":235,"Address":"1100 N 2nd Street","Name":null,"Use":null,"Notes":null,"ID":null,"Address_1":"1100 N 2nd Street","Name_1":null,"Business_Type":"Woodson Lucy J","Identification":"Residential","ID2level":"Residential","Notes_1":null,"Shape_Length":76.677796494242358,"Shape_Area":306.97760222170342}},{"type":"Feature","id":236,"geometry":{"type":"Polygon","coordinates":[[[-77.432759788736348,37.552532850973058],[-77.432730238655083,37.552564303672106],[-77.433025515787293,37.552643695256258],[-77.433045853645311,37.552612320218266],[-77.432759788736348,37.552532850973058]]]},"properties":{"OBJECTID":236,"Address":"1200 N 2nd Street","Name":null,"Use":null,"Notes":null,"ID":null,"Address_1":"1200 N 2nd Street","Name_1":null,"Business_Type":"Stokes Florence","Identification":"Residential","ID2level":"Residential","Notes_1":null,"Shape_Length":78.912086154979065,"Shape_Area":173.69616215914328}},{"type":"Feature","id":237,"geometry":{"type":"Polygon","coordinates":[[[-77.432730238655083,37.552564303672106],[-77.432696872530485,37.552600542201468],[-77.432994419705423,37.552682638600302],[-77.433025515787293,37.552643695256258],[-77.432730238655083,37.552564303672106]]]},"properties":{"OBJECTID":237,"Address":"1202 N 2nd Street","Name":null,"Use":null,"Notes":null,"ID":null,"Address_1":"1202 N 2nd Street","Name_1":null,"Business_Type":"Allen W H","Identification":"Residential","ID2level":"Residential","Notes_1":null,"Shape_Length":82.552005254349311,"Shape_Area":214.8439040267827}},{"type":"Feature","id":238,"geometry":{"type":"Polygon","coordinates":[[[-77.432696872530485,37.552600542201468],[-77.432661681927542,37.552638125306657],[-77.432964721402115,37.552722087570288],[-77.432994419705423,37.552682638600302],[-77.432696872530485,37.552600542201468]]]},"properties":{"OBJECTID":238,"Address":"1204 N 2nd Street","Name":null,"Use":null,"Notes":null,"ID":null,"Address_1":"1204 N 2nd Street","Name_1":null,"Business_Type":"Johnson W A","Identification":"Residential","ID2level":"Residential","Notes_1":null,"Shape_Length":83.829422387512679,"Shape_Area":222.89501815404341}},{"type":"Feature","id":239,"geometry":{"type":"Polygon","coordinates":[[[-77.432661681927542,37.552638125306657],[-77.432613491804119,37.552688947075396],[-77.432924935916503,37.552776818423581],[-77.432964721402115,37.552722087570288],[-77.432661681927542,37.552638125306657]]]},"properties":{"OBJECTID":239,"Address":"1206 N 2nd Street","Name":null,"Use":null,"Notes":null,"ID":null,"Address_1":"1206 N 2nd Street","Name_1":null,"Business_Type":"McCray Arthur","Identification":"Residential","ID2level":"Residential","Notes_1":null,"Shape_Length":90.332299904218232,"Shape_Area":312.52917503678407}},{"type":"Feature","id":240,"geometry":{"type":"Polygon","coordinates":[[[-77.432613491804119,37.552688947075396],[-77.432530677914713,37.552775996570901],[-77.432990721341383,37.552905382713618],[-77.433071412511779,37.552819643774917],[-77.432924935916503,37.552776818423581],[-77.432613491804119,37.552688947075396]]]},"properties":{"OBJECTID":240,"Address":"1208 N 2nd Street","Name":null,"Use":null,"Notes":null,"ID":null,"Address_1":"1208 N 2nd Street","Name_1":null,"Business_Type":"Ferguson W J","Identification":"Residential","ID2level":"Residential","Notes_1":null,"Shape_Length":138.84841321514398,"Shape_Area":789.63903695630643}},{"type":"Feature","id":241,"geometry":{"type":"Polygon","coordinates":[[[-77.432530677914713,37.552775996570901],[-77.432503748219133,37.552804032141488],[-77.432962564547125,37.55293623560334],[-77.432990721341383,37.552905382713618],[-77.432530677914713,37.552775996570901]]]},"properties":{"OBJECTID":241,"Address":"1210 N 2nd Street","Name":null,"Use":null,"Notes":null,"ID":null,"Address_1":"1210 N 2nd Street","Name_1":null,"Business_Type":"Clair Lindsay","Identification":"Residential","ID2level":"Residential","Notes_1":null,"Shape_Length":118.97817697489123,"Shape_Area":267.75814588481285}},{"type":"Feature","id":242,"geometry":{"type":"Polygon","coordinates":[[[-77.432503748219133,37.552804032141488],[-77.432469039113172,37.552841522561039],[-77.432930315926754,37.552971308120505],[-77.432962564547125,37.55293623560334],[-77.432503748219133,37.552804032141488]]]},"properties":{"OBJECTID":242,"Address":"1212 N 2nd Street","Name":null,"Use":null,"Notes":null,"ID":null,"Address_1":"1212 N 2nd Street","Name_1":null,"Business_Type":"Jiggets Ransome","Identification":"Residential","ID2level":"Residential","Notes_1":null,"Shape_Length":121.45530410286122,"Shape_Area":329.44773924154725}},{"type":"Feature","id":243,"geometry":{"type":"Polygon","coordinates":[[[-77.432930315926754,37.552971308120505],[-77.432469039113172,37.552841522561039],[-77.432442276504233,37.552872007994175],[-77.432843073342966,37.553063715688502],[-77.432930315926754,37.552971308120505]]]},"properties":{"OBJECTID":243,"Address":"1214 N 2nd Street","Name":null,"Use":null,"Notes":null,"ID":null,"Address_1":"1214 N 2nd Street","Name_1":null,"Business_Type":"Price Rosa","Identification":"Residential","ID2level":"Residential","Notes_1":null,"Shape_Length":128.01771929719308,"Shape_Area":557.22114814554538}},{"type":"Feature","id":244,"geometry":{"type":"Polygon","coordinates":[[[-77.432442276504233,37.552872007994175],[-77.432410698925352,37.552902684990194],[-77.43253178823241,37.552970509771733],[-77.432825705315267,37.553084368750739],[-77.432843073342966,37.553063715688502],[-77.432442276504233,37.552872007994175]]]},"properties":{"OBJECTID":244,"Address":"1216 N 2nd Street","Name":null,"Use":null,"Notes":null,"ID":null,"Address_1":"1216 N 2nd Street","Name_1":null,"Business_Type":"Clark James","Identification":"Residential","ID2level":"Residential","Notes_1":null,"Shape_Length":114.0735235495234,"Shape_Area":283.10138675228575}},{"type":"Feature","id":245,"geometry":{"type":"Polygon","coordinates":[[[-77.432410698925352,37.552902684990194],[-77.432377456768265,37.552938701156158],[-77.432530447047696,37.553022193757762],[-77.432541779294993,37.553012242535068],[-77.432786689685841,37.553123200765334],[-77.432825705315267,37.553084368750739],[-77.43253178823241,37.552970509771733],[-77.432410698925352,37.552902684990194]]]},"properties":{"OBJECTID":245,"Address":"1218 N 2nd Street","Name":null,"Use":null,"Notes":null,"ID":null,"Address_1":"1218 N 2nd Street","Name_1":null,"Business_Type":"Haywood J E","Identification":"Residential","ID2level":"Residential","Notes_1":null,"Shape_Length":120.11727264800078,"Shape_Area":313.98725892897704}},{"type":"Feature","id":246,"geometry":{"type":"Polygon","coordinates":[[[-77.432377456768265,37.552938701156158],[-77.432346986812163,37.552970630841557],[-77.432741456816345,37.553171884970226],[-77.432786689685841,37.553123200765334],[-77.432541779294993,37.553012242535068],[-77.432530447047696,37.553022193757762],[-77.432377456768265,37.552938701156158]]]},"properties":{"OBJECTID":246,"Address":"1220 N 2nd Street","Name":null,"Use":null,"Notes":null,"ID":null,"Address_1":"1220 N 2nd Street","Name_1":null,"Business_Type":"Richardson Julia","Identification":"Residential","ID2level":"Residential","Notes_1":null,"Shape_Length":120.29100980421792,"Shape_Area":349.7376495729352}},{"type":"Feature","id":247,"geometry":{"type":"Polygon","coordinates":[[[-77.432346986812163,37.552970630841557],[-77.432307874164678,37.553011912085772],[-77.432714135455299,37.553202279110025],[-77.432741456816345,37.553171884970226],[-77.432346986812163,37.552970630841557]]]},"properties":{"OBJECTID":247,"Address":"1222 N 2nd Street","Name":null,"Use":null,"Notes":null,"ID":null,"Address_1":"1222 N 2nd Street","Name_1":null,"Business_Type":"Bell Josephine","Identification":"Residential","ID2level":"Residential","Notes_1":null,"Shape_Length":117.24332930430791,"Shape_Area":325.94271437724205}},{"type":"Feature","id":248,"geometry":{"type":"Polygon","coordinates":[[[-77.432307874164678,37.553011912085772],[-77.432270602165232,37.553049946502334],[-77.432656034219363,37.553263366464925],[-77.432714135455299,37.553202279110025],[-77.432307874164678,37.553011912085772]]]},"properties":{"OBJECTID":248,"Address":"1224 N 2nd Street","Name":null,"Use":null,"Notes":null,"ID":null,"Address_1":"1224 N 2nd Street","Name_1":null,"Business_Type":"Thomas Caroline","Identification":"Residential","ID2level":"Residential","Notes_1":null,"Shape_Length":122.37473133182051,"Shape_Area":457.14459115630842}},{"type":"Feature","id":249,"geometry":{"type":"Polygon","coordinates":[[[-77.432270602165232,37.553049946502334],[-77.432228518789117,37.553095490066298],[-77.432628647281277,37.553294610901354],[-77.432656034219363,37.553263366464925],[-77.432270602165232,37.553049946502334]]]},"properties":{"OBJECTID":249,"Address":"1226 N 2nd Street","Name":null,"Use":null,"Notes":null,"ID":null,"Address_1":"1226 N 2nd Street","Name_1":null,"Business_Type":"Burford Louise","Identification":"Residential","ID2level":"Residential","Notes_1":null,"Shape_Length":118.19533680377262,"Shape_Area":347.71416115572811}},{"type":"Feature","id":250,"geometry":{"type":"Polygon","coordinates":[[[-77.433750602646953,37.551187128216405],[-77.431989533685879,37.550121590746983],[-77.430162453822774,37.551993916270725],[-77.431969759969846,37.553075328407573],[-77.433750602646953,37.551187128216405]]]},"properties":{"OBJECTID":250,"Address":"209 Hospital Street","Name":"Shockoe Hill Cemetary","Use":null,"Notes":null,"ID":null,"Address_1":"209 Hospital Street","Name_1":null,"Business_Type":"Shockoe Hill Cemetary","Identification":"Institutional","ID2level":"Funeral","Notes_1":null,"Shape_Length":1162.1042407770196,"Shape_Area":82705.48631770174}},{"type":"Feature","id":251,"geometry":{"type":"Polygon","coordinates":[[[-77.435643054709928,37.54946459646176],[-77.43561732965513,37.549491684615901],[-77.435698926327333,37.549543310476729],[-77.435725785056022,37.54951656064042],[-77.435753825967609,37.549489026652651],[-77.435669961947639,37.549436813893735],[-77.435643054709928,37.54946459646176]]]},"properties":{"OBJECTID":251,"Address":"748 N 2nd Street","Name":null,"Use":null,"Notes":null,"ID":null,"Address_1":"748 N 2nd Street","Name_1":null,"Business_Type":"Blue Front Market","Identification":"Commercial","ID2level":"Grocery","Notes_1":null,"Shape_Length":42.93993878098285,"Shape_Area":114.23294306256936}},{"type":"Feature","id":252,"geometry":{"type":"Polygon","coordinates":[[[-77.435607482322993,37.549501722485942],[-77.435596969339215,37.549512836501791],[-77.435639364430727,37.549526280862175],[-77.435643858702107,37.549522118003601],[-77.435652655903695,37.549514035861073],[-77.43561732965513,37.549491684615901],[-77.435607482322993,37.549501722485942]]]},"properties":{"OBJECTID":252,"Address":"750 N 2nd Street","Name":null,"Use":null,"Notes":null,"ID":null,"Address_1":"750 N 2nd Street","Name_1":null,"Business_Type":"Blue Front Market","Identification":"Commercial","ID2level":"Grocery","Notes_1":null,"Shape_Length":16.118581837911478,"Shape_Area":14.877866459099749}}]}