{"type":"FeatureCollection","features":[{"type":"Feature","id":1,"geometry":{"type":"Polygon","coordinates":[[[-77.433787923911638,37.551452192648021],[-77.434027715242621,37.551594000354818],[-77.434016693169639,37.551602578858827],[-77.434124614215563,37.551664976184441],[-77.434191834632855,37.551591530718987],[-77.433850125228744,37.551386385921383],[-77.433787923911638,37.551452192648021]]]},"properties":{"OBJECTID":1,"AddressLab":"1016 N 2nd St","OwnerName":"Maggie Walker Community Land Trust","ParcelID":26824,"PIN":"N0000085006","CountOfPIN":1,"AsrLocatio":"1016","MailAddres":"2114 Dabney Rd Suite B","LandUse":"Vacant","MailCity":"Richmond","MailState":"VA","MailZip":"23230","Assessment":"2026-01-01T00:00:00Z","LandValue":25000,"DwellingVa":0,"TotalValue":25000,"LandSqFt":3690,"ProvalAsmt":"320","TaxExemptC":"630","PropertyCl":"101","Property_1":"R Single Family Vacant (R1-R7)","Mailable":0,"MaskedOwne":" ","OBJECTID_1":25990,"GlobalID":"2170daa7-2dbc-4051-a85c-a629e83aa3f4","City":"Richmond","State":"VA","Shape__Are":3832.3984375,"Shape__Len":316.87014856225244,"OBJECTID_1_1":1,"Join_Count":1,"TARGET_FID":1,"OBJECTID_1_12":null,"AddressId":"2017958","BuildingNu":"1016","StreetDire":"N","StreetName":"2nd","StreetType":"St","ExtensionW":" ","UnitType":" ","UnitValue":" ","ZipCode":"23219","Mailable_1":"No","StatePlane":11791942.1944633,"StatePla_1":3726108.39593186,"Latitude":37.551513470000003,"Longitude":-77.433987549999998,"CreatedBy":" ","CreatedDat":" ","EditBy":"parkerca","EditDate":"2011-10-20T15:16:58Z","Shape_Length_1":316.87014856250198,"Shape_Area_1":3832.3906863148959,"ID":null,"Address":"1016 N 2nd St","Name":"Maggie Walker Community Land Trust","Type__Business_or_Residences_":null,"Business_Type":null,"Identification":"Vacant","ID2level":"Vacant","Notes":null,"Shape_Length":316.87014856250198,"Shape_Area":3832.3906863148959}},{"type":"Feature","id":2,"geometry":{"type":"Polygon","coordinates":[[[-77.434008509234658,37.551217146962784],[-77.434233938124507,37.551351261298471],[-77.434281136734441,37.551301035586192],[-77.434267300240521,37.551292831952402],[-77.434055152615898,37.551167051511626],[-77.434008509234658,37.551217146962784]]]},"properties":{"OBJECTID":2,"AddressLab":"1004 N 2nd St","OwnerName":"Mason Cheryl B & Walker Y B & Wallace Y B & H D M Jr & J S B","ParcelID":26958,"PIN":"N0000085012","CountOfPIN":1,"AsrLocatio":"1004","MailAddres":"3011 Edgewood Ave","LandUse":"Vacant","MailCity":"Richmond","MailState":"VA","MailZip":"23222","Assessment":"2026-01-01T00:00:00Z","LandValue":12000,"DwellingVa":0,"TotalValue":12000,"LandSqFt":1824.6900000000001,"ProvalAsmt":"320","TaxExemptC":" ","PropertyCl":"101","Property_1":"R Single Family Vacant (R1-R7)","Mailable":0,"MaskedOwne":" ","OBJECTID_1":25991,"GlobalID":"b7a9828b-0da9-4a6a-ab26-16de6960585c","City":"Richmond","State":"VA","Shape__Are":1858.97265625,"Shape__Len":208.80796954718221,"OBJECTID_1_1":2,"Join_Count":1,"TARGET_FID":2,"OBJECTID_1_12":null,"AddressId":"2017964","BuildingNu":"1004","StreetDire":"N","StreetName":"2nd","StreetType":"St","ExtensionW":" ","UnitType":" ","UnitValue":" ","ZipCode":"23219","Mailable_1":"No","StatePlane":11791900.0961223,"StatePla_1":3726011.8974371799,"Latitude":37.551249769999998,"Longitude":-77.434136519999996,"CreatedBy":" ","CreatedDat":" ","EditBy":"parkerca","EditDate":"2011-10-20T15:22:22Z","Shape_Length_1":208.80796954720395,"Shape_Area_1":1858.9720476672514,"ID":null,"Address":"1004 N 2nd St","Name":"Mason Cheryl B & Walker Y B & Wallace Y B & H D M Jr & J S B","Type__Business_or_Residences_":null,"Business_Type":null,"Identification":"Vacant","ID2level":"Vacant","Notes":null,"Shape_Length":208.80796954720395,"Shape_Area":1858.9720476672514}},{"type":"Feature","id":3,"geometry":{"type":"Polygon","coordinates":[[[-77.434055152615898,37.551167051511626],[-77.434267300240521,37.551292831952402],[-77.434311367404035,37.551246177076578],[-77.434096799911302,37.551122322236751],[-77.434055152615898,37.551167051511626]]]},"properties":{"OBJECTID":3,"AddressLab":"1002 N 2nd St","OwnerName":"Terry Dayshekia","ParcelID":48743,"PIN":"N0000085013","CountOfPIN":1,"AsrLocatio":"1002","MailAddres":"2027 Boston Ave","LandUse":"Vacant","MailCity":"Richmond","MailState":"VA","MailZip":"23224","Assessment":"2026-01-01T00:00:00Z","LandValue":12000,"DwellingVa":0,"TotalValue":12000,"LandSqFt":1683.6800000000001,"ProvalAsmt":"320","TaxExemptC":" ","PropertyCl":"101","Property_1":"R Single Family Vacant (R1-R7)","Mailable":0,"MaskedOwne":" ","OBJECTID_1":25992,"GlobalID":"fc651043-ae03-4429-8f49-891a447af6f3","City":"Richmond","State":"VA","Shape__Are":1593.6875,"Shape__Len":195.03946864440067,"OBJECTID_1_1":3,"Join_Count":1,"TARGET_FID":3,"OBJECTID_1_12":null,"AddressId":"0109682","BuildingNu":"1002","StreetDire":"N","StreetName":"2nd","StreetType":"St","ExtensionW":" ","UnitType":" ","UnitValue":" ","ZipCode":"23219","Mailable_1":"No","StatePlane":11791889.169963,"StatePla_1":3725992.97621518,"Latitude":37.551198139999997,"Longitude":-77.434174940000005,"CreatedBy":" ","CreatedDat":" ","EditBy":"parkerca","EditDate":"2011-10-20T15:22:22Z","Shape_Length_1":195.03946862382011,"Shape_Area_1":1593.6889376436975,"ID":null,"Address":"1002 N 2nd St","Name":"Terry Dayshekia","Type__Business_or_Residences_":null,"Business_Type":null,"Identification":"Vacant","ID2level":"Vacant","Notes":null,"Shape_Length":195.03946862382011,"Shape_Area":1593.6889376436975}},{"type":"Feature","id":4,"geometry":{"type":"Polygon","coordinates":[[[-77.433456056857452,37.550908507903216],[-77.433804096856875,37.551123923888369],[-77.433857841800204,37.551068281219266],[-77.433507612337166,37.550855385897066],[-77.433456056857452,37.550908507903216]]]},"properties":{"OBJECTID":4,"AddressLab":"1013 N 2nd St","OwnerName":"Wallace Keisha","ParcelID":58980,"PIN":"N0000086014","CountOfPIN":1,"AsrLocatio":"1013","MailAddres":"Po Box 445","LandUse":"Vacant","MailCity":"Powhatan","MailState":"VA","MailZip":"23139","Assessment":"2026-01-01T00:00:00Z","LandValue":29000,"DwellingVa":0,"TotalValue":29000,"LandSqFt":3145.1999999999998,"ProvalAsmt":"430","TaxExemptC":" ","PropertyCl":"401","Property_1":"B Commercial Vacant Land","Mailable":0,"MaskedOwne":" ","OBJECTID_1":25995,"GlobalID":"d20c5aaa-3eb6-486f-8a05-28611ab6924c","City":"Richmond","State":"VA","Shape__Are":3194.34765625,"Shape__Len":305.54021551781329,"OBJECTID_1_1":4,"Join_Count":1,"TARGET_FID":4,"OBJECTID_1_12":null,"AddressId":"0109688","BuildingNu":"1013","StreetDire":"N","StreetName":"2nd","StreetType":"St","ExtensionW":" ","UnitType":" ","UnitValue":" ","ZipCode":"23219","Mailable_1":"No","StatePlane":11792040.8970218,"StatePla_1":3725915.9806342698,"Latitude":37.550981989999997,"Longitude":-77.433654590000003,"CreatedBy":" ","CreatedDat":" ","EditBy":"parkerca","EditDate":"2011-10-20T15:16:58Z","Shape_Length_1":305.5402155207812,"Shape_Area_1":3194.3460169268556,"ID":null,"Address":"1013 N 2nd St","Name":"Wallace Keisha","Type__Business_or_Residences_":null,"Business_Type":null,"Identification":"Vacant","ID2level":"Vacant","Notes":null,"Shape_Length":305.5402155207812,"Shape_Area":3194.3460169268556}},{"type":"Feature","id":5,"geometry":{"type":"Polygon","coordinates":[[[-77.433929763329985,37.55130172091895],[-77.434269936009699,37.551506196579886],[-77.434297124346145,37.551476491080287],[-77.433958187998243,37.551271193093399],[-77.433929763329985,37.55130172091895]]]},"properties":{"OBJECTID":5,"AddressLab":"1012 N 2nd St","OwnerName":"Barlow Pearl L","ParcelID":33502,"PIN":"N0000085009","CountOfPIN":1,"AsrLocatio":"1012","MailAddres":"701 Royal Ct Unit 712","LandUse":"Vacant","MailCity":"Charlotte","MailState":"NC","MailZip":"28202","Assessment":"2026-01-01T00:00:00Z","LandValue":12000,"DwellingVa":0,"TotalValue":12000,"LandSqFt":1537.5,"ProvalAsmt":"320","TaxExemptC":" ","PropertyCl":"101","Property_1":"R Single Family Vacant (R1-R7)","Mailable":0,"MaskedOwne":" ","OBJECTID_1":26319,"GlobalID":"50501609-d919-420c-bad7-c4fb5823d06d","City":"Richmond","State":"VA","Shape__Are":1680.80859375,"Shape__Len":274.24324111519212,"OBJECTID_1_1":5,"Join_Count":1,"TARGET_FID":5,"OBJECTID_1_12":null,"AddressId":"2017961","BuildingNu":"1012","StreetDire":"N","StreetName":"2nd","StreetType":"St","ExtensionW":" ","UnitType":" ","UnitValue":" ","ZipCode":"23219","Mailable_1":"No","StatePlane":11791926.018642601,"StatePla_1":3726045.5929078502,"Latitude":37.551341499999999,"Longitude":-77.434045789999999,"CreatedBy":" ","CreatedDat":" ","EditBy":"parkerca","EditDate":"2011-10-20T15:22:22Z","Shape_Length_1":274.24324111518786,"Shape_Area_1":1680.8050263797704,"ID":null,"Address":"1012 N 2nd St","Name":"Barlow Pearl L","Type__Business_or_Residences_":null,"Business_Type":null,"Identification":"Vacant","ID2level":"Vacant","Notes":null,"Shape_Length":274.24324111518786,"Shape_Area":1680.8050263797704}},{"type":"Feature","id":6,"geometry":{"type":"Polygon","coordinates":[[[-77.432036591652889,37.550164039718503],[-77.431877019619108,37.550226459709968],[-77.430240993124571,37.551984615254568],[-77.430284896123624,37.552050928672969],[-77.43198139998978,37.553076956846333],[-77.433753636156595,37.551199841093357],[-77.432036591652889,37.550164039718503]]]},"properties":{"OBJECTID":6,"AddressLab":"1117 N 2nd St","OwnerName":"City Of Richmond Recreation & Parks","ParcelID":27494,"PIN":"N0000112001","CountOfPIN":1,"AsrLocatio":"200","MailAddres":"1209 Admiral St","LandUse":"Public-Open Space","MailCity":"Richmond","MailState":"VA","MailZip":"23220","Assessment":"2026-01-01T00:00:00Z","LandValue":1165000,"DwellingVa":5000,"TotalValue":1170000,"LandSqFt":553212,"ProvalAsmt":"430","TaxExemptC":"106","PropertyCl":"469","Property_1":"B Cemetery","Mailable":1,"MaskedOwne":" ","OBJECTID_1":27153,"GlobalID":"896bf074-1880-45de-9bfa-8a0f279f7ad7","City":"Richmond","State":"VA","Shape__Are":550713.77734375,"Shape__Len":2972.7202993421261,"OBJECTID_1_1":6,"Join_Count":5,"TARGET_FID":6,"OBJECTID_1_12":null,"AddressId":"0109697","BuildingNu":"1117","StreetDire":"N","StreetName":"2nd","StreetType":"St","ExtensionW":" ","UnitType":" ","UnitValue":" ","ZipCode":"23219","Mailable_1":"No","StatePlane":11792405.326082891,"StatePla_1":3726250.1079187202,"Latitude":37.551888259999998,"Longitude":-77.432384540000001,"CreatedBy":" ","CreatedDat":" ","EditBy":"MORTONRF","EditDate":"2024-10-09T19:10:36Z","Shape_Length_1":2972.7202993213305,"Shape_Area_1":550713.78019539907,"ID":null,"Address":"1117 N 2nd St","Name":"City Of Richmond Recreation & Parks","Type__Business_or_Residences_":null,"Business_Type":null,"Identification":"Commercial","ID2level":"Funeral","Notes":null,"Shape_Length":2972.7202993213305,"Shape_Area":550713.78019539907}},{"type":"Feature","id":7,"geometry":{"type":"Polygon","coordinates":[[[-77.437188386244003,37.547117485699026],[-77.437437639192922,37.547264906092437],[-77.43748097846013,37.547220118702683],[-77.43722990168807,37.547074586076143],[-77.437188386244003,37.547117485699026]]]},"properties":{"OBJECTID":7,"AddressLab":"539 N 2nd St","OwnerName":"Eggleston Plaza Ii Lp","ParcelID":400702,"PIN":"N0000039072B","CountOfPIN":1,"AsrLocatio":"537","MailAddres":"927 Hull St","LandUse":"Commercial","MailCity":"Richmond","MailState":"VA","MailZip":"23224","Assessment":"2026-01-01T00:00:00Z","LandValue":480000,"DwellingVa":2327000,"TotalValue":2807000,"LandSqFt":25651,"ProvalAsmt":"507","TaxExemptC":" ","PropertyCl":"470","Property_1":"B Commercial Condo","Mailable":1,"MaskedOwne":" ","OBJECTID_1":27554,"GlobalID":"38f7facf-5e39-484e-aafb-8da18e069e79","City":"Richmond","State":"VA","Shape__Are":8077.5078125,"Shape__Len":359.50013874984393,"OBJECTID_1_1":7,"Join_Count":1,"TARGET_FID":7,"OBJECTID_1_12":null,"AddressId":"2017605","BuildingNu":"539","StreetDire":"N","StreetName":"2nd","StreetType":"St","ExtensionW":" ","UnitType":" ","UnitValue":" ","ZipCode":"23219","Mailable_1":"No","StatePlane":11790965.001535799,"StatePla_1":3724534.0526238498,"Latitude":37.547220240000001,"Longitude":-77.437419309999996,"CreatedBy":" ","CreatedDat":" ","EditBy":"mortonrf","EditDate":"2017-02-22T13:58:33Z","Shape_Length_1":220.35863449127208,"Shape_Area_1":1813.8290314615072,"ID":null,"Address":"539 N 2nd St","Name":"Eggleston Plaza Ii Lp","Type__Business_or_Residences_":null,"Business_Type":"Eggleston Plaza Condominiums","Identification":"Residential","ID2level":"Residential","Notes":null,"Shape_Length":220.35863449127208,"Shape_Area":1813.8290314615072}},{"type":"Feature","id":8,"geometry":{"type":"Polygon","coordinates":[[[-77.437148507237879,37.547158705006453],[-77.437394420551314,37.547309562986733],[-77.43758336396786,37.547114307115983],[-77.437337449782362,37.546963449510777],[-77.437148507237879,37.547158705006453]]]},"properties":{"OBJECTID":8,"AddressLab":"201 1/2 E Leigh St","OwnerName":"Eggleston Plaza Ii Lp","ParcelID":400702,"PIN":"N0000039073","CountOfPIN":1,"AsrLocatio":"541","MailAddres":"927 Hull St","LandUse":"Commercial","MailCity":"Richmond","MailState":"VA","MailZip":"23224","Assessment":"2026-01-01T00:00:00Z","LandValue":273000,"DwellingVa":220000,"TotalValue":493000,"LandSqFt":5060,"ProvalAsmt":"411","TaxExemptC":" ","PropertyCl":"470","Property_1":"B Commercial Condo","Mailable":1,"MaskedOwne":" ","OBJECTID_1":27555,"GlobalID":"a6464984-e9df-46b1-bd1e-5bb442fe3717","City":"Richmond","State":"VA","Shape__Are":8077.5078125,"Shape__Len":359.50013874984393,"OBJECTID_1_1":8,"Join_Count":5,"TARGET_FID":8,"OBJECTID_1_12":null,"AddressId":"1061469","BuildingNu":"201 1/2","StreetDire":"E","StreetName":"Leigh","StreetType":"St","ExtensionW":" ","UnitType":" ","UnitValue":" ","ZipCode":"23219","Mailable_1":"No","StatePlane":11791013.797369899,"StatePla_1":3724522.53033718,"Latitude":37.547187090000001,"Longitude":-77.437251450000005,"CreatedBy":" ","CreatedDat":" ","EditBy":"parkerca","EditDate":"2011-10-20T15:18:01Z","Shape_Length_1":359.50013877071069,"Shape_Area_1":8077.5062400779389,"ID":null,"Address":"201 1/2 E Leigh St","Name":"Eggleston Plaza Ii Lp","Type__Business_or_Residences_":null,"Business_Type":null,"Identification":"Commercial","ID2level":"Unknown","Notes":null,"Shape_Length":359.50013877071069,"Shape_Area":8077.5062400779389}},{"type":"Feature","id":9,"geometry":{"type":"Polygon","coordinates":[[[-77.436454724935629,37.547718699330922],[-77.436819995420038,37.547937057351753],[-77.436883970136947,37.547870298953853],[-77.436659650339521,37.547736754525403],[-77.436516888130456,37.547651762678356],[-77.436454724935629,37.547718699330922]]]},"properties":{"OBJECTID":9,"AddressLab":"609 N 2nd St","OwnerName":"Mocha Temple No 7 A E A O N M Shrine Tr","ParcelID":8117,"PIN":"N0000040031","CountOfPIN":1,"AsrLocatio":"609","MailAddres":"Po Box 27022","LandUse":"Vacant","MailCity":"Richmond","MailState":"VA","MailZip":"23261","Assessment":"2026-01-01T00:00:00Z","LandValue":204000,"DwellingVa":0,"TotalValue":204000,"LandSqFt":3900,"ProvalAsmt":"411","TaxExemptC":"600","PropertyCl":"401","Property_1":"B Commercial Vacant Land","Mailable":0,"MaskedOwne":" ","OBJECTID_1":27556,"GlobalID":"2e46e798-d369-4589-a996-da82b7c1f929","City":"Richmond","State":"VA","Shape__Are":4038.22265625,"Shape__Len":326.18799696398617,"OBJECTID_1_1":9,"Join_Count":1,"TARGET_FID":9,"OBJECTID_1_12":null,"AddressId":"2017623","BuildingNu":"609","StreetDire":"N","StreetName":"2nd","StreetType":"St","ExtensionW":" ","UnitType":" ","UnitValue":" ","ZipCode":"23219","Mailable_1":"No","StatePlane":11791159.931920201,"StatePla_1":3724756.84384494,"Latitude":37.547826049999998,"Longitude":-77.436738320000003,"CreatedBy":" ","CreatedDat":" ","EditBy":"parkerca","EditDate":"2011-11-01T08:51:42Z","Shape_Length_1":326.18799698161502,"Shape_Area_1":4038.2268796033968,"ID":null,"Address":"609 N 2nd St","Name":"Mocha Temple No 7 A E A O N M Shrine Tr","Type__Business_or_Residences_":null,"Business_Type":null,"Identification":"Vacant","ID2level":"Vacant","Notes":null,"Shape_Length":326.18799698161502,"Shape_Area":4038.2268796033968}},{"type":"Feature","id":10,"geometry":{"type":"Polygon","coordinates":[[[-77.436336726044829,37.547845758409998],[-77.436696893207596,37.548065514581275],[-77.436760021531796,37.547999640749396],[-77.43639530606022,37.547782680629027],[-77.436336726044829,37.547845758409998]]]},"properties":{"OBJECTID":10,"AddressLab":"613 N 2nd St","OwnerName":"Mocha Temple No 7 A E A O N M Shrine Tr","ParcelID":35632,"PIN":"N0000040033","CountOfPIN":1,"AsrLocatio":"613","MailAddres":"Po Box 27022","LandUse":"Public-Open Space","MailCity":"Richmond","MailState":"VA","MailZip":"23261","Assessment":"2026-01-01T00:00:00Z","LandValue":204000,"DwellingVa":214000,"TotalValue":418000,"LandSqFt":3900,"ProvalAsmt":"411","TaxExemptC":"600","PropertyCl":"455","Property_1":"B Community Ctr / Club","Mailable":1,"MaskedOwne":" ","OBJECTID_1":27557,"GlobalID":"2abc7909-e271-47d5-9f49-ec05edcc1f78","City":"Richmond","State":"VA","Shape__Are":3869.48828125,"Shape__Len":322.27116805298499,"OBJECTID_1_1":10,"Join_Count":1,"TARGET_FID":10,"OBJECTID_1_12":null,"AddressId":"0109594","BuildingNu":"613","StreetDire":"N","StreetName":"2nd","StreetType":"St","ExtensionW":" ","UnitType":" ","UnitValue":" ","ZipCode":"23219","Mailable_1":"Yes","StatePlane":11791172.609716309,"StatePla_1":3724822.7387262299,"Latitude":37.548006620000002,"Longitude":-77.436692030000003,"CreatedBy":" ","CreatedDat":" ","EditBy":"MORTONRF","EditDate":"2025-01-31T15:30:26Z","Shape_Length_1":322.27116805304956,"Shape_Area_1":3869.4889971315506,"ID":null,"Address":"613 N 2nd St","Name":"Mocha Temple No 7 A E A O N M Shrine Tr","Type__Business_or_Residences_":null,"Business_Type":"Mocha Temple No. 7 Shrine Club","Identification":"Institutional","ID2level":"Community & Athletic Center","Notes":null,"Shape_Length":322.27116805304956,"Shape_Area":3869.4889971315506}},{"type":"Feature","id":11,"geometry":{"type":"Polygon","coordinates":[[[-77.435962565536443,37.5486856026506],[-77.435891530367599,37.548762363382387],[-77.436001671862726,37.548819549001692],[-77.436070621620317,37.54874627207078],[-77.435962565536443,37.5486856026506]]]},"properties":{"OBJECTID":11,"AddressLab":"723 1/2 N 2nd St","OwnerName":"Richmond Redevelopment And Housing Authority","ParcelID":6604,"PIN":"N0000041110","CountOfPIN":1,"AsrLocatio":"723","MailAddres":"600 E Broad St 4th Fl","LandUse":"Vacant","MailCity":"Richmond","MailState":"VA","MailZip":"23219","Assessment":"2026-01-01T00:00:00Z","LandValue":95000,"DwellingVa":0,"TotalValue":95000,"LandSqFt":3990,"ProvalAsmt":"218","TaxExemptC":"150","PropertyCl":"101","Property_1":"R Single Family Vacant (R1-R7)","Mailable":0,"MaskedOwne":" ","OBJECTID_1":27559,"GlobalID":"33f08f23-a935-4f26-93a1-8208f16437d6","City":"Richmond","State":"VA","Shape__Are":4020.87890625,"Shape__Len":287.11947921598374,"OBJECTID_1_1":11,"Join_Count":1,"TARGET_FID":11,"OBJECTID_1_12":null,"AddressId":"2028087","BuildingNu":"723 1/2","StreetDire":"N","StreetName":"2nd","StreetType":"St","ExtensionW":" ","UnitType":" ","UnitValue":" ","ZipCode":"23219","Mailable_1":"No","StatePlane":11791373.273028901,"StatePla_1":3725105.61906602,"Latitude":37.548777260000001,"Longitude":-77.43598892,"CreatedBy":" ","CreatedDat":" ","EditBy":"parkerca","EditDate":"2011-11-01T08:52:27Z","Shape_Length_1":144.50714748922189,"Shape_Area_1":1299.3208589600047,"ID":null,"Address":"723 1/2 N 2nd St","Name":"Richmond Redevelopment And Housing Authority","Type__Business_or_Residences_":null,"Business_Type":null,"Identification":"Vacant","ID2level":"Vacant","Notes":null,"Shape_Length":144.50714748922189,"Shape_Area":1299.3208589600047}},{"type":"Feature","id":12,"geometry":{"type":"Polygon","coordinates":[[[-77.435925983140393,37.548293687446915],[-77.436287085178407,37.548502952694946],[-77.436354583660048,37.548430780844498],[-77.436093057229854,37.548278890370909],[-77.436088689847011,37.54828368378476],[-77.435988087143073,37.548227561531299],[-77.435925983140393,37.548293687446915]]]},"properties":{"OBJECTID":12,"AddressLab":"705 N 2nd St","OwnerName":"Richmond Redevelopment And Housing Authority","ParcelID":6704,"PIN":"N0000041120","CountOfPIN":1,"AsrLocatio":"705","MailAddres":"600 E Broad St 4th Fl","LandUse":"Vacant","MailCity":"Richmond","MailState":"VA","MailZip":"23219","Assessment":"2026-01-01T00:00:00Z","LandValue":95000,"DwellingVa":0,"TotalValue":95000,"LandSqFt":3876.8400000000001,"ProvalAsmt":"218","TaxExemptC":"150","PropertyCl":"101","Property_1":"R Single Family Vacant (R1-R7)","Mailable":0,"MaskedOwne":" ","OBJECTID_1":27560,"GlobalID":"a658b406-3d4d-4741-9250-7e959a3838e3","City":"Richmond","State":"VA","Shape__Are":4160.89453125,"Shape__Len":323.92364579510536,"OBJECTID_1_1":12,"Join_Count":1,"TARGET_FID":12,"OBJECTID_1_12":null,"AddressId":"3000025","BuildingNu":"705","StreetDire":"N","StreetName":"2nd","StreetType":"St","ExtensionW":" ","UnitType":" ","UnitValue":" ","ZipCode":"23219","Mailable_1":"No","StatePlane":11791331.8069045,"StatePla_1":3724951.2463432699,"Latitude":37.548354600000003,"Longitude":-77.436137939999995,"CreatedBy":" ","CreatedDat":" ","EditBy":"parkerca","EditDate":"2011-10-20T15:16:58Z","Shape_Length_1":323.92364579523473,"Shape_Area_1":4160.8953356925222,"ID":null,"Address":"705 N 2nd St","Name":"Richmond Redevelopment And Housing Authority","Type__Business_or_Residences_":null,"Business_Type":null,"Identification":"Vacant","ID2level":"Vacant","Notes":null,"Shape_Length":323.92364579523473,"Shape_Area":4160.8953356925222}},{"type":"Feature","id":13,"geometry":{"type":"Polygon","coordinates":[[[-77.438645001945133,37.546469308192783],[-77.43854702197018,37.546410463203856],[-77.438231637228157,37.546743350663085],[-77.438330732745356,37.546802874512764],[-77.438645001945133,37.546469308192783]]]},"properties":{"OBJECTID":13,"AddressLab":"112 E Clay St","OwnerName":"Two Street Development Llc C/o Ronald A Stallings","ParcelID":98529,"PIN":"N0000062053","CountOfPIN":1,"AsrLocatio":"112","MailAddres":"402 1/2 N 2nd St","LandUse":"Commercial","MailCity":"Richmond","MailState":"VA","MailZip":"23219","Assessment":"2026-01-01T00:00:00Z","LandValue":374000,"DwellingVa":244000,"TotalValue":618000,"LandSqFt":7344,"ProvalAsmt":"411","TaxExemptC":" ","PropertyCl":"470","Property_1":"B Commercial Condo","Mailable":1,"MaskedOwne":" ","OBJECTID_1":27566,"GlobalID":"10fca4fd-d7ed-4e6b-8c69-dd55e2a9eeda","City":"Richmond","State":"VA","Shape__Are":7715.9375,"Shape__Len":405.2976362099522,"OBJECTID_1_1":13,"Join_Count":14,"TARGET_FID":13,"OBJECTID_1_12":null,"AddressId":"0020258","BuildingNu":"112","StreetDire":"E","StreetName":"Clay","StreetType":"St","ExtensionW":" ","UnitType":" ","UnitValue":" ","ZipCode":"23219","Mailable_1":"No","StatePlane":11790628.6065393,"StatePla_1":3724259.9445762602,"Latitude":37.546477879999998,"Longitude":-77.438590199999993,"CreatedBy":" ","CreatedDat":" ","EditBy":"parkerca","EditDate":"2011-10-20T15:20:19Z","Shape_Length_1":375.22862675999534,"Shape_Area_1":5433.0960343338011,"ID":null,"Address":"112 E Clay St","Name":"Two Street Development Llc C/o Ronald A Stallings","Type__Business_or_Residences_":null,"Business_Type":null,"Identification":"Commercial","ID2level":"Unknown","Notes":null,"Shape_Length":375.22862675999534,"Shape_Area":5433.0960343338011}},{"type":"Feature","id":14,"geometry":{"type":"Polygon","coordinates":[[[-77.438231637228157,37.546743350663085],[-77.438371579019829,37.546827404192946],[-77.438686963507521,37.546494515466762],[-77.43854702197018,37.546410463203856],[-77.438231637228157,37.546743350663085]]]},"properties":{"OBJECTID":14,"AddressLab":"112 E Clay St","OwnerName":"Hays Mark A & Nadine B","ParcelID":98529,"PIN":"N0000062062","CountOfPIN":1,"AsrLocatio":"112","MailAddres":"82 County Rd #68","LandUse":"Multi-Family","MailCity":"Mattapoisett","MailState":"MA","MailZip":"02739","Assessment":"2026-01-01T00:00:00Z","LandValue":45000,"DwellingVa":158000,"TotalValue":203000,"LandSqFt":1,"ProvalAsmt":"603","TaxExemptC":" ","PropertyCl":"211","Property_1":"R Condo Residential 12-49 Unit","Mailable":1,"MaskedOwne":" ","OBJECTID_1":27567,"GlobalID":"a5575a74-4cb9-4da2-b3a9-f4ea20ca5db8","City":"Richmond","State":"VA","Shape__Are":7715.9375,"Shape__Len":405.2976362099522,"OBJECTID_1_1":14,"Join_Count":15,"TARGET_FID":14,"OBJECTID_1_12":null,"AddressId":"0020258","BuildingNu":"112","StreetDire":"E","StreetName":"Clay","StreetType":"St","ExtensionW":" ","UnitType":" ","UnitValue":" ","ZipCode":"23219","Mailable_1":"No","StatePlane":11790628.6065393,"StatePla_1":3724259.9445762602,"Latitude":37.546477879999998,"Longitude":-77.438590199999993,"CreatedBy":" ","CreatedDat":" ","EditBy":"parkerca","EditDate":"2011-10-20T15:20:19Z","Shape_Length_1":405.29763620995226,"Shape_Area_1":7715.9398687345147,"ID":null,"Address":"112 E Clay St","Name":"Two Street Development Llc C/o Ronald A Stallings","Type__Business_or_Residences_":null,"Business_Type":null,"Identification":"Commercial","ID2level":"Unknown","Notes":null,"Shape_Length":405.29763620995226,"Shape_Area":7715.9398687345147}},{"type":"Feature","id":15,"geometry":{"type":"Polygon","coordinates":[[[-77.438231637228157,37.546743350663085],[-77.438371579019829,37.546827404192946],[-77.438686963507521,37.546494515466762],[-77.43854702197018,37.546410463203856],[-77.438231637228157,37.546743350663085]]]},"properties":{"OBJECTID":15,"AddressLab":"112 E Clay St","OwnerName":"Nardone Vincent J","ParcelID":98529,"PIN":"N0000062064","CountOfPIN":1,"AsrLocatio":"112","MailAddres":"112 E Clay St Unit 4c","LandUse":"Multi-Family","MailCity":"Richmond","MailState":"VA","MailZip":"23219","Assessment":"2026-01-01T00:00:00Z","LandValue":45000,"DwellingVa":219000,"TotalValue":264000,"LandSqFt":1,"ProvalAsmt":"603","TaxExemptC":" ","PropertyCl":"211","Property_1":"R Condo Residential 12-49 Unit","Mailable":1,"MaskedOwne":" ","OBJECTID_1":27568,"GlobalID":"b28f61e0-9f3e-434c-ba5a-7bbb6c673ff6","City":"Richmond","State":"VA","Shape__Are":7715.9375,"Shape__Len":405.2976362099522,"OBJECTID_1_1":15,"Join_Count":15,"TARGET_FID":15,"OBJECTID_1_12":null,"AddressId":"0020258","BuildingNu":"112","StreetDire":"E","StreetName":"Clay","StreetType":"St","ExtensionW":" ","UnitType":" ","UnitValue":" ","ZipCode":"23219","Mailable_1":"No","StatePlane":11790628.6065393,"StatePla_1":3724259.9445762602,"Latitude":37.546477879999998,"Longitude":-77.438590199999993,"CreatedBy":" ","CreatedDat":" ","EditBy":"parkerca","EditDate":"2011-10-20T15:20:19Z","Shape_Length_1":405.29763620995226,"Shape_Area_1":7715.9398687345147,"ID":null,"Address":"112 E Clay St","Name":"Two Street Development Llc C/o Ronald A Stallings","Type__Business_or_Residences_":null,"Business_Type":null,"Identification":"Commercial","ID2level":"Unknown","Notes":null,"Shape_Length":405.29763620995226,"Shape_Area":7715.9398687345147}},{"type":"Feature","id":16,"geometry":{"type":"Polygon","coordinates":[[[-77.438231637228157,37.546743350663085],[-77.438371579019829,37.546827404192946],[-77.438686963507521,37.546494515466762],[-77.43854702197018,37.546410463203856],[-77.438231637228157,37.546743350663085]]]},"properties":{"OBJECTID":16,"AddressLab":"112 E Clay St","OwnerName":"Unruh Jerold J And Tinovia L And Prezcott N","ParcelID":98529,"PIN":"N0000062065","CountOfPIN":1,"AsrLocatio":"112","MailAddres":"8 River Oak Pl","LandUse":"Multi-Family","MailCity":"Fredericksburg","MailState":"VA","MailZip":"22407","Assessment":"2026-01-01T00:00:00Z","LandValue":45000,"DwellingVa":158000,"TotalValue":203000,"LandSqFt":1,"ProvalAsmt":"603","TaxExemptC":" ","PropertyCl":"211","Property_1":"R Condo Residential 12-49 Unit","Mailable":1,"MaskedOwne":" ","OBJECTID_1":27569,"GlobalID":"dc6ed8af-98d9-4cfb-9cb0-48aee2ed482c","City":"Richmond","State":"VA","Shape__Are":7715.9375,"Shape__Len":405.2976362099522,"OBJECTID_1_1":16,"Join_Count":15,"TARGET_FID":16,"OBJECTID_1_12":null,"AddressId":"0020258","BuildingNu":"112","StreetDire":"E","StreetName":"Clay","StreetType":"St","ExtensionW":" ","UnitType":" ","UnitValue":" ","ZipCode":"23219","Mailable_1":"No","StatePlane":11790628.6065393,"StatePla_1":3724259.9445762602,"Latitude":37.546477879999998,"Longitude":-77.438590199999993,"CreatedBy":" ","CreatedDat":" ","EditBy":"parkerca","EditDate":"2011-10-20T15:20:19Z","Shape_Length_1":405.29763620995226,"Shape_Area_1":7715.9398687345147,"ID":null,"Address":"112 E Clay St","Name":"Two Street Development Llc C/o Ronald A Stallings","Type__Business_or_Residences_":null,"Business_Type":null,"Identification":"Commercial","ID2level":"Unknown","Notes":null,"Shape_Length":405.29763620995226,"Shape_Area":7715.9398687345147}},{"type":"Feature","id":17,"geometry":{"type":"Polygon","coordinates":[[[-77.438105029211485,37.546876983613771],[-77.438479537577265,37.547101910826584],[-77.438515336288901,37.547123411715987],[-77.438562884181295,37.547073224373257],[-77.438527086611529,37.547051723508162],[-77.438458252151506,37.547010381960639],[-77.438464474592337,37.547003799263337],[-77.438158808638008,37.54682022013926],[-77.438105029211485,37.546876983613771]]]},"properties":{"OBJECTID":17,"AddressLab":"516 N 2nd St","OwnerName":"Stallings Ronald A","ParcelID":98540,"PIN":"N0000062066","CountOfPIN":1,"AsrLocatio":"516","MailAddres":"402 1/2 N 2nd St","LandUse":"Multi-Family","MailCity":"Richmond","MailState":"VA","MailZip":"23219","Assessment":"2026-01-01T00:00:00Z","LandValue":30000,"DwellingVa":70000,"TotalValue":100000,"LandSqFt":1,"ProvalAsmt":"603","TaxExemptC":" ","PropertyCl":"211","Property_1":"R Condo Residential 12-49 Unit","Mailable":1,"MaskedOwne":" ","OBJECTID_1":27570,"GlobalID":"566866ef-e5b1-447f-8c82-8c4c02c94839","City":"Richmond","State":"VA","Shape__Are":3743.6171875,"Shape__Len":349.77617073659025,"OBJECTID_1_1":17,"Join_Count":14,"TARGET_FID":17,"OBJECTID_1_12":null,"AddressId":"0109563","BuildingNu":"516","StreetDire":"N","StreetName":"2nd","StreetType":"St","ExtensionW":" ","UnitType":" ","UnitValue":" ","ZipCode":"23219","Mailable_1":"No","StatePlane":11790755.284763601,"StatePla_1":3724397.9334735102,"Latitude":37.546852909999998,"Longitude":-77.438147920000006,"CreatedBy":" ","CreatedDat":" ","EditBy":"parkerca","EditDate":"2011-10-20T15:20:19Z","Shape_Length_1":349.77617075742842,"Shape_Area_1":3743.6157530736805,"ID":null,"Address":"516 N 2nd St","Name":null,"Type__Business_or_Residences_":"Mixed Use","Business_Type":"Thai Studio Restaurant, Treasures jewelers ","Identification":"Mixed Use","ID2level":"Restaurant / Shop / Residential","Notes":"There also an apartment with 13 units","Shape_Length":349.77617075742842,"Shape_Area":3743.6157530736805}},{"type":"Feature","id":18,"geometry":{"type":"Polygon","coordinates":[[[-77.438105029211485,37.546876983613771],[-77.438479537577265,37.547101910826584],[-77.438515336288901,37.547123411715987],[-77.438562884181295,37.547073224373257],[-77.438527086611529,37.547051723508162],[-77.438458252151506,37.547010381960639],[-77.438464474592337,37.547003799263337],[-77.438158808638008,37.54682022013926],[-77.438105029211485,37.546876983613771]]]},"properties":{"OBJECTID":18,"AddressLab":"516 N 2nd St","OwnerName":"Stallings Ronald A","ParcelID":98540,"PIN":"N0000062069","CountOfPIN":1,"AsrLocatio":"516","MailAddres":"402 1/2 N 2nd St","LandUse":"Multi-Family","MailCity":"Richmond","MailState":"VA","MailZip":"23219","Assessment":"2026-01-01T00:00:00Z","LandValue":30000,"DwellingVa":70000,"TotalValue":100000,"LandSqFt":1,"ProvalAsmt":"603","TaxExemptC":" ","PropertyCl":"211","Property_1":"R Condo Residential 12-49 Unit","Mailable":1,"MaskedOwne":" ","OBJECTID_1":27571,"GlobalID":"f56fc3e4-4d00-4c31-8c19-f84ac6e97255","City":"Richmond","State":"VA","Shape__Are":3743.6171875,"Shape__Len":349.77617073659025,"OBJECTID_1_1":18,"Join_Count":14,"TARGET_FID":18,"OBJECTID_1_12":null,"AddressId":"0109563","BuildingNu":"516","StreetDire":"N","StreetName":"2nd","StreetType":"St","ExtensionW":" ","UnitType":" ","UnitValue":" ","ZipCode":"23219","Mailable_1":"No","StatePlane":11790755.284763601,"StatePla_1":3724397.9334735102,"Latitude":37.546852909999998,"Longitude":-77.438147920000006,"CreatedBy":" ","CreatedDat":" ","EditBy":"parkerca","EditDate":"2011-10-20T15:20:19Z","Shape_Length_1":349.77617075742842,"Shape_Area_1":3743.6157530736805,"ID":null,"Address":"516 N 2nd St","Name":null,"Type__Business_or_Residences_":"Mixed Use","Business_Type":"Thai Studio Restaurant, Treasures jewelers ","Identification":"Mixed Use","ID2level":"Restaurant / Shop / Residential","Notes":"There also an apartment with 13 units","Shape_Length":349.77617075742842,"Shape_Area":3743.6157530736805}},{"type":"Feature","id":19,"geometry":{"type":"Polygon","coordinates":[[[-77.433850125228744,37.551386385921383],[-77.434191834632855,37.551591530718987],[-77.434245580289584,37.551532807924794],[-77.433904257863801,37.55132911482626],[-77.433850125228744,37.551386385921383]]]},"properties":{"OBJECTID":19,"AddressLab":"1014 N 2nd St","OwnerName":"Cameron Sampson","ParcelID":58702,"PIN":"N0000085007","CountOfPIN":1,"AsrLocatio":"1014","MailAddres":"1014 N 2nd St","LandUse":"Single Family","MailCity":"Richmond","MailState":"VA","MailZip":"23219","Assessment":"2026-01-01T00:00:00Z","LandValue":25000,"DwellingVa":101000,"TotalValue":126000,"LandSqFt":3075,"ProvalAsmt":"320","TaxExemptC":" ","PropertyCl":"120","Property_1":"R Two Story","Mailable":1,"MaskedOwne":" ","OBJECTID_1":27693,"GlobalID":"8c3222b1-7921-4dd0-a5aa-279b55dabe7c","City":"Richmond","State":"VA","Shape__Are":3254.58984375,"Shape__Len":300.27985204804622,"OBJECTID_1_1":19,"Join_Count":1,"TARGET_FID":19,"OBJECTID_1_12":null,"AddressId":"0109689","BuildingNu":"1014","StreetDire":"N","StreetName":"2nd","StreetType":"St","ExtensionW":" ","UnitType":" ","UnitValue":" ","ZipCode":"23219","Mailable_1":"Yes","StatePlane":11791956.8952213,"StatePla_1":3726066.1975254398,"Latitude":37.551397119999997,"Longitude":-77.433938479999995,"CreatedBy":" ","CreatedDat":" ","EditBy":"parkerca","EditDate":"2011-10-20T15:19:23Z","Shape_Length_1":300.27985202402436,"Shape_Area_1":3254.5942664483005,"ID":null,"Address":"1014 N 2nd St","Name":"Cameron Sampson","Type__Business_or_Residences_":null,"Business_Type":null,"Identification":"Residential","ID2level":"Residential","Notes":null,"Shape_Length":300.27985202402436,"Shape_Area":3254.5942664483005}},{"type":"Feature","id":20,"geometry":{"type":"Polygon","coordinates":[[[-77.433904257863801,37.55132911482626],[-77.434245580289584,37.551532807924794],[-77.434269936009699,37.551506196579886],[-77.433929763329985,37.55130172091895],[-77.433904257863801,37.55132911482626]]]},"properties":{"OBJECTID":20,"AddressLab":"1012 1/2 N 2nd St","OwnerName":"Barlow Pearl","ParcelID":45766,"PIN":"N0000085008","CountOfPIN":1,"AsrLocatio":"1012","MailAddres":"701 Royal Ct Unit 712","LandUse":"Vacant","MailCity":"Charlotte","MailState":"NC","MailZip":"28202","Assessment":"2026-01-01T00:00:00Z","LandValue":12000,"DwellingVa":0,"TotalValue":12000,"LandSqFt":1537.5,"ProvalAsmt":"320","TaxExemptC":" ","PropertyCl":"101","Property_1":"R Single Family Vacant (R1-R7)","Mailable":0,"MaskedOwne":" ","OBJECTID_1":27694,"GlobalID":"4749a19d-97d9-4726-a410-37052eee33fa","City":"Richmond","State":"VA","Shape__Are":1508.27734375,"Shape__Len":271.62822856963288,"OBJECTID_1_1":20,"Join_Count":1,"TARGET_FID":20,"OBJECTID_1_12":null,"AddressId":"2017960","BuildingNu":"1012 1/2","StreetDire":"N","StreetName":"2nd","StreetType":"St","ExtensionW":" ","UnitType":" ","UnitValue":" ","ZipCode":"23219","Mailable_1":"No","StatePlane":11791933.5386407,"StatePla_1":3726056.08435668,"Latitude":37.551370079999998,"Longitude":-77.43401944,"CreatedBy":" ","CreatedDat":" ","EditBy":"parkerca","EditDate":"2011-10-20T15:22:22Z","Shape_Length_1":271.62822858716237,"Shape_Area_1":1508.2834745288937,"ID":null,"Address":"1012 1/2 N 2nd St","Name":"Barlow Pearl","Type__Business_or_Residences_":null,"Business_Type":null,"Identification":"Vacant","ID2level":"Vacant","Notes":null,"Shape_Length":271.62822858716237,"Shape_Area":1508.2834745288937}},{"type":"Feature","id":21,"geometry":{"type":"Polygon","coordinates":[[[-77.439593944687132,37.545016181996637],[-77.439323920500271,37.544855039356648],[-77.439287569234153,37.544892481989237],[-77.439343855448712,37.544926174017384],[-77.439556897592823,37.545053696882107],[-77.439593944687132,37.545016181996637]]]},"properties":{"OBJECTID":21,"AddressLab":"313 N 2nd St","OwnerName":"Henderson Keith M Trustee Trust","ParcelID":64205,"PIN":"N0000037036","CountOfPIN":1,"AsrLocatio":"313","MailAddres":"10233 Snap Dragon Rd","LandUse":"Mixed-Use","MailCity":"Mechanicsville","MailState":"VA","MailZip":"23116","Assessment":"2026-01-01T00:00:00Z","LandValue":101000,"DwellingVa":364000,"TotalValue":465000,"LandSqFt":1746,"ProvalAsmt":"411","TaxExemptC":" ","PropertyCl":"450","Property_1":"B Mixed Use","Mailable":1,"MaskedOwne":" ","OBJECTID_1":27725,"GlobalID":"7b1aa267-f296-4590-a23e-1626fed31c37","City":"Richmond","State":"VA","Shape__Are":1691.37890625,"Shape__Len":230.12932468790612,"OBJECTID_1_1":21,"Join_Count":2,"TARGET_FID":21,"OBJECTID_1_12":null,"AddressId":"0109527","BuildingNu":"313","StreetDire":"N","StreetName":"2nd","StreetType":"St","ExtensionW":" ","UnitType":" ","UnitValue":" ","ZipCode":"23219","Mailable_1":"Yes","StatePlane":11790360.829843801,"StatePla_1":3723722.9686160502,"Latitude":37.54501149,"Longitude":-77.439534589999994,"CreatedBy":" ","CreatedDat":" ","EditBy":"MORTONRF","EditDate":"2026-01-28T19:58:20Z","Shape_Length_1":230.12932468790615,"Shape_Area_1":1691.3796506018014,"ID":null,"Address":"313 N 2nd St","Name":null,"Type__Business_or_Residences_":"Commercial","Business_Type":"Henderson Bail Boning, A Fresh Prints Jr Screen Printing","Identification":"Commercial","ID2level":"Economic & Legal Services","Notes":null,"Shape_Length":230.12932468790615,"Shape_Area":1691.3796506018014}},{"type":"Feature","id":22,"geometry":{"type":"Polygon","coordinates":[[[-77.437148507237879,37.547158705006453],[-77.437394420551314,37.547309562986733],[-77.43758336396786,37.547114307115983],[-77.437337449782362,37.546963449510777],[-77.437148507237879,37.547158705006453]]]},"properties":{"OBJECTID":22,"AddressLab":"201 1/2 E Leigh St","OwnerName":"Eggleston Plaza Ii Lp","ParcelID":400702,"PIN":"N0000039072","CountOfPIN":1,"AsrLocatio":"537","MailAddres":"927 Hull St","LandUse":"Commercial","MailCity":"Richmond","MailState":"VA","MailZip":"23224","Assessment":"2026-01-01T00:00:00Z","LandValue":480000,"DwellingVa":2327000,"TotalValue":2807000,"LandSqFt":25651,"ProvalAsmt":"507","TaxExemptC":"620","PropertyCl":"470","Property_1":"B Commercial Condo","Mailable":1,"MaskedOwne":" ","OBJECTID_1":27730,"GlobalID":"c36f64cb-9a02-46f7-bae9-ed11bbde2e59","City":"Richmond","State":"VA","Shape__Are":8077.5078125,"Shape__Len":359.50013874984393,"OBJECTID_1_1":22,"Join_Count":5,"TARGET_FID":22,"OBJECTID_1_12":null,"AddressId":"1061469","BuildingNu":"201 1/2","StreetDire":"E","StreetName":"Leigh","StreetType":"St","ExtensionW":" ","UnitType":" ","UnitValue":" ","ZipCode":"23219","Mailable_1":"No","StatePlane":11791013.797369899,"StatePla_1":3724522.53033718,"Latitude":37.547187090000001,"Longitude":-77.437251450000005,"CreatedBy":" ","CreatedDat":" ","EditBy":"parkerca","EditDate":"2011-10-20T15:18:01Z","Shape_Length_1":359.50013877071069,"Shape_Area_1":8077.5062400779389,"ID":null,"Address":"201 1/2 E Leigh St","Name":"Eggleston Plaza Ii Lp","Type__Business_or_Residences_":null,"Business_Type":null,"Identification":"Commercial","ID2level":"Unknown","Notes":null,"Shape_Length":359.50013877071069,"Shape_Area":8077.5062400779389}},{"type":"Feature","id":23,"geometry":{"type":"Polygon","coordinates":[[[-77.438231637228157,37.546743350663085],[-77.438371579019829,37.546827404192946],[-77.438686963507521,37.546494515466762],[-77.43854702197018,37.546410463203856],[-77.438231637228157,37.546743350663085]]]},"properties":{"OBJECTID":23,"AddressLab":"112 E Clay St","OwnerName":"2c Condominium Unit Owners Association","ParcelID":98529,"PIN":"N0000062022","CountOfPIN":1,"AsrLocatio":"112","MailAddres":"402 1/2 N 2nd St","LandUse":" ","MailCity":"Richmond","MailState":"VA","MailZip":"23219","Assessment":"2026-01-01T00:00:00Z","LandValue":1000,"DwellingVa":1000,"TotalValue":2000,"LandSqFt":7710,"ProvalAsmt":"603","TaxExemptC":"699","PropertyCl":"471","Property_1":"B Commercial Common Area Main","Mailable":0,"MaskedOwne":" ","OBJECTID_1":27734,"GlobalID":"29862182-9ae9-456c-a170-a211facd2560","City":"Richmond","State":"VA","Shape__Are":7715.9375,"Shape__Len":405.2976362099522,"OBJECTID_1_1":23,"Join_Count":15,"TARGET_FID":23,"OBJECTID_1_12":null,"AddressId":"0020258","BuildingNu":"112","StreetDire":"E","StreetName":"Clay","StreetType":"St","ExtensionW":" ","UnitType":" ","UnitValue":" ","ZipCode":"23219","Mailable_1":"No","StatePlane":11790628.6065393,"StatePla_1":3724259.9445762602,"Latitude":37.546477879999998,"Longitude":-77.438590199999993,"CreatedBy":" ","CreatedDat":" ","EditBy":"parkerca","EditDate":"2011-10-20T15:20:19Z","Shape_Length_1":405.29763620995226,"Shape_Area_1":7715.9398687345147,"ID":null,"Address":"112 E Clay St","Name":"Two Street Development Llc C/o Ronald A Stallings","Type__Business_or_Residences_":null,"Business_Type":null,"Identification":"Commercial","ID2level":"Unknown","Notes":null,"Shape_Length":405.29763620995226,"Shape_Area":7715.9398687345147}},{"type":"Feature","id":24,"geometry":{"type":"Polygon","coordinates":[[[-77.438231637228157,37.546743350663085],[-77.438371579019829,37.546827404192946],[-77.438686963507521,37.546494515466762],[-77.43854702197018,37.546410463203856],[-77.438231637228157,37.546743350663085]]]},"properties":{"OBJECTID":24,"AddressLab":"112 E Clay St","OwnerName":"Page Jack Lee And Johnson Michael K Trustees","ParcelID":98529,"PIN":"N0000062056","CountOfPIN":1,"AsrLocatio":"112","MailAddres":"112 E Clay St Unit 2c","LandUse":"Multi-Family","MailCity":"Richmond","MailState":"VA","MailZip":"23219","Assessment":"2026-01-01T00:00:00Z","LandValue":45000,"DwellingVa":158000,"TotalValue":203000,"LandSqFt":1,"ProvalAsmt":"603","TaxExemptC":" ","PropertyCl":"211","Property_1":"R Condo Residential 12-49 Unit","Mailable":1,"MaskedOwne":" ","OBJECTID_1":27736,"GlobalID":"335e783e-6f15-4880-b562-1ab61aa993e8","City":"Richmond","State":"VA","Shape__Are":7715.9375,"Shape__Len":405.2976362099522,"OBJECTID_1_1":24,"Join_Count":15,"TARGET_FID":24,"OBJECTID_1_12":null,"AddressId":"0020258","BuildingNu":"112","StreetDire":"E","StreetName":"Clay","StreetType":"St","ExtensionW":" ","UnitType":" ","UnitValue":" ","ZipCode":"23219","Mailable_1":"No","StatePlane":11790628.6065393,"StatePla_1":3724259.9445762602,"Latitude":37.546477879999998,"Longitude":-77.438590199999993,"CreatedBy":" ","CreatedDat":" ","EditBy":"parkerca","EditDate":"2011-10-20T15:20:19Z","Shape_Length_1":405.29763620995226,"Shape_Area_1":7715.9398687345147,"ID":null,"Address":"112 E Clay St","Name":"Two Street Development Llc C/o Ronald A Stallings","Type__Business_or_Residences_":null,"Business_Type":null,"Identification":"Commercial","ID2level":"Unknown","Notes":null,"Shape_Length":405.29763620995226,"Shape_Area":7715.9398687345147}},{"type":"Feature","id":25,"geometry":{"type":"Polygon","coordinates":[[[-77.438231637228157,37.546743350663085],[-77.438371579019829,37.546827404192946],[-77.438686963507521,37.546494515466762],[-77.43854702197018,37.546410463203856],[-77.438231637228157,37.546743350663085]]]},"properties":{"OBJECTID":25,"AddressLab":"112 E Clay St","OwnerName":"Krafcik Richard Jr","ParcelID":98529,"PIN":"N0000062057","CountOfPIN":1,"AsrLocatio":"112","MailAddres":"2819 Founders Bridge Road","LandUse":"Multi-Family","MailCity":"Midlothian","MailState":"VA","MailZip":"23113","Assessment":"2026-01-01T00:00:00Z","LandValue":45000,"DwellingVa":158000,"TotalValue":203000,"LandSqFt":1,"ProvalAsmt":"603","TaxExemptC":" ","PropertyCl":"211","Property_1":"R Condo Residential 12-49 Unit","Mailable":1,"MaskedOwne":" ","OBJECTID_1":27737,"GlobalID":"1df7c4c5-f0c0-4a11-a5a6-cf1ff6f1ab58","City":"Richmond","State":"VA","Shape__Are":7715.9375,"Shape__Len":405.2976362099522,"OBJECTID_1_1":25,"Join_Count":15,"TARGET_FID":25,"OBJECTID_1_12":null,"AddressId":"0020258","BuildingNu":"112","StreetDire":"E","StreetName":"Clay","StreetType":"St","ExtensionW":" ","UnitType":" ","UnitValue":" ","ZipCode":"23219","Mailable_1":"No","StatePlane":11790628.6065393,"StatePla_1":3724259.9445762602,"Latitude":37.546477879999998,"Longitude":-77.438590199999993,"CreatedBy":" ","CreatedDat":" ","EditBy":"parkerca","EditDate":"2011-10-20T15:20:19Z","Shape_Length_1":405.29763620995226,"Shape_Area_1":7715.9398687345147,"ID":null,"Address":"112 E Clay St","Name":"Two Street Development Llc C/o Ronald A Stallings","Type__Business_or_Residences_":null,"Business_Type":null,"Identification":"Commercial","ID2level":"Unknown","Notes":null,"Shape_Length":405.29763620995226,"Shape_Area":7715.9398687345147}},{"type":"Feature","id":26,"geometry":{"type":"Polygon","coordinates":[[[-77.438231637228157,37.546743350663085],[-77.438371579019829,37.546827404192946],[-77.438686963507521,37.546494515466762],[-77.43854702197018,37.546410463203856],[-77.438231637228157,37.546743350663085]]]},"properties":{"OBJECTID":26,"AddressLab":"112 E Clay St","OwnerName":"Rolquin Jeremy Derham","ParcelID":98529,"PIN":"N0000062058","CountOfPIN":1,"AsrLocatio":"112","MailAddres":"112 E Clay St Unit 3a","LandUse":"Multi-Family","MailCity":"Richmond","MailState":"VA","MailZip":"23219","Assessment":"2026-01-01T00:00:00Z","LandValue":45000,"DwellingVa":158000,"TotalValue":203000,"LandSqFt":1,"ProvalAsmt":"603","TaxExemptC":" ","PropertyCl":"211","Property_1":"R Condo Residential 12-49 Unit","Mailable":1,"MaskedOwne":" ","OBJECTID_1":27738,"GlobalID":"f264c3b8-5608-4002-99ec-bca416e2361b","City":"Richmond","State":"VA","Shape__Are":7715.9375,"Shape__Len":405.2976362099522,"OBJECTID_1_1":26,"Join_Count":15,"TARGET_FID":26,"OBJECTID_1_12":null,"AddressId":"0020258","BuildingNu":"112","StreetDire":"E","StreetName":"Clay","StreetType":"St","ExtensionW":" ","UnitType":" ","UnitValue":" ","ZipCode":"23219","Mailable_1":"No","StatePlane":11790628.6065393,"StatePla_1":3724259.9445762602,"Latitude":37.546477879999998,"Longitude":-77.438590199999993,"CreatedBy":" ","CreatedDat":" ","EditBy":"parkerca","EditDate":"2011-10-20T15:20:19Z","Shape_Length_1":405.29763620995226,"Shape_Area_1":7715.9398687345147,"ID":null,"Address":"112 E Clay St","Name":"Two Street Development Llc C/o Ronald A Stallings","Type__Business_or_Residences_":null,"Business_Type":null,"Identification":"Commercial","ID2level":"Unknown","Notes":null,"Shape_Length":405.29763620995226,"Shape_Area":7715.9398687345147}},{"type":"Feature","id":27,"geometry":{"type":"Polygon","coordinates":[[[-77.438231637228157,37.546743350663085],[-77.438371579019829,37.546827404192946],[-77.438686963507521,37.546494515466762],[-77.43854702197018,37.546410463203856],[-77.438231637228157,37.546743350663085]]]},"properties":{"OBJECTID":27,"AddressLab":"112 E Clay St","OwnerName":"Hurlocker Paul A And Kristen L","ParcelID":98529,"PIN":"N0000062063","CountOfPIN":1,"AsrLocatio":"112","MailAddres":"3021 Fincastle Ct","LandUse":"Multi-Family","MailCity":"Midltohain","MailState":"VA","MailZip":"23113","Assessment":"2026-01-01T00:00:00Z","LandValue":45000,"DwellingVa":219000,"TotalValue":264000,"LandSqFt":1,"ProvalAsmt":"603","TaxExemptC":" ","PropertyCl":"211","Property_1":"R Condo Residential 12-49 Unit","Mailable":1,"MaskedOwne":" ","OBJECTID_1":27739,"GlobalID":"1c202bc4-ff65-43ff-8db6-b01ea523c548","City":"Richmond","State":"VA","Shape__Are":7715.9375,"Shape__Len":405.2976362099522,"OBJECTID_1_1":27,"Join_Count":15,"TARGET_FID":27,"OBJECTID_1_12":null,"AddressId":"0020258","BuildingNu":"112","StreetDire":"E","StreetName":"Clay","StreetType":"St","ExtensionW":" ","UnitType":" ","UnitValue":" ","ZipCode":"23219","Mailable_1":"No","StatePlane":11790628.6065393,"StatePla_1":3724259.9445762602,"Latitude":37.546477879999998,"Longitude":-77.438590199999993,"CreatedBy":" ","CreatedDat":" ","EditBy":"parkerca","EditDate":"2011-10-20T15:20:19Z","Shape_Length_1":405.29763620995226,"Shape_Area_1":7715.9398687345147,"ID":null,"Address":"112 E Clay St","Name":"Two Street Development Llc C/o Ronald A Stallings","Type__Business_or_Residences_":null,"Business_Type":null,"Identification":"Commercial","ID2level":"Unknown","Notes":null,"Shape_Length":405.29763620995226,"Shape_Area":7715.9398687345147}},{"type":"Feature","id":28,"geometry":{"type":"Polygon","coordinates":[[[-77.438105029211485,37.546876983613771],[-77.438479537577265,37.547101910826584],[-77.438515336288901,37.547123411715987],[-77.438562884181295,37.547073224373257],[-77.438527086611529,37.547051723508162],[-77.438458252151506,37.547010381960639],[-77.438464474592337,37.547003799263337],[-77.438158808638008,37.54682022013926],[-77.438105029211485,37.546876983613771]]]},"properties":{"OBJECTID":28,"AddressLab":"516 N 2nd St","OwnerName":"Moon Russell S Iii","ParcelID":98540,"PIN":"N0000062070","CountOfPIN":1,"AsrLocatio":"516","MailAddres":"8117 Castle Grove Dr","LandUse":"Multi-Family","MailCity":"Mechanicsville","MailState":"VA","MailZip":"23111","Assessment":"2026-01-01T00:00:00Z","LandValue":30000,"DwellingVa":70000,"TotalValue":100000,"LandSqFt":1,"ProvalAsmt":"603","TaxExemptC":" ","PropertyCl":"211","Property_1":"R Condo Residential 12-49 Unit","Mailable":1,"MaskedOwne":" ","OBJECTID_1":27740,"GlobalID":"b4fbd2d3-4eb4-41b3-aace-d3cd3c51f801","City":"Richmond","State":"VA","Shape__Are":3743.6171875,"Shape__Len":349.77617073659025,"OBJECTID_1_1":28,"Join_Count":14,"TARGET_FID":28,"OBJECTID_1_12":null,"AddressId":"0109563","BuildingNu":"516","StreetDire":"N","StreetName":"2nd","StreetType":"St","ExtensionW":" ","UnitType":" ","UnitValue":" ","ZipCode":"23219","Mailable_1":"No","StatePlane":11790755.284763601,"StatePla_1":3724397.9334735102,"Latitude":37.546852909999998,"Longitude":-77.438147920000006,"CreatedBy":" ","CreatedDat":" ","EditBy":"parkerca","EditDate":"2011-10-20T15:20:19Z","Shape_Length_1":349.77617075742842,"Shape_Area_1":3743.6157530736805,"ID":null,"Address":"516 N 2nd St","Name":null,"Type__Business_or_Residences_":"Mixed Use","Business_Type":"Thai Studio Restaurant, Treasures jewelers ","Identification":"Mixed Use","ID2level":"Restaurant / Shop / Residential","Notes":"There also an apartment with 13 units","Shape_Length":349.77617075742842,"Shape_Area":3743.6157530736805}},{"type":"Feature","id":29,"geometry":{"type":"Polygon","coordinates":[[[-77.435798782585223,37.548429126546772],[-77.43615873452498,37.548640188560711],[-77.436221301102805,37.548573290830198],[-77.435859157459163,37.54836484144618],[-77.435798782585223,37.548429126546772]]]},"properties":{"OBJECTID":29,"AddressLab":"709 N 2nd St","OwnerName":"Richmond Redevelopment And Housing Authority","ParcelID":49954,"PIN":"N0000041122","CountOfPIN":1,"AsrLocatio":"709","MailAddres":"600 E Broad St 4th Fl","LandUse":"Vacant","MailCity":"Richmond","MailState":"VA","MailZip":"23219","Assessment":"2026-01-01T00:00:00Z","LandValue":95000,"DwellingVa":0,"TotalValue":95000,"LandSqFt":3999,"ProvalAsmt":"218","TaxExemptC":"150","PropertyCl":"101","Property_1":"R Single Family Vacant (R1-R7)","Mailable":0,"MaskedOwne":" ","OBJECTID_1":28114,"GlobalID":"fb1ee15d-ca7d-45b7-aa7c-9661ed8f0904","City":"Richmond","State":"VA","Shape__Are":3860.88671875,"Shape__Len":318.74513827691771,"OBJECTID_1_1":29,"Join_Count":1,"TARGET_FID":29,"OBJECTID_1_12":null,"AddressId":"0109609","BuildingNu":"709","StreetDire":"N","StreetName":"2nd","StreetType":"St","ExtensionW":" ","UnitType":" ","UnitValue":" ","ZipCode":"23219","Mailable_1":"No","StatePlane":11791368.992197599,"StatePla_1":3725002.7295080102,"Latitude":37.548494830000003,"Longitude":-77.436007680000003,"CreatedBy":" ","CreatedDat":" ","EditBy":"parkerca","EditDate":"2011-10-20T15:16:58Z","Shape_Length_1":318.74513831176478,"Shape_Area_1":3860.8853251786668,"ID":null,"Address":"709 N 2nd St","Name":"Richmond Redevelopment And Housing Authority","Type__Business_or_Residences_":null,"Business_Type":null,"Identification":"Vacant","ID2level":"Vacant","Notes":null,"Shape_Length":318.74513831176478,"Shape_Area":3860.8853251786668}},{"type":"Feature","id":30,"geometry":{"type":"Polygon","coordinates":[[[-77.438231637228157,37.546743350663085],[-77.438371579019829,37.546827404192946],[-77.438686963507521,37.546494515466762],[-77.43854702197018,37.546410463203856],[-77.438231637228157,37.546743350663085]]]},"properties":{"OBJECTID":30,"AddressLab":"112 E Clay St","OwnerName":"Escanellas Jaime A And Jaime","ParcelID":98529,"PIN":"N0000062061","CountOfPIN":1,"AsrLocatio":"112","MailAddres":"112 E Clay St #3d","LandUse":"Multi-Family","MailCity":"Richmond","MailState":"VA","MailZip":"23219","Assessment":"2026-01-01T00:00:00Z","LandValue":45000,"DwellingVa":158000,"TotalValue":203000,"LandSqFt":1,"ProvalAsmt":"603","TaxExemptC":" ","PropertyCl":"211","Property_1":"R Condo Residential 12-49 Unit","Mailable":1,"MaskedOwne":" ","OBJECTID_1":28121,"GlobalID":"8edc86a5-14d4-43a8-9e94-915ba72a178a","City":"Richmond","State":"VA","Shape__Are":7715.9375,"Shape__Len":405.2976362099522,"OBJECTID_1_1":30,"Join_Count":15,"TARGET_FID":30,"OBJECTID_1_12":null,"AddressId":"0020258","BuildingNu":"112","StreetDire":"E","StreetName":"Clay","StreetType":"St","ExtensionW":" ","UnitType":" ","UnitValue":" ","ZipCode":"23219","Mailable_1":"No","StatePlane":11790628.6065393,"StatePla_1":3724259.9445762602,"Latitude":37.546477879999998,"Longitude":-77.438590199999993,"CreatedBy":" ","CreatedDat":" ","EditBy":"parkerca","EditDate":"2011-10-20T15:20:19Z","Shape_Length_1":405.29763620995226,"Shape_Area_1":7715.9398687345147,"ID":null,"Address":"112 E Clay St","Name":"Two Street Development Llc C/o Ronald A Stallings","Type__Business_or_Residences_":null,"Business_Type":null,"Identification":"Commercial","ID2level":"Unknown","Notes":null,"Shape_Length":405.29763620995226,"Shape_Area":7715.9398687345147}},{"type":"Feature","id":31,"geometry":{"type":"Polygon","coordinates":[[[-77.438105029211485,37.546876983613771],[-77.438479537577265,37.547101910826584],[-77.438515336288901,37.547123411715987],[-77.438562884181295,37.547073224373257],[-77.438527086611529,37.547051723508162],[-77.438458252151506,37.547010381960639],[-77.438464474592337,37.547003799263337],[-77.438158808638008,37.54682022013926],[-77.438105029211485,37.546876983613771]]]},"properties":{"OBJECTID":31,"AddressLab":"516 N 2nd St","OwnerName":"Stallings Ronald A","ParcelID":98540,"PIN":"N0000062067","CountOfPIN":1,"AsrLocatio":"516","MailAddres":"402 1/2 N 2nd St","LandUse":"Multi-Family","MailCity":"Richmond","MailState":"VA","MailZip":"23219","Assessment":"2026-01-01T00:00:00Z","LandValue":30000,"DwellingVa":70000,"TotalValue":100000,"LandSqFt":1,"ProvalAsmt":"603","TaxExemptC":" ","PropertyCl":"211","Property_1":"R Condo Residential 12-49 Unit","Mailable":1,"MaskedOwne":" ","OBJECTID_1":28122,"GlobalID":"e1610f04-4a34-4e97-a794-77938f338648","City":"Richmond","State":"VA","Shape__Are":3743.6171875,"Shape__Len":349.77617073659025,"OBJECTID_1_1":31,"Join_Count":14,"TARGET_FID":31,"OBJECTID_1_12":null,"AddressId":"0109563","BuildingNu":"516","StreetDire":"N","StreetName":"2nd","StreetType":"St","ExtensionW":" ","UnitType":" ","UnitValue":" ","ZipCode":"23219","Mailable_1":"No","StatePlane":11790755.284763601,"StatePla_1":3724397.9334735102,"Latitude":37.546852909999998,"Longitude":-77.438147920000006,"CreatedBy":" ","CreatedDat":" ","EditBy":"parkerca","EditDate":"2011-10-20T15:20:19Z","Shape_Length_1":349.77617075742842,"Shape_Area_1":3743.6157530736805,"ID":null,"Address":"516 N 2nd St","Name":null,"Type__Business_or_Residences_":"Mixed Use","Business_Type":"Thai Studio Restaurant, Treasures jewelers ","Identification":"Mixed Use","ID2level":"Restaurant / Shop / Residential","Notes":"There also an apartment with 13 units","Shape_Length":349.77617075742842,"Shape_Area":3743.6157530736805}},{"type":"Feature","id":32,"geometry":{"type":"Polygon","coordinates":[[[-77.438105029211485,37.546876983613771],[-77.438479537577265,37.547101910826584],[-77.438515336288901,37.547123411715987],[-77.438562884181295,37.547073224373257],[-77.438527086611529,37.547051723508162],[-77.438458252151506,37.547010381960639],[-77.438464474592337,37.547003799263337],[-77.438158808638008,37.54682022013926],[-77.438105029211485,37.546876983613771]]]},"properties":{"OBJECTID":32,"AddressLab":"516 N 2nd St","OwnerName":"Nelms Wesley A And Michelle J Trustees Trust","ParcelID":98540,"PIN":"N0000062068","CountOfPIN":1,"AsrLocatio":"516","MailAddres":"9337 Guenevere Pl","LandUse":"Multi-Family","MailCity":"Mechanicsville","MailState":"VA","MailZip":"23116","Assessment":"2026-01-01T00:00:00Z","LandValue":30000,"DwellingVa":200000,"TotalValue":230000,"LandSqFt":1,"ProvalAsmt":"603","TaxExemptC":" ","PropertyCl":"211","Property_1":"R Condo Residential 12-49 Unit","Mailable":1,"MaskedOwne":" ","OBJECTID_1":28123,"GlobalID":"ee8297ba-cb5a-4512-8867-52b8dc3de627","City":"Richmond","State":"VA","Shape__Are":3743.6171875,"Shape__Len":349.77617073659025,"OBJECTID_1_1":32,"Join_Count":14,"TARGET_FID":32,"OBJECTID_1_12":null,"AddressId":"0109563","BuildingNu":"516","StreetDire":"N","StreetName":"2nd","StreetType":"St","ExtensionW":" ","UnitType":" ","UnitValue":" ","ZipCode":"23219","Mailable_1":"No","StatePlane":11790755.284763601,"StatePla_1":3724397.9334735102,"Latitude":37.546852909999998,"Longitude":-77.438147920000006,"CreatedBy":" ","CreatedDat":" ","EditBy":"parkerca","EditDate":"2011-10-20T15:20:19Z","Shape_Length_1":349.77617075742842,"Shape_Area_1":3743.6157530736805,"ID":null,"Address":"516 N 2nd St","Name":null,"Type__Business_or_Residences_":"Mixed Use","Business_Type":"Thai Studio Restaurant, Treasures jewelers ","Identification":"Mixed Use","ID2level":"Restaurant / Shop / Residential","Notes":"There also an apartment with 13 units","Shape_Length":349.77617075742842,"Shape_Area":3743.6157530736805}},{"type":"Feature","id":33,"geometry":{"type":"Polygon","coordinates":[[[-77.433507612337166,37.550855385897066],[-77.433857841800204,37.551068281219266],[-77.433909203177336,37.551015106834981],[-77.433558252308018,37.550803208097378],[-77.433507612337166,37.550855385897066]]]},"properties":{"OBJECTID":33,"AddressLab":"1011 N 2nd St","OwnerName":"Mitchell William B And Dowling Donoven D","ParcelID":17389,"PIN":"N0000086013","CountOfPIN":1,"AsrLocatio":"1011","MailAddres":"629 Dabbs House Rd","LandUse":"Vacant","MailCity":"Richmond","MailState":"VA","MailZip":"23223","Assessment":"2026-01-01T00:00:00Z","LandValue":28000,"DwellingVa":0,"TotalValue":28000,"LandSqFt":3062.4000000000001,"ProvalAsmt":"430","TaxExemptC":" ","PropertyCl":"401","Property_1":"B Commercial Vacant Land","Mailable":0,"MaskedOwne":" ","OBJECTID_1":28177,"GlobalID":"6991d377-7191-4865-b8af-b49d8bcb261b","City":"Richmond","State":"VA","Shape__Are":3092.8046875,"Shape__Len":303.86170384326817,"OBJECTID_1_1":33,"Join_Count":1,"TARGET_FID":33,"OBJECTID_1_12":null,"AddressId":"0109686","BuildingNu":"1011","StreetDire":"N","StreetName":"2nd","StreetType":"St","ExtensionW":" ","UnitType":" ","UnitValue":" ","ZipCode":"23219","Mailable_1":"No","StatePlane":11792026.198888401,"StatePla_1":3725896.2093483498,"Latitude":37.550928149999997,"Longitude":-77.433706060000006,"CreatedBy":" ","CreatedDat":" ","EditBy":"parkerca","EditDate":"2011-10-20T15:16:58Z","Shape_Length_1":303.86170386718732,"Shape_Area_1":3092.8042142388267,"ID":null,"Address":"1011 N 2nd St","Name":"Mitchell William B And Dowling Donoven D","Type__Business_or_Residences_":null,"Business_Type":null,"Identification":"Vacant","ID2level":"Vacant","Notes":null,"Shape_Length":303.86170386718732,"Shape_Area":3092.8042142388267}},{"type":"Feature","id":34,"geometry":{"type":"Polygon","coordinates":[[[-77.43639530606022,37.547782680629027],[-77.436760021531796,37.547999640749396],[-77.436819995420038,37.547937057351753],[-77.436454724935629,37.547718699330922],[-77.436405279318251,37.547771941567362],[-77.43639530606022,37.547782680629027]]]},"properties":{"OBJECTID":34,"AddressLab":"611 N 2nd St","OwnerName":"Mocha Temple No 7 A E A O N M Shrine Tr","ParcelID":59302,"PIN":"N0000040032","CountOfPIN":1,"AsrLocatio":"611","MailAddres":"Po Box 27022","LandUse":"Vacant","MailCity":"Richmond","MailState":"VA","MailZip":"23261","Assessment":"2026-01-01T00:00:00Z","LandValue":204000,"DwellingVa":0,"TotalValue":204000,"LandSqFt":3900,"ProvalAsmt":"411","TaxExemptC":"600","PropertyCl":"401","Property_1":"B Commercial Vacant Land","Mailable":0,"MaskedOwne":" ","OBJECTID_1":28268,"GlobalID":"ccd1dd7f-5730-4ebd-8b9a-2701ab78f7c7","City":"Richmond","State":"VA","Shape__Are":3809.78125,"Shape__Len":322.04430712674571,"OBJECTID_1_1":34,"Join_Count":1,"TARGET_FID":34,"OBJECTID_1_12":null,"AddressId":"2017624","BuildingNu":"611","StreetDire":"N","StreetName":"2nd","StreetType":"St","ExtensionW":" ","UnitType":" ","UnitValue":" ","ZipCode":"23219","Mailable_1":"No","StatePlane":11791177.549339,"StatePla_1":3724780.6387448502,"Latitude":37.547890850000002,"Longitude":-77.436676629999994,"CreatedBy":" ","CreatedDat":" ","EditBy":"parkerca","EditDate":"2011-11-01T08:51:42Z","Shape_Length_1":322.04430712987778,"Shape_Area_1":3809.7844673988025,"ID":null,"Address":"611 N 2nd St","Name":"Mocha Temple No 7 A E A O N M Shrine Tr","Type__Business_or_Residences_":null,"Business_Type":null,"Identification":"Vacant","ID2level":"Vacant","Notes":null,"Shape_Length":322.04430712987778,"Shape_Area":3809.7844673988025}},{"type":"Feature","id":35,"geometry":{"type":"Polygon","coordinates":[[[-77.439859466242936,37.5453433080135],[-77.439968953559926,37.545406772042568],[-77.439958451590869,37.545417664367783],[-77.440121069477186,37.545516365060656],[-77.440290710218349,37.545338923721275],[-77.440273600666487,37.545329157843867],[-77.440280082249245,37.545322073652301],[-77.440215557937265,37.545286754039061],[-77.440224851516845,37.545276881749238],[-77.440160293545745,37.545238736852291],[-77.440091483032589,37.545198079478077],[-77.440023017163085,37.545157625188644],[-77.439842995210014,37.545051256237237],[-77.439786953203097,37.545110628754117],[-77.43997844646853,37.545222836763195],[-77.43991960048767,37.545282420358916],[-77.439859466242936,37.5453433080135]]]},"properties":{"OBJECTID":35,"AddressLab":"310 N 2nd St","OwnerName":"Jemals Standard Drug Store Llc","ParcelID":28917,"PIN":"N0000060017","CountOfPIN":1,"AsrLocatio":"310","MailAddres":"655 New York Ave Nw, Suite 830","LandUse":"Commercial","MailCity":"Washington","MailState":"DC","MailZip":"20001","Assessment":"2026-01-01T00:00:00Z","LandValue":807000,"DwellingVa":145000,"TotalValue":952000,"LandSqFt":10097.940000000001,"ProvalAsmt":"446","TaxExemptC":" ","PropertyCl":"409","Property_1":"B Commercial Shell","Mailable":1,"MaskedOwne":" ","OBJECTID_1":28269,"GlobalID":"0f81605a-e715-4e7c-b449-fe76d80508e2","City":"Richmond","State":"VA","Shape__Are":10097.95703125,"Shape__Len":510.86891571399383,"OBJECTID_1_1":35,"Join_Count":1,"TARGET_FID":35,"OBJECTID_1_12":null,"AddressId":"0109523","BuildingNu":"310","StreetDire":"N","StreetName":"2nd","StreetType":"St","ExtensionW":" ","UnitType":" ","UnitValue":" ","ZipCode":"23219","Mailable_1":"Yes","StatePlane":11790273.072473399,"StatePla_1":3723754.5896158498,"Latitude":37.545101039999999,"Longitude":-77.439836040000003,"CreatedBy":" ","CreatedDat":" ","EditBy":"mortonrf","EditDate":"2017-10-25T14:36:08Z","Shape_Length_1":510.86891571711845,"Shape_Area_1":10097.946847063315,"ID":null,"Address":"310 N 2nd St","Name":"Jemals Standard Drug Store Llc","Type__Business_or_Residences_":null,"Business_Type":null,"Identification":"Vacant","ID2level":"Vacant","Notes":null,"Shape_Length":510.86891571711845,"Shape_Area":10097.946847063315}},{"type":"Feature","id":36,"geometry":{"type":"Polygon","coordinates":[[[-77.439878562039098,37.545013570334667],[-77.440057344587387,37.545121394244156],[-77.440094258066011,37.545082424534229],[-77.440028708708894,37.545042611771741],[-77.439915854282802,37.544974067009534],[-77.439878562039098,37.545013570334667]]]},"properties":{"OBJECTID":36,"AddressLab":"306 N 2nd St","OwnerName":"Jemal's Standard Drug Store Llc","ParcelID":19608,"PIN":"N0000060018","CountOfPIN":1,"AsrLocatio":"308","MailAddres":"655 New York Ave, Suite 830","LandUse":"Commercial","MailCity":"Washington","MailState":"DC","MailZip":"20001","Assessment":"2026-01-01T00:00:00Z","LandValue":135000,"DwellingVa":194000,"TotalValue":329000,"LandSqFt":2384.2800000000002,"ProvalAsmt":"411","TaxExemptC":" ","PropertyCl":"409","Property_1":"B Commercial Shell","Mailable":1,"MaskedOwne":" ","OBJECTID_1":28270,"GlobalID":"12b0c96b-a76c-496a-9ff5-7bb6a34e8a16","City":"Richmond","State":"VA","Shape__Are":2258.08203125,"Shape__Len":199.50244868495099,"OBJECTID_1_1":36,"Join_Count":1,"TARGET_FID":36,"OBJECTID_1_12":null,"AddressId":"0109518","BuildingNu":"306","StreetDire":"N","StreetName":"2nd","StreetType":"St","ExtensionW":" ","UnitType":" ","UnitValue":" ","ZipCode":"23219","Mailable_1":"Yes","StatePlane":11790250.1309183,"StatePla_1":3723716.6431694301,"Latitude":37.544997530000003,"Longitude":-77.439916629999999,"CreatedBy":" ","CreatedDat":" ","EditBy":"parkerca","EditDate":"2011-10-20T15:20:19Z","Shape_Length_1":165.84307737754369,"Shape_Area_1":1163.0898796078507,"ID":null,"Address":"306 N 2nd St","Name":"Jemal's Standard Drug Store Llc","Type__Business_or_Residences_":null,"Business_Type":null,"Identification":"Vacant","ID2level":"Vacant","Notes":null,"Shape_Length":165.84307737754369,"Shape_Area":1163.0898796078507}},{"type":"Feature","id":37,"geometry":{"type":"Polygon","coordinates":[[[-77.439788761746087,37.544677366651555],[-77.439836797992399,37.54470447511509],[-77.439907425220397,37.544625747576326],[-77.439859120974944,37.544597101267769],[-77.439788761746087,37.544677366651555]]]},"properties":{"OBJECTID":37,"AddressLab":"202 E Broad St","OwnerName":"Jemals Harpers Ii Llc C/o Douglas Dev Corp","ParcelID":29237,"PIN":"N0000037029","CountOfPIN":1,"AsrLocatio":"200","MailAddres":"655 New York Ave Nw, Suite 830","LandUse":"Mixed-Use","MailCity":"Washington","MailState":"DC","MailZip":"20001","Assessment":"2026-01-01T00:00:00Z","LandValue":751000,"DwellingVa":915000,"TotalValue":1666000,"LandSqFt":6510.0699999999997,"ProvalAsmt":"446","TaxExemptC":" ","PropertyCl":"450","Property_1":"B Mixed Use","Mailable":1,"MaskedOwne":" ","OBJECTID_1":28712,"GlobalID":"8e6f328a-1068-42a5-8184-2bca5ec1aef4","City":"Richmond","State":"VA","Shape__Are":6158.50390625,"Shape__Len":393.14609068574777,"OBJECTID_1_1":37,"Join_Count":1,"TARGET_FID":37,"OBJECTID_1_12":null,"AddressId":"0010437","BuildingNu":"202","StreetDire":"E","StreetName":"Broad","StreetType":"St","ExtensionW":" ","UnitType":" ","UnitValue":" ","ZipCode":"23219","Mailable_1":"Yes","StatePlane":11790268.0409874,"StatePla_1":3723582.3061677702,"Latitude":37.544628060000001,"Longitude":-77.439860060000001,"CreatedBy":" ","CreatedDat":" ","EditBy":"parkerca","EditDate":"2011-11-01T08:18:54Z","Shape_Length_1":105.40053276050529,"Shape_Area_1":611.69811685930279,"ID":null,"Address":"202 E Broad St","Name":"Jemals Harpers Ii Llc C/o Douglas Dev Corp","Type__Business_or_Residences_":null,"Business_Type":null,"Identification":"Mixed Use","ID2level":"Shop","Notes":null,"Shape_Length":105.40053276050529,"Shape_Area":611.69811685930279}},{"type":"Feature","id":38,"geometry":{"type":"Polygon","coordinates":[[[-77.433746575398331,37.551495939598439],[-77.434091105134669,37.551701587625018],[-77.434124614215563,37.551664976184441],[-77.434016693169639,37.551602578858827],[-77.434027715242621,37.551594000354818],[-77.433787923911638,37.551452192648021],[-77.433746575398331,37.551495939598439]]]},"properties":{"OBJECTID":38,"AddressLab":"1018 N 2nd St","OwnerName":"Richmond Redevelopment And Housing Authority","ParcelID":45539,"PIN":"N0000085004","CountOfPIN":1,"AsrLocatio":"1018","MailAddres":"600 E Broad St 4th Fl","LandUse":"Vacant","MailCity":"Richmond","MailState":"VA","MailZip":"23219","Assessment":"2026-01-01T00:00:00Z","LandValue":20000,"DwellingVa":0,"TotalValue":20000,"LandSqFt":2359,"ProvalAsmt":"320","TaxExemptC":"150","PropertyCl":"101","Property_1":"R Single Family Vacant (R1-R7)","Mailable":0,"MaskedOwne":" ","OBJECTID_1":28799,"GlobalID":"7016f7a9-cbf2-41eb-b343-a3d7e694bb54","City":"Richmond","State":"VA","Shape__Are":2359.00390625,"Shape__Len":290.98601315681424,"OBJECTID_1_1":39,"Join_Count":1,"TARGET_FID":39,"OBJECTID_1_12":null,"AddressId":"1109691","BuildingNu":"1018","StreetDire":"N","StreetName":"2nd","StreetType":"St","ExtensionW":" ","UnitType":" ","UnitValue":" ","ZipCode":"23219","Mailable_1":"No","StatePlane":11791957.689510999,"StatePla_1":3726127.95330744,"Latitude":37.551566690000001,"Longitude":-77.433933339999996,"CreatedBy":" ","CreatedDat":" ","EditBy":"parkerca","EditDate":"2011-10-20T15:17:01Z","Shape_Length_1":290.9860131566677,"Shape_Area_1":2359.0082633447419,"ID":null,"Address":"1018 N 2nd St","Name":"Richmond Redevelopment And Housing Authority","Type__Business_or_Residences_":null,"Business_Type":null,"Identification":"Vacant","ID2level":"Vacant","Notes":null,"Shape_Length":290.9860131566677,"Shape_Area":2359.0082633447419}},{"type":"Feature","id":39,"geometry":{"type":"Polygon","coordinates":[[[-77.433958187998243,37.551271193093399],[-77.434297124346145,37.551476491080287],[-77.43432273886836,37.551448503344176],[-77.433984423220167,37.551243016371529],[-77.433958187998243,37.551271193093399]]]},"properties":{"OBJECTID":39,"AddressLab":"1010 N 2nd St","OwnerName":"Richmond Redevelopment And Housing Authority","ParcelID":8389,"PIN":"N0000085010","CountOfPIN":1,"AsrLocatio":"1010","MailAddres":"600 E Broad St 4th Fl","LandUse":"Vacant","MailCity":"Richmond","MailState":"VA","MailZip":"23219","Assessment":"2026-01-01T00:00:00Z","LandValue":12000,"DwellingVa":0,"TotalValue":12000,"LandSqFt":1599,"ProvalAsmt":"320","TaxExemptC":"150","PropertyCl":"101","Property_1":"R Single Family Vacant (R1-R7)","Mailable":0,"MaskedOwne":" ","OBJECTID_1":28800,"GlobalID":"813b658f-807a-45e5-8fbb-a5a0aa2700e8","City":"Richmond","State":"VA","Shape__Are":1565.82421875,"Shape__Len":272.19719927536988,"OBJECTID_1_1":40,"Join_Count":1,"TARGET_FID":40,"OBJECTID_1_12":null,"AddressId":"0109685","BuildingNu":"1010","StreetDire":"N","StreetName":"2nd","StreetType":"St","ExtensionW":" ","UnitType":" ","UnitValue":" ","ZipCode":"23219","Mailable_1":"No","StatePlane":11791918.306715799,"StatePla_1":3726034.9502126002,"Latitude":37.551312510000002,"Longitude":-77.434072810000004,"CreatedBy":" ","CreatedDat":" ","EditBy":"parkerca","EditDate":"2011-10-20T15:22:22Z","Shape_Length_1":272.19719929606845,"Shape_Area_1":1565.8253391515227,"ID":null,"Address":"1010 N 2nd St","Name":"Richmond Redevelopment And Housing Authority","Type__Business_or_Residences_":null,"Business_Type":null,"Identification":"Vacant","ID2level":"Vacant","Notes":null,"Shape_Length":272.19719929606845,"Shape_Area":1565.8253391515227}},{"type":"Feature","id":40,"geometry":{"type":"Polygon","coordinates":[[[-77.433641231619063,37.551607389186181],[-77.43353947371304,37.551715045762009],[-77.433970847820532,37.551832981746379],[-77.433990714459824,37.551811275337215],[-77.433641231619063,37.551607389186181]]]},"properties":{"OBJECTID":40,"AddressLab":"1026 N 2nd St","OwnerName":"Richmond Redevelopment And Housing Authority","ParcelID":47520,"PIN":"N0000085001","CountOfPIN":1,"AsrLocatio":"1026","MailAddres":"600 E Broad St 4th Fl","LandUse":"Vacant","MailCity":"Richmond","MailState":"VA","MailZip":"23219","Assessment":"2026-01-01T00:00:00Z","LandValue":25000,"DwellingVa":0,"TotalValue":25000,"LandSqFt":3699,"ProvalAsmt":"320","TaxExemptC":"150","PropertyCl":"101","Property_1":"R Single Family Vacant (R1-R7)","Mailable":0,"MaskedOwne":" ","OBJECTID_1":28864,"GlobalID":"3baba5ef-2a09-4fa3-8b25-4e490a31d5c5","City":"Richmond","State":"VA","Shape__Are":3698.5234375,"Shape__Len":316.6600489900141,"OBJECTID_1_1":41,"Join_Count":1,"TARGET_FID":41,"OBJECTID_1_12":null,"AddressId":"2017954","BuildingNu":"1026","StreetDire":"N","StreetName":"2nd","StreetType":"St","ExtensionW":" ","UnitType":" ","UnitValue":" ","ZipCode":"23219","Mailable_1":"No","StatePlane":11792006.3623139,"StatePla_1":3726184.6936795302,"Latitude":37.551721010000001,"Longitude":-77.433763240000005,"CreatedBy":" ","CreatedDat":" ","EditBy":"parkerca","EditDate":"2011-10-20T15:16:57Z","Shape_Length_1":316.66004899222884,"Shape_Area_1":3698.5265993377275,"ID":null,"Address":"1026 N 2nd St","Name":"Richmond Redevelopment And Housing Authority","Type__Business_or_Residences_":null,"Business_Type":null,"Identification":"Vacant","ID2level":"Vacant","Notes":null,"Shape_Length":316.66004899222884,"Shape_Area":3698.5265993377275}},{"type":"Feature","id":41,"geometry":{"type":"Polygon","coordinates":[[[-77.436424161218454,37.547991813774097],[-77.436642413390217,37.548122364827556],[-77.436696893207596,37.548065514581275],[-77.436336726044829,37.547845758409998],[-77.436280751303855,37.547906030980307],[-77.436390498219268,37.547971677659881],[-77.436424161218454,37.547991813774097]]]},"properties":{"OBJECTID":41,"AddressLab":"615 N 2nd St","OwnerName":"Alx Family Properties Llc","ParcelID":35621,"PIN":"N0000040034","CountOfPIN":1,"AsrLocatio":"615","MailAddres":"9211 Quioccasin Rd","LandUse":"Vacant","MailCity":"Richmond","MailState":"VA","MailZip":"23229","Assessment":"2026-01-01T00:00:00Z","LandValue":189000,"DwellingVa":0,"TotalValue":189000,"LandSqFt":3398,"ProvalAsmt":"411","TaxExemptC":" ","PropertyCl":"401","Property_1":"B Commercial Vacant Land","Mailable":0,"MaskedOwne":" ","OBJECTID_1":28953,"GlobalID":"d44e6882-9c63-4fe8-88bb-c89974522a4d","City":"Richmond","State":"VA","Shape__Are":3502.23828125,"Shape__Len":316.02250600527964,"OBJECTID_1_1":42,"Join_Count":4,"TARGET_FID":42,"OBJECTID_1_12":null,"AddressId":"0109595","BuildingNu":"615","StreetDire":"N","StreetName":"2nd","StreetType":"St","ExtensionW":" ","UnitType":" ","UnitValue":" ","ZipCode":"23219","Mailable_1":"No","StatePlane":11791189.61427547,"StatePla_1":3724844.8672909001,"Latitude":37.54806687,"Longitude":-77.436632520000003,"CreatedBy":" ","CreatedDat":" ","EditBy":"MORTONRF","EditDate":"2025-12-15T18:40:48Z","Shape_Length_1":316.02250601140605,"Shape_Area_1":3502.2343165708194,"ID":null,"Address":"615 N 2nd St","Name":"Alx Family Properties Llc","Type__Business_or_Residences_":null,"Business_Type":null,"Identification":"Vacant","ID2level":"Vacant","Notes":null,"Shape_Length":316.02250601140605,"Shape_Area":3502.2343165708194}},{"type":"Feature","id":42,"geometry":{"type":"Polygon","coordinates":[[[-77.434589789764502,37.548554416925548],[-77.434582942726337,37.548561196556506],[-77.43455624598198,37.548598460477777],[-77.434537845060248,37.548624144103108],[-77.434520697731685,37.548664464760954],[-77.434518361526884,37.548677416016012],[-77.434512300992083,37.548711023980971],[-77.434518045614652,37.548773548934868],[-77.43453461489095,37.54885200801197],[-77.434576338473661,37.548949171101434],[-77.434636820988075,37.549048263484998],[-77.434680296584133,37.549099687976899],[-77.434728442875397,37.549133556818404],[-77.435398214951192,37.549441376543612],[-77.435553071362079,37.549275586595478],[-77.434728860936247,37.54879216048159],[-77.434713541368552,37.548781463736631],[-77.434700493066117,37.548766388222354],[-77.434690698047802,37.548755742013661],[-77.434685409294019,37.548738976367709],[-77.434681264668072,37.548719581677048],[-77.434682655938232,37.548699356351825],[-77.434687362841288,37.548679160818089],[-77.43469323654331,37.54865457659303],[-77.434704561096012,37.548635320894299],[-77.434734845022604,37.54860391659048],[-77.434961517196314,37.548361341908645],[-77.434880385111626,37.548315738250245],[-77.434821347094541,37.548348644116388],[-77.434759887015261,37.548396486468761],[-77.434686060236572,37.548459175048116],[-77.434632260861463,37.548512365718175],[-77.434589789764502,37.548554416925548]]]},"properties":{"OBJECTID":42,"AddressLab":"745 N 2nd St","OwnerName":"Richmond Redevelopment And Housing Authority","ParcelID":18004,"PIN":"N0000041062","CountOfPIN":1,"AsrLocatio":"745","MailAddres":"600 E Broad St 4th Fl","LandUse":"Vacant","MailCity":"Richmond","MailState":"VA","MailZip":"23219","Assessment":"2026-01-01T00:00:00Z","LandValue":195000,"DwellingVa":0,"TotalValue":195000,"LandSqFt":29969.279999999999,"ProvalAsmt":"218","TaxExemptC":"150","PropertyCl":"101","Property_1":"R Single Family Vacant (R1-R7)","Mailable":0,"MaskedOwne":" ","OBJECTID_1":28954,"GlobalID":"01a2a4a2-ab1a-4bbb-9b68-1258a323b050","City":"Richmond","State":"VA","Shape__Are":36526.25,"Shape__Len":1166.3428489926055,"OBJECTID_1_1":43,"Join_Count":1,"TARGET_FID":43,"OBJECTID_1_12":null,"AddressId":"3149613","BuildingNu":"745","StreetDire":"N","StreetName":"2nd","StreetType":"St","ExtensionW":" ","UnitType":" ","UnitValue":" ","ZipCode":"23219","Mailable_1":"No","StatePlane":11791539.7362787,"StatePla_1":3725306.2485860102,"Latitude":37.54932307,"Longitude":-77.435406950000001,"CreatedBy":" ","CreatedDat":" ","EditBy":"mortonrf","EditDate":"2017-02-22T14:06:24Z","Shape_Length_1":1166.3428490184849,"Shape_Area_1":36526.243533522909,"ID":null,"Address":"745 N 2nd St","Name":"Richmond Redevelopment And Housing Authority","Type__Business_or_Residences_":null,"Business_Type":null,"Identification":"Vacant","ID2level":"Vacant","Notes":null,"Shape_Length":1166.3428490184849,"Shape_Area":36526.243533522909}},{"type":"Feature","id":43,"geometry":{"type":"Polygon","coordinates":[[[-77.440250428892796,37.54482949472365],[-77.440241932786336,37.544824387931477],[-77.440179744850454,37.544786974290766],[-77.440062417284764,37.54491166415788],[-77.440135122230117,37.544953006964015],[-77.440250428892796,37.54482949472365]]]},"properties":{"OBJECTID":43,"AddressLab":"122 E Broad St","OwnerName":"Jemals Standard Drug Store Llc","ParcelID":64215,"PIN":"N0000060022","CountOfPIN":2,"AsrLocatio":"124","MailAddres":"655 New York Ave Nw Ste 830","LandUse":"Mixed-Use","MailCity":"Washington","MailState":"DC","MailZip":"20001","Assessment":"2026-01-01T00:00:00Z","LandValue":760000,"DwellingVa":616000,"TotalValue":1376000,"LandSqFt":6617.0600000000004,"ProvalAsmt":"446","TaxExemptC":" ","PropertyCl":"450","Property_1":"B Mixed Use","Mailable":1,"MaskedOwne":" ","OBJECTID_1":28957,"GlobalID":"f74968fd-2043-4aae-afd1-f88a9925177f","City":"Richmond","State":"VA","Shape__Are":6638.03125,"Shape__Len":333.19629122585184,"OBJECTID_1_1":44,"Join_Count":1,"TARGET_FID":44,"OBJECTID_1_12":null,"AddressId":"0010433","BuildingNu":"122","StreetDire":"E","StreetName":"Broad","StreetType":"St","ExtensionW":" ","UnitType":" ","UnitValue":" ","ZipCode":"23219","Mailable_1":"Yes","StatePlane":11790172.9840909,"StatePla_1":3723648.8828062699,"Latitude":37.544813830000002,"Longitude":-77.440185339999999,"CreatedBy":" ","CreatedDat":" ","EditBy":"parkerca","EditDate":"2011-10-20T15:21:55Z","Shape_Length_1":164.35291828994247,"Shape_Area_1":1454.1059515091883,"ID":null,"Address":"122 E Broad St","Name":"Jemals Standard Drug Store Llc","Type__Business_or_Residences_":null,"Business_Type":null,"Identification":"Mixed Use","ID2level":"Shop","Notes":null,"Shape_Length":164.35291828994247,"Shape_Area":1454.1059515091883}},{"type":"Feature","id":44,"geometry":{"type":"Polygon","coordinates":[[[-77.439215165495469,37.545171920766052],[-77.439173750058643,37.54521470573561],[-77.439320722100234,37.545301833475698],[-77.439365550260447,37.545254750997906],[-77.439215165495469,37.545171920766052]]]},"properties":{"OBJECTID":44,"AddressLab":"209 E Marshall St Unit B","OwnerName":"Two Street Condominium Unit Owners Association","ParcelID":47580,"PIN":"N0000037001","CountOfPIN":1,"AsrLocatio":"315","MailAddres":"327 N 2nd St","LandUse":"Multi-Family","MailCity":"Richmond","MailState":"VA","MailZip":"23219","Assessment":"2026-01-01T00:00:00Z","LandValue":1000,"DwellingVa":1000,"TotalValue":2000,"LandSqFt":5452.5799999999999,"ProvalAsmt":"603","TaxExemptC":"699","PropertyCl":"205","Property_1":"R Condo Common Area Main","Mailable":1,"MaskedOwne":" ","OBJECTID_1":29120,"GlobalID":"9b776ca3-7f0b-4dc4-a146-03762aa9e325","City":"Richmond","State":"VA","Shape__Are":5452.56640625,"Shape__Len":312.34854840200006,"OBJECTID_1_1":45,"Join_Count":3,"TARGET_FID":45,"OBJECTID_1_12":null,"AddressId":"0066262","BuildingNu":"209","StreetDire":"E","StreetName":"Marshall","StreetType":"St","ExtensionW":"Unit B","UnitType":" ","UnitValue":" ","ZipCode":"23219","Mailable_1":"Yes","StatePlane":11790453.412663899,"StatePla_1":3723794.51735751,"Latitude":37.545205119999999,"Longitude":-77.439212490000003,"CreatedBy":" ","CreatedDat":" ","EditBy":"parkerca","EditDate":"2011-10-20T15:19:23Z","Shape_Length_1":147.31927000295371,"Shape_Area_1":1092.0715843653586,"ID":null,"Address":"209 E Marshall St Unit B","Name":"Two Street Condominium Unit Owners Association","Type__Business_or_Residences_":null,"Business_Type":null,"Identification":"Residential","ID2level":"Residential","Notes":null,"Shape_Length":147.31927000295371,"Shape_Area":1092.0715843653586}},{"type":"Feature","id":45,"geometry":{"type":"Polygon","coordinates":[[[-77.436628714948824,37.548437522728506],[-77.436856277333092,37.548569123742659],[-77.436913474638629,37.548508994333204],[-77.436687492728126,37.548375200804649],[-77.436628714948824,37.548437522728506]]]},"properties":{"OBJECTID":45,"AddressLab":"700 N 2nd St","OwnerName":"700 N 2nd Street Llc","ParcelID":60104,"PIN":"N0000065023","CountOfPIN":2,"AsrLocatio":"700","MailAddres":"208 Westham Parkway","LandUse":"Multi-Family","MailCity":"Richmond","MailState":"VA","MailZip":"23229","Assessment":"2026-01-01T00:00:00Z","LandValue":205000,"DwellingVa":1385000,"TotalValue":1590000,"LandSqFt":4212,"ProvalAsmt":"507","TaxExemptC":" ","PropertyCl":"335","Property_1":"R Apt/Comm Mixed Use 5-49 Unit","Mailable":1,"MaskedOwne":" ","OBJECTID_1":29246,"GlobalID":"1517b9a3-35ec-40f0-a60d-34fbbac40909","City":"Richmond","State":"VA","Shape__Are":4380.75390625,"Shape__Len":270.52486543891467,"OBJECTID_1_1":46,"Join_Count":10,"TARGET_FID":46,"OBJECTID_1_12":null,"AddressId":"0109601","BuildingNu":"700","StreetDire":"N","StreetName":"2nd","StreetType":"St","ExtensionW":" ","UnitType":" ","UnitValue":" ","ZipCode":"23219","Mailable_1":"Yes","StatePlane":11791172.813784201,"StatePla_1":3724972.8401321,"Latitude":37.548418820000002,"Longitude":-77.436685490000002,"CreatedBy":" ","CreatedDat":" ","EditBy":"parkerca","EditDate":"2011-10-20T15:20:23Z","Shape_Length_1":219.02184043962274,"Shape_Area_1":2277.8743203477861,"ID":null,"Address":"700 N 2nd St","Name":"700 N 2nd Street Llc","Type__Business_or_Residences_":null,"Business_Type":null,"Identification":"Residential","ID2level":"Residential","Notes":null,"Shape_Length":219.02184043962274,"Shape_Area":2277.8743203477861}},{"type":"Feature","id":46,"geometry":{"type":"Polygon","coordinates":[[[-77.434590098100088,37.550589133187856],[-77.43471823117406,37.550657651669553],[-77.434728354122853,37.550645498466238],[-77.434759015845941,37.550652256462399],[-77.434813743525467,37.550684438945588],[-77.434822860213686,37.550679479190798],[-77.434969220056971,37.550745119025066],[-77.435013624949633,37.550687675343248],[-77.435027438614441,37.550675682320673],[-77.434832385152575,37.550645713116772],[-77.434630204302195,37.55054736441064],[-77.434590098100088,37.550589133187856]]]},"properties":{"OBJECTID":46,"AddressLab":"908 N 2nd St","OwnerName":"E L S Construction Va Llc","ParcelID":16585,"PIN":"N0000068018","CountOfPIN":1,"AsrLocatio":"908","MailAddres":"7734 Whitepine Rd Ste A","LandUse":"Vacant","MailCity":"N Chesterfield","MailState":"VA","MailZip":"23237","Assessment":"2026-01-01T00:00:00Z","LandValue":22000,"DwellingVa":0,"TotalValue":22000,"LandSqFt":2367,"ProvalAsmt":"430","TaxExemptC":" ","PropertyCl":"401","Property_1":"B Commercial Vacant Land","Mailable":0,"MaskedOwne":" ","OBJECTID_1":29249,"GlobalID":"676359f3-7b8b-4580-8581-f4f0982058fa","City":"Richmond","State":"VA","Shape__Are":2361.5859375,"Shape__Len":306.80560912250769,"OBJECTID_1_1":47,"Join_Count":1,"TARGET_FID":47,"OBJECTID_1_12":null,"AddressId":"2017770","BuildingNu":"908","StreetDire":"N","StreetName":"2nd","StreetType":"St","ExtensionW":" ","UnitType":" ","UnitValue":" ","ZipCode":"23219","Mailable_1":"No","StatePlane":11791757.451066401,"StatePla_1":3725765.3388751899,"Latitude":37.550577089999997,"Longitude":-77.434638140000004,"CreatedBy":" ","CreatedDat":" ","EditBy":"parkerca","EditDate":"2011-10-20T15:19:23Z","Shape_Length_1":306.80560912836575,"Shape_Area_1":2361.5811728236476,"ID":null,"Address":"908 N 2nd St","Name":"E L S Construction Va Llc","Type__Business_or_Residences_":null,"Business_Type":null,"Identification":"Vacant","ID2level":"Vacant","Notes":null,"Shape_Length":306.80560912836575,"Shape_Area":2361.5811728236476}},{"type":"Feature","id":47,"geometry":{"type":"Polygon","coordinates":[[[-77.433641231619063,37.551607389186181],[-77.433990714459824,37.551811275337215],[-77.434055968146339,37.551739978511904],[-77.433949261680482,37.55167613046077],[-77.433943205179602,37.551683965140583],[-77.433703912355213,37.551541075022875],[-77.433641231619063,37.551607389186181]]]},"properties":{"OBJECTID":47,"AddressLab":"1022 N 2nd St","OwnerName":"Richmond Redevelopment And Housing Authority","ParcelID":32769,"PIN":"N0000085002","CountOfPIN":1,"AsrLocatio":"1022","MailAddres":"600 E Broad St 4th Fl","LandUse":"Vacant","MailCity":"Richmond","MailState":"VA","MailZip":"23219","Assessment":"2026-01-01T00:00:00Z","LandValue":25000,"DwellingVa":0,"TotalValue":25000,"LandSqFt":3829,"ProvalAsmt":"320","TaxExemptC":"150","PropertyCl":"101","Property_1":"R Single Family Vacant (R1-R7)","Mailable":0,"MaskedOwne":" ","OBJECTID_1":29359,"GlobalID":"534c2bb7-1f93-49e3-86cf-9f861d25a162","City":"Richmond","State":"VA","Shape__Are":3828.9453125,"Shape__Len":316.70008564746274,"OBJECTID_1_1":48,"Join_Count":1,"TARGET_FID":48,"OBJECTID_1_12":null,"AddressId":"2017955","BuildingNu":"1022","StreetDire":"N","StreetName":"2nd","StreetType":"St","ExtensionW":" ","UnitType":" ","UnitValue":" ","ZipCode":"23219","Mailable_1":"No","StatePlane":11791982.523778901,"StatePla_1":3726165.9929295201,"Latitude":37.551670389999998,"Longitude":-77.433846200000005,"CreatedBy":" ","CreatedDat":" ","EditBy":"parkerca","EditDate":"2011-10-20T15:17:01Z","Shape_Length_1":316.70008562767782,"Shape_Area_1":3828.9409147279512,"ID":null,"Address":"1022 N 2nd St","Name":"Richmond Redevelopment And Housing Authority","Type__Business_or_Residences_":null,"Business_Type":null,"Identification":"Vacant","ID2level":"Vacant","Notes":null,"Shape_Length":316.70008562767782,"Shape_Area":3828.9409147279512}},{"type":"Feature","id":48,"geometry":{"type":"Polygon","coordinates":[[[-77.433984423220167,37.551243016371529],[-77.43432273886836,37.551448503344176],[-77.434349056906342,37.551419748781321],[-77.43428920736757,37.551384142731372],[-77.434283126556551,37.551380526025653],[-77.434233938124507,37.551351261298471],[-77.434008509234658,37.551217146962784],[-77.433984423220167,37.551243016371529]]]},"properties":{"OBJECTID":48,"AddressLab":"1008 N 2nd St","OwnerName":"Lewis Walter L & Catherine M","ParcelID":66543,"PIN":"N0000085011","CountOfPIN":1,"AsrLocatio":"1008","MailAddres":"1011 N 35th St","LandUse":"Vacant","MailCity":"Richmond","MailState":"VA","MailZip":"23223","Assessment":"2026-01-01T00:00:00Z","LandValue":12000,"DwellingVa":0,"TotalValue":12000,"LandSqFt":1476,"ProvalAsmt":"320","TaxExemptC":" ","PropertyCl":"101","Property_1":"R Single Family Vacant (R1-R7)","Mailable":0,"MaskedOwne":" ","OBJECTID_1":29382,"GlobalID":"eb5047f6-a63e-46fc-89bf-f60cd87c0f07","City":"Richmond","State":"VA","Shape__Are":1521.36328125,"Shape__Len":271.27902430331824,"OBJECTID_1_1":49,"Join_Count":1,"TARGET_FID":49,"OBJECTID_1_12":null,"AddressId":"2017963","BuildingNu":"1008","StreetDire":"N","StreetName":"2nd","StreetType":"St","ExtensionW":" ","UnitType":" ","UnitValue":" ","ZipCode":"23219","Mailable_1":"No","StatePlane":11791910.807058901,"StatePla_1":3726024.9640120999,"Latitude":37.551285319999998,"Longitude":-77.434099059999994,"CreatedBy":" ","CreatedDat":" ","EditBy":"parkerca","EditDate":"2011-10-20T15:22:22Z","Shape_Length_1":271.27902430667496,"Shape_Area_1":1521.3587825745722,"ID":null,"Address":"1008 N 2nd St","Name":"Lewis Walter L & Catherine M","Type__Business_or_Residences_":null,"Business_Type":null,"Identification":"Vacant","ID2level":"Vacant","Notes":null,"Shape_Length":271.27902430667496,"Shape_Area":1521.3587825745722}},{"type":"Feature","id":49,"geometry":{"type":"Polygon","coordinates":[[[-77.433914465160825,37.550838351906997],[-77.43401937021244,37.550901048430084],[-77.434067982615545,37.550850720168697],[-77.433964414968372,37.550787014765298],[-77.433914465160825,37.550838351906997]]]},"properties":{"OBJECTID":49,"AddressLab":"1001 N 2nd St","OwnerName":"Baniissa Tamador G","ParcelID":7575,"PIN":"N0000086009","CountOfPIN":1,"AsrLocatio":"1001","MailAddres":"12106 Sable Ct","LandUse":"Commercial","MailCity":"Henrico","MailState":"VA","MailZip":"23233","Assessment":"2026-01-01T00:00:00Z","LandValue":9000,"DwellingVa":1000,"TotalValue":10000,"LandSqFt":925,"ProvalAsmt":"430","TaxExemptC":" ","PropertyCl":"406","Property_1":"B Paved Surface Parking","Mailable":0,"MaskedOwne":" ","OBJECTID_1":29608,"GlobalID":"f622feaf-8bc1-40f1-b543-019b62a3dc04","City":"Richmond","State":"VA","Shape__Are":888.0703125,"Shape__Len":122.73008962261692,"OBJECTID_1_1":50,"Join_Count":1,"TARGET_FID":50,"OBJECTID_1_12":null,"AddressId":"2017978","BuildingNu":"1001","StreetDire":"N","StreetName":"2nd","StreetType":"St","ExtensionW":" ","UnitType":" ","UnitValue":" ","ZipCode":"23219","Mailable_1":"No","StatePlane":11791944.589471599,"StatePla_1":3725861.8685377701,"Latitude":37.55083638,"Longitude":-77.433988889999995,"CreatedBy":" ","CreatedDat":" ","EditBy":"parkerca","EditDate":"2011-10-20T15:16:57Z","Shape_Length_1":122.7300896224869,"Shape_Area_1":888.06828625458525,"ID":null,"Address":"1001 N 2nd St","Name":"Baniissa Tamador G","Type__Business_or_Residences_":null,"Business_Type":null,"Identification":"Commercial","ID2level":"Parking Lot","Notes":null,"Shape_Length":122.7300896224869,"Shape_Area":888.06828625458525}},{"type":"Feature","id":50,"geometry":{"type":"Polygon","coordinates":[[[-77.433558252308018,37.550803208097378],[-77.433909203177336,37.551015106834981],[-77.433962899720058,37.550959514144772],[-77.433612692896475,37.550747112231427],[-77.433558252308018,37.550803208097378]]]},"properties":{"OBJECTID":50,"AddressLab":"1009 N 2nd St","OwnerName":"Wallace Keisha","ParcelID":66872,"PIN":"N0000086012","CountOfPIN":1,"AsrLocatio":"1009","MailAddres":"Po Box 445","LandUse":"Vacant","MailCity":"Powhatan","MailState":"VA","MailZip":"23139","Assessment":"2026-01-01T00:00:00Z","LandValue":28000,"DwellingVa":0,"TotalValue":28000,"LandSqFt":2995.1999999999998,"ProvalAsmt":"430","TaxExemptC":" ","PropertyCl":"401","Property_1":"B Commercial Vacant Land","Mailable":0,"MaskedOwne":" ","OBJECTID_1":29609,"GlobalID":"54b48e39-29ef-4ab5-9b4f-135421fa02c9","City":"Richmond","State":"VA","Shape__Are":3277.359375,"Shape__Len":306.66091040358248,"OBJECTID_1_1":51,"Join_Count":1,"TARGET_FID":51,"OBJECTID_1_12":null,"AddressId":"0109684","BuildingNu":"1009","StreetDire":"N","StreetName":"2nd","StreetType":"St","ExtensionW":" ","UnitType":" ","UnitValue":" ","ZipCode":"23219","Mailable_1":"No","StatePlane":11792011.298327699,"StatePla_1":3725876.1726430198,"Latitude":37.550873590000002,"Longitude":-77.433758240000003,"CreatedBy":" ","CreatedDat":" ","EditBy":"parkerca","EditDate":"2011-10-20T15:16:58Z","Shape_Length_1":306.66091040362898,"Shape_Area_1":3277.3581146945953,"ID":null,"Address":"1009 N 2nd St","Name":"Wallace Keisha","Type__Business_or_Residences_":null,"Business_Type":null,"Identification":"Vacant","ID2level":"Vacant","Notes":null,"Shape_Length":306.66091040362898,"Shape_Area":3277.3581146945953}},{"type":"Feature","id":51,"geometry":{"type":"Polygon","coordinates":[[[-77.437148507237879,37.547158705006453],[-77.437394420551314,37.547309562986733],[-77.43758336396786,37.547114307115983],[-77.437337449782362,37.546963449510777],[-77.437148507237879,37.547158705006453]]]},"properties":{"OBJECTID":51,"AddressLab":"201 1/2 E Leigh St","OwnerName":"Eggleston Plaza Condominium Unit Owners Association","ParcelID":400702,"PIN":"N0000039041","CountOfPIN":1,"AsrLocatio":"541","MailAddres":"927 Hull St","LandUse":" ","MailCity":"Richmond","MailState":"VA","MailZip":"23224","Assessment":"2026-01-01T00:00:00Z","LandValue":1000,"DwellingVa":1000,"TotalValue":2000,"LandSqFt":8077.5,"ProvalAsmt":"411","TaxExemptC":"699","PropertyCl":"471","Property_1":"B Commercial Common Area Main","Mailable":0,"MaskedOwne":" ","OBJECTID_1":29667,"GlobalID":"187a6a5c-2f16-4d48-99b2-c675aae1c1ee","City":"Richmond","State":"VA","Shape__Are":8077.5078125,"Shape__Len":359.50013874984393,"OBJECTID_1_1":52,"Join_Count":5,"TARGET_FID":52,"OBJECTID_1_12":null,"AddressId":"1061469","BuildingNu":"201 1/2","StreetDire":"E","StreetName":"Leigh","StreetType":"St","ExtensionW":" ","UnitType":" ","UnitValue":" ","ZipCode":"23219","Mailable_1":"No","StatePlane":11791013.797369899,"StatePla_1":3724522.53033718,"Latitude":37.547187090000001,"Longitude":-77.437251450000005,"CreatedBy":" ","CreatedDat":" ","EditBy":"parkerca","EditDate":"2011-10-20T15:18:01Z","Shape_Length_1":359.50013877071069,"Shape_Area_1":8077.5062400779389,"ID":null,"Address":"201 1/2 E Leigh St","Name":"Eggleston Plaza Ii Lp","Type__Business_or_Residences_":null,"Business_Type":null,"Identification":"Commercial","ID2level":"Unknown","Notes":null,"Shape_Length":359.50013877071069,"Shape_Area":8077.5062400779389}},{"type":"Feature","id":52,"geometry":{"type":"Polygon","coordinates":[[[-77.436093057229854,37.548278890370909],[-77.436150437896018,37.548215909180996],[-77.436411824762317,37.548369577052085],[-77.436507281568012,37.548267510489012],[-77.436152754696735,37.548052226968565],[-77.435988087143073,37.548227561531299],[-77.436088689847011,37.54828368378476],[-77.436093057229854,37.548278890370909]]]},"properties":{"OBJECTID":52,"AddressLab":"701 N 2nd St","OwnerName":"Richmond Redevelopment And Housing Authority","ParcelID":47459,"PIN":"N0000041035","CountOfPIN":1,"AsrLocatio":"701","MailAddres":"600 E Broad St 4th Fl","LandUse":"Vacant","MailCity":"Richmond","MailState":"VA","MailZip":"23219","Assessment":"2026-01-01T00:00:00Z","LandValue":125000,"DwellingVa":0,"TotalValue":125000,"LandSqFt":7100.2799999999997,"ProvalAsmt":"218","TaxExemptC":"150","PropertyCl":"101","Property_1":"R Single Family Vacant (R1-R7)","Mailable":0,"MaskedOwne":" ","OBJECTID_1":29671,"GlobalID":"855873ea-7150-47e5-8236-1662e70a7750","City":"Richmond","State":"VA","Shape__Are":7215.359375,"Shape__Len":415.60905093948497,"OBJECTID_1_1":53,"Join_Count":1,"TARGET_FID":53,"OBJECTID_1_12":null,"AddressId":"0109602","BuildingNu":"701","StreetDire":"N","StreetName":"2nd","StreetType":"St","ExtensionW":" ","UnitType":" ","UnitValue":" ","ZipCode":"23219","Mailable_1":"No","StatePlane":11791301.142923901,"StatePla_1":3724888.9456148599,"Latitude":37.548184460000002,"Longitude":-77.436246130000001,"CreatedBy":" ","CreatedDat":" ","EditBy":"parkerca","EditDate":"2011-10-20T15:16:58Z","Shape_Length_1":415.60905095725087,"Shape_Area_1":7215.3621593230428,"ID":null,"Address":"701 N 2nd St","Name":"Richmond Redevelopment And Housing Authority","Type__Business_or_Residences_":null,"Business_Type":null,"Identification":"Vacant","ID2level":"Vacant","Notes":null,"Shape_Length":415.60905095725087,"Shape_Area":7215.3621593230428}},{"type":"Feature","id":53,"geometry":{"type":"Polygon","coordinates":[[[-77.439635182160174,37.545271413765235],[-77.4398183590271,37.545385683255915],[-77.439853138533181,37.545349830370206],[-77.439668408777763,37.545236218363918],[-77.439635182160174,37.545271413765235]]]},"properties":{"OBJECTID":53,"AddressLab":"316 N 2nd St","OwnerName":"316 N 2nd St Llc","ParcelID":28932,"PIN":"N0000060013","CountOfPIN":1,"AsrLocatio":"316","MailAddres":"1413 N Nelson St","LandUse":"Commercial","MailCity":"Arlington","MailState":"VA","MailZip":"22201","Assessment":"2026-01-01T00:00:00Z","LandValue":122000,"DwellingVa":201000,"TotalValue":323000,"LandSqFt":2149.3600000000001,"ProvalAsmt":"411","TaxExemptC":" ","PropertyCl":"410","Property_1":"B General Retail/Service","Mailable":1,"MaskedOwne":" ","OBJECTID_1":29673,"GlobalID":"616f76eb-9c6f-4477-84ff-eb2d844e2a31","City":"Richmond","State":"VA","Shape__Are":2071.3984375,"Shape__Len":196.34539061299776,"OBJECTID_1_1":54,"Join_Count":1,"TARGET_FID":54,"OBJECTID_1_12":null,"AddressId":"0109533","BuildingNu":"316","StreetDire":"N","StreetName":"2nd","StreetType":"St","ExtensionW":" ","UnitType":" ","UnitValue":" ","ZipCode":"23219","Mailable_1":"Yes","StatePlane":11790321.9516408,"StatePla_1":3723813.01502393,"Latitude":37.545259979999997,"Longitude":-77.439665189999999,"CreatedBy":" ","CreatedDat":" ","EditBy":"parkerca","EditDate":"2011-10-20T15:20:19Z","Shape_Length_1":167.66456145662397,"Shape_Area_1":1098.826282723561,"ID":null,"Address":"316 N 2nd St","Name":"316 N 2nd St Llc","Type__Business_or_Residences_":null,"Business_Type":"Tigers Eye Hair Studio","Identification":"Commercial","ID2level":"Beauty","Notes":null,"Shape_Length":167.66456145662397,"Shape_Area":1098.826282723561}},{"type":"Feature","id":54,"geometry":{"type":"Polygon","coordinates":[[[-77.439213345992087,37.545712215529001],[-77.439167714135408,37.545759765636717],[-77.439425381879033,37.545915124707484],[-77.439470400114658,37.545868789104702],[-77.439213345992087,37.545712215529001]]]},"properties":{"OBJECTID":54,"AddressLab":"404 N 2nd St Rear","OwnerName":"Monrovia Llc","ParcelID":99358,"PIN":"N0000061018","CountOfPIN":1,"AsrLocatio":"404","MailAddres":"3315 Idlewood Ave","LandUse":"Mixed-Use","MailCity":"Richmond","MailState":"VA","MailZip":"23221","Assessment":"2026-01-01T00:00:00Z","LandValue":119000,"DwellingVa":284000,"TotalValue":403000,"LandSqFt":2092.5,"ProvalAsmt":"411","TaxExemptC":" ","PropertyCl":"450","Property_1":"B Mixed Use","Mailable":1,"MaskedOwne":" ","OBJECTID_1":29674,"GlobalID":"89c5b503-1142-4f96-a35d-919742332df0","City":"Richmond","State":"VA","Shape__Are":2021.578125,"Shape__Len":230.6542210368203,"OBJECTID_1_1":55,"Join_Count":2,"TARGET_FID":55,"OBJECTID_1_12":null,"AddressId":"1109550","BuildingNu":"404","StreetDire":"N","StreetName":"2nd","StreetType":"St","ExtensionW":"Rear","UnitType":" ","UnitValue":" ","ZipCode":"23219","Mailable_1":"Yes","StatePlane":11790453.7450123,"StatePla_1":3723992.32864164,"Latitude":37.545748349999997,"Longitude":-77.439203689999999,"CreatedBy":" ","CreatedDat":" ","EditBy":"MORTONRF","EditDate":"2025-12-12T15:05:55Z","Shape_Length_1":230.65422103678841,"Shape_Area_1":2021.5801013644332,"ID":null,"Address":"404 N 2nd St Rear","Name":"Monrovia Llc","Type__Business_or_Residences_":null,"Business_Type":"Scott's Shawarma","Identification":"Commercial","ID2level":"Resturant","Notes":null,"Shape_Length":230.65422103678841,"Shape_Area":2021.5801013644332}},{"type":"Feature","id":55,"geometry":{"type":"Polygon","coordinates":[[[-77.439253896206552,37.54566965078557],[-77.439510836626539,37.545825776312213],[-77.439567777520182,37.545765633417332],[-77.43956704816317,37.545765189859708],[-77.439310691240365,37.545609665300027],[-77.439253896206552,37.54566965078557]]]},"properties":{"OBJECTID":55,"AddressLab":"402 N 2nd St","OwnerName":"402 N 2nd Street Llc","ParcelID":99356,"PIN":"N0000061020","CountOfPIN":1,"AsrLocatio":"402","MailAddres":"Po Box 12534","LandUse":"Commercial","MailCity":"Richmond","MailState":"VA","MailZip":"23241","Assessment":"2026-01-01T00:00:00Z","LandValue":150000,"DwellingVa":149000,"TotalValue":299000,"LandSqFt":2668,"ProvalAsmt":"411","TaxExemptC":" ","PropertyCl":"410","Property_1":"B General Retail/Service","Mailable":1,"MaskedOwne":" ","OBJECTID_1":29675,"GlobalID":"abfd880d-7923-4736-afc1-0d9e25f458b7","City":"Richmond","State":"VA","Shape__Are":2566.40625,"Shape__Len":242.18602947878688,"OBJECTID_1_1":56,"Join_Count":1,"TARGET_FID":56,"OBJECTID_1_12":null,"AddressId":"0109547","BuildingNu":"402","StreetDire":"N","StreetName":"2nd","StreetType":"St","ExtensionW":" ","UnitType":" ","UnitValue":" ","ZipCode":"23219","Mailable_1":"Yes","StatePlane":11790426.40910897,"StatePla_1":3723955.7460376499,"Latitude":37.545648730000003,"Longitude":-77.439299390000002,"CreatedBy":" ","CreatedDat":" ","EditBy":"MORTONRF","EditDate":"2025-05-19T20:08:07Z","Shape_Length_1":242.18602948190431,"Shape_Area_1":2566.401416356392,"ID":null,"Address":"402 N 2nd St","Name":"Johnson Arletha","Type__Business_or_Residences_":"Mixed Use","Business_Type":"Johnson Beauty Salon beauty school","Identification":"Commercial","ID2level":"Beauty / Residential","Notes":null,"Shape_Length":242.18602948190431,"Shape_Area":2566.401416356392}},{"type":"Feature","id":56,"geometry":{"type":"Polygon","coordinates":[[[-77.438105029211485,37.546876983613771],[-77.438479537577265,37.547101910826584],[-77.438515336288901,37.547123411715987],[-77.438562884181295,37.547073224373257],[-77.438527086611529,37.547051723508162],[-77.438458252151506,37.547010381960639],[-77.438464474592337,37.547003799263337],[-77.438158808638008,37.54682022013926],[-77.438105029211485,37.546876983613771]]]},"properties":{"OBJECTID":56,"AddressLab":"516 N 2nd St","OwnerName":"Stallings Ronald A","ParcelID":98540,"PIN":"N0000062020","CountOfPIN":1,"AsrLocatio":"516","MailAddres":"402 1/2 N 2nd St","LandUse":"Commercial","MailCity":"Richmond","MailState":"VA","MailZip":"23219","Assessment":"2026-01-01T00:00:00Z","LandValue":93000,"DwellingVa":66000,"TotalValue":159000,"LandSqFt":1570,"ProvalAsmt":"411","TaxExemptC":" ","PropertyCl":"470","Property_1":"B Commercial Condo","Mailable":1,"MaskedOwne":" ","OBJECTID_1":29676,"GlobalID":"ab574680-3610-4bc0-9948-b33e8c9c3560","City":"Richmond","State":"VA","Shape__Are":3743.6171875,"Shape__Len":349.77617073659025,"OBJECTID_1_1":57,"Join_Count":14,"TARGET_FID":57,"OBJECTID_1_12":null,"AddressId":"0109563","BuildingNu":"516","StreetDire":"N","StreetName":"2nd","StreetType":"St","ExtensionW":" ","UnitType":" ","UnitValue":" ","ZipCode":"23219","Mailable_1":"No","StatePlane":11790755.284763601,"StatePla_1":3724397.9334735102,"Latitude":37.546852909999998,"Longitude":-77.438147920000006,"CreatedBy":" ","CreatedDat":" ","EditBy":"parkerca","EditDate":"2011-10-20T15:20:19Z","Shape_Length_1":349.77617075742842,"Shape_Area_1":3743.6157530736805,"ID":null,"Address":"516 N 2nd St","Name":null,"Type__Business_or_Residences_":"Mixed Use","Business_Type":"Thai Studio Restaurant, Treasures jewelers ","Identification":"Mixed Use","ID2level":"Restaurant / Shop / Residential","Notes":"There also an apartment with 13 units","Shape_Length":349.77617075742842,"Shape_Area":3743.6157530736805}},{"type":"Feature","id":57,"geometry":{"type":"Polygon","coordinates":[[[-77.438231637228157,37.546743350663085],[-77.438371579019829,37.546827404192946],[-77.438686963507521,37.546494515466762],[-77.43854702197018,37.546410463203856],[-77.438231637228157,37.546743350663085]]]},"properties":{"OBJECTID":57,"AddressLab":"112 E Clay St","OwnerName":"112 E Clay St Llc","ParcelID":98529,"PIN":"N0000062054","CountOfPIN":1,"AsrLocatio":"112","MailAddres":"10206 Westhampton Glen Ct","LandUse":"Multi-Family","MailCity":"Richmond","MailState":"VA","MailZip":"23238","Assessment":"2026-01-01T00:00:00Z","LandValue":45000,"DwellingVa":158000,"TotalValue":203000,"LandSqFt":1,"ProvalAsmt":"603","TaxExemptC":" ","PropertyCl":"211","Property_1":"R Condo Residential 12-49 Unit","Mailable":1,"MaskedOwne":" ","OBJECTID_1":29678,"GlobalID":"ff556055-09a5-442c-beac-ca3c81fcef8d","City":"Richmond","State":"VA","Shape__Are":7715.9375,"Shape__Len":405.2976362099522,"OBJECTID_1_1":58,"Join_Count":15,"TARGET_FID":58,"OBJECTID_1_12":null,"AddressId":"0020258","BuildingNu":"112","StreetDire":"E","StreetName":"Clay","StreetType":"St","ExtensionW":" ","UnitType":" ","UnitValue":" ","ZipCode":"23219","Mailable_1":"No","StatePlane":11790628.6065393,"StatePla_1":3724259.9445762602,"Latitude":37.546477879999998,"Longitude":-77.438590199999993,"CreatedBy":" ","CreatedDat":" ","EditBy":"parkerca","EditDate":"2011-10-20T15:20:19Z","Shape_Length_1":405.29763620995226,"Shape_Area_1":7715.9398687345147,"ID":null,"Address":"112 E Clay St","Name":"Two Street Development Llc C/o Ronald A Stallings","Type__Business_or_Residences_":null,"Business_Type":null,"Identification":"Commercial","ID2level":"Unknown","Notes":null,"Shape_Length":405.29763620995226,"Shape_Area":7715.9398687345147}},{"type":"Feature","id":58,"geometry":{"type":"Polygon","coordinates":[[[-77.438231637228157,37.546743350663085],[-77.438371579019829,37.546827404192946],[-77.438686963507521,37.546494515466762],[-77.43854702197018,37.546410463203856],[-77.438231637228157,37.546743350663085]]]},"properties":{"OBJECTID":58,"AddressLab":"112 E Clay St","OwnerName":"Zohore Alexander","ParcelID":98529,"PIN":"N0000062055","CountOfPIN":1,"AsrLocatio":"112","MailAddres":"112 E Clay St Unit 2b","LandUse":"Multi-Family","MailCity":"Richmond","MailState":"VA","MailZip":"23219","Assessment":"2026-01-01T00:00:00Z","LandValue":45000,"DwellingVa":158000,"TotalValue":203000,"LandSqFt":1,"ProvalAsmt":"603","TaxExemptC":" ","PropertyCl":"211","Property_1":"R Condo Residential 12-49 Unit","Mailable":1,"MaskedOwne":" ","OBJECTID_1":29679,"GlobalID":"5d64851c-8ca1-4872-ad13-bedad950205c","City":"Richmond","State":"VA","Shape__Are":7715.9375,"Shape__Len":405.2976362099522,"OBJECTID_1_1":59,"Join_Count":15,"TARGET_FID":59,"OBJECTID_1_12":null,"AddressId":"0020258","BuildingNu":"112","StreetDire":"E","StreetName":"Clay","StreetType":"St","ExtensionW":" ","UnitType":" ","UnitValue":" ","ZipCode":"23219","Mailable_1":"No","StatePlane":11790628.6065393,"StatePla_1":3724259.9445762602,"Latitude":37.546477879999998,"Longitude":-77.438590199999993,"CreatedBy":" ","CreatedDat":" ","EditBy":"parkerca","EditDate":"2011-10-20T15:20:19Z","Shape_Length_1":405.29763620995226,"Shape_Area_1":7715.9398687345147,"ID":null,"Address":"112 E Clay St","Name":"Two Street Development Llc C/o Ronald A Stallings","Type__Business_or_Residences_":null,"Business_Type":null,"Identification":"Commercial","ID2level":"Unknown","Notes":null,"Shape_Length":405.29763620995226,"Shape_Area":7715.9398687345147}},{"type":"Feature","id":59,"geometry":{"type":"Polygon","coordinates":[[[-77.438231637228157,37.546743350663085],[-77.438371579019829,37.546827404192946],[-77.438686963507521,37.546494515466762],[-77.43854702197018,37.546410463203856],[-77.438231637228157,37.546743350663085]]]},"properties":{"OBJECTID":59,"AddressLab":"112 E Clay St","OwnerName":"Wolfe Luke G","ParcelID":98529,"PIN":"N0000062059","CountOfPIN":1,"AsrLocatio":"112","MailAddres":"112 E Clay St Unit 3b","LandUse":"Multi-Family","MailCity":"Richmond","MailState":"VA","MailZip":"23219","Assessment":"2026-01-01T00:00:00Z","LandValue":45000,"DwellingVa":158000,"TotalValue":203000,"LandSqFt":1,"ProvalAsmt":"603","TaxExemptC":" ","PropertyCl":"211","Property_1":"R Condo Residential 12-49 Unit","Mailable":1,"MaskedOwne":" ","OBJECTID_1":29680,"GlobalID":"add2cf12-f4fc-4f91-a704-a72491a76017","City":"Richmond","State":"VA","Shape__Are":7715.9375,"Shape__Len":405.2976362099522,"OBJECTID_1_1":60,"Join_Count":15,"TARGET_FID":60,"OBJECTID_1_12":null,"AddressId":"0020258","BuildingNu":"112","StreetDire":"E","StreetName":"Clay","StreetType":"St","ExtensionW":" ","UnitType":" ","UnitValue":" ","ZipCode":"23219","Mailable_1":"No","StatePlane":11790628.6065393,"StatePla_1":3724259.9445762602,"Latitude":37.546477879999998,"Longitude":-77.438590199999993,"CreatedBy":" ","CreatedDat":" ","EditBy":"parkerca","EditDate":"2011-10-20T15:20:19Z","Shape_Length_1":405.29763620995226,"Shape_Area_1":7715.9398687345147,"ID":null,"Address":"112 E Clay St","Name":"Two Street Development Llc C/o Ronald A Stallings","Type__Business_or_Residences_":null,"Business_Type":null,"Identification":"Commercial","ID2level":"Unknown","Notes":null,"Shape_Length":405.29763620995226,"Shape_Area":7715.9398687345147}},{"type":"Feature","id":60,"geometry":{"type":"Polygon","coordinates":[[[-77.438231637228157,37.546743350663085],[-77.438371579019829,37.546827404192946],[-77.438686963507521,37.546494515466762],[-77.43854702197018,37.546410463203856],[-77.438231637228157,37.546743350663085]]]},"properties":{"OBJECTID":60,"AddressLab":"112 E Clay St","OwnerName":"Harper Curt E","ParcelID":98529,"PIN":"N0000062060","CountOfPIN":1,"AsrLocatio":"112","MailAddres":"112 East Clay St Unit 3c","LandUse":"Multi-Family","MailCity":"Richmond","MailState":"VA","MailZip":"23219","Assessment":"2026-01-01T00:00:00Z","LandValue":45000,"DwellingVa":158000,"TotalValue":203000,"LandSqFt":1,"ProvalAsmt":"603","TaxExemptC":" ","PropertyCl":"211","Property_1":"R Condo Residential 12-49 Unit","Mailable":1,"MaskedOwne":" ","OBJECTID_1":29681,"GlobalID":"84d5286f-898b-493c-9522-641dcbdbbf0d","City":"Richmond","State":"VA","Shape__Are":7715.9375,"Shape__Len":405.2976362099522,"OBJECTID_1_1":61,"Join_Count":15,"TARGET_FID":61,"OBJECTID_1_12":null,"AddressId":"0020258","BuildingNu":"112","StreetDire":"E","StreetName":"Clay","StreetType":"St","ExtensionW":" ","UnitType":" ","UnitValue":" ","ZipCode":"23219","Mailable_1":"No","StatePlane":11790628.6065393,"StatePla_1":3724259.9445762602,"Latitude":37.546477879999998,"Longitude":-77.438590199999993,"CreatedBy":" ","CreatedDat":" ","EditBy":"parkerca","EditDate":"2011-10-20T15:20:19Z","Shape_Length_1":405.29763620995226,"Shape_Area_1":7715.9398687345147,"ID":null,"Address":"112 E Clay St","Name":"Two Street Development Llc C/o Ronald A Stallings","Type__Business_or_Residences_":null,"Business_Type":null,"Identification":"Commercial","ID2level":"Unknown","Notes":null,"Shape_Length":405.29763620995226,"Shape_Area":7715.9398687345147}},{"type":"Feature","id":61,"geometry":{"type":"Polygon","coordinates":[[[-77.434116939863799,37.550245124159957],[-77.434454549933648,37.55044564303693],[-77.434505731460632,37.550390086070266],[-77.434301988673781,37.550268194112924],[-77.434169173377967,37.550189615539516],[-77.434116939863799,37.550245124159957]]]},"properties":{"OBJECTID":61,"AddressLab":"907 N 2nd St","OwnerName":"Richmond Redevelopment And Housing Authority","ParcelID":34282,"PIN":"N0000069024","CountOfPIN":1,"AsrLocatio":"907","MailAddres":"600 E Broad St 4th Fl","LandUse":"Vacant","MailCity":"Richmond","MailState":"VA","MailZip":"23219","Assessment":"2026-01-01T00:00:00Z","LandValue":28000,"DwellingVa":0,"TotalValue":28000,"LandSqFt":3100,"ProvalAsmt":"430","TaxExemptC":"150","PropertyCl":"401","Property_1":"B Commercial Vacant Land","Mailable":0,"MaskedOwne":" ","OBJECTID_1":29784,"GlobalID":"d3784f68-2f62-450c-8491-27790e47faf2","City":"Richmond","State":"VA","Shape__Are":3079.7265625,"Shape__Len":294.29965399683448,"OBJECTID_1_1":64,"Join_Count":1,"TARGET_FID":64,"OBJECTID_1_12":null,"AddressId":"2017790","BuildingNu":"907","StreetDire":"N","StreetName":"2nd","StreetType":"St","ExtensionW":" ","UnitType":" ","UnitValue":" ","ZipCode":"23219","Mailable_1":"No","StatePlane":11791829.655974399,"StatePla_1":3725685.1172508602,"Latitude":37.550354540000001,"Longitude":-77.434392209999999,"CreatedBy":" ","CreatedDat":" ","EditBy":"parkerca","EditDate":"2011-10-20T15:22:22Z","Shape_Length_1":294.29965399032187,"Shape_Area_1":3079.7278691509459,"ID":null,"Address":"907 N 2nd St","Name":"Richmond Redevelopment And Housing Authority","Type__Business_or_Residences_":null,"Business_Type":null,"Identification":"Vacant","ID2level":"Vacant","Notes":null,"Shape_Length":294.29965399032187,"Shape_Area":3079.7278691509459}},{"type":"Feature","id":62,"geometry":{"type":"Polygon","coordinates":[[[-77.434096799911302,37.551122322236751],[-77.434311367404035,37.551246177076578],[-77.434401420475737,37.551150835417495],[-77.434137681747558,37.551078413276379],[-77.434096799911302,37.551122322236751]]]},"properties":{"OBJECTID":62,"AddressLab":"1000 N 2nd St","OwnerName":"Fields Elsie Henrietta Trustee","ParcelID":21707,"PIN":"N0000085014","CountOfPIN":1,"AsrLocatio":"1000","MailAddres":"3103 Montrose Avenue","LandUse":"Vacant","MailCity":"Richmond","MailState":"VA","MailZip":"23222","Assessment":"2026-01-01T00:00:00Z","LandValue":20000,"DwellingVa":0,"TotalValue":20000,"LandSqFt":2436,"ProvalAsmt":"320","TaxExemptC":" ","PropertyCl":"101","Property_1":"R Single Family Vacant (R1-R7)","Mailable":0,"MaskedOwne":" ","OBJECTID_1":30105,"GlobalID":"105476ce-4ef2-4f88-b71b-36454abc36ac","City":"Richmond","State":"VA","Shape__Are":2435.8046875,"Shape__Len":221.04470240321137,"OBJECTID_1_1":65,"Join_Count":1,"TARGET_FID":65,"OBJECTID_1_12":null,"AddressId":"0109681","BuildingNu":"1000","StreetDire":"N","StreetName":"2nd","StreetType":"St","ExtensionW":" ","UnitType":" ","UnitValue":" ","ZipCode":"23219","Mailable_1":"No","StatePlane":11791870.3694757,"StatePla_1":3725975.2032848601,"Latitude":37.55114992,"Longitude":-77.43424048,"CreatedBy":" ","CreatedDat":" ","EditBy":"parkerca","EditDate":"2011-10-20T15:22:22Z","Shape_Length_1":221.04470240114972,"Shape_Area_1":2435.8031633193677,"ID":null,"Address":"1000 N 2nd St","Name":"Fields Elsie Henrietta Trustee","Type__Business_or_Residences_":null,"Business_Type":null,"Identification":"Vacant","ID2level":"Vacant","Notes":null,"Shape_Length":221.04470240114972,"Shape_Area":2435.8031633193677}},{"type":"Feature","id":63,"geometry":{"type":"Polygon","coordinates":[[[-77.437504312772901,37.547599593077436],[-77.43745461116869,37.547569730325051],[-77.437297005902025,37.547738618624741],[-77.437346693474851,37.547766275420912],[-77.437504312772901,37.547599593077436]]]},"properties":{"OBJECTID":63,"AddressLab":"118 E Leigh St","OwnerName":"United States Of America","ParcelID":61022,"PIN":"N0000064017","CountOfPIN":2,"AsrLocatio":"600","MailAddres":"3215 E Broad St","LandUse":"Government","MailCity":"Richmond","MailState":"VA","MailZip":"23223","Assessment":"2026-01-01T00:00:00Z","LandValue":245000,"DwellingVa":729000,"TotalValue":974000,"LandSqFt":4739.0699999999997,"ProvalAsmt":"411","TaxExemptC":"350","PropertyCl":"458","Property_1":"B Library/Museum/Capitol/Court","Mailable":1,"MaskedOwne":" ","OBJECTID_1":30233,"GlobalID":"e2c9ae8c-2585-475c-91ff-4b5791e205aa","City":"Richmond","State":"VA","Shape__Are":4739.046875,"Shape__Len":356.7387892737554,"OBJECTID_1_1":66,"Join_Count":1,"TARGET_FID":66,"OBJECTID_1_12":null,"AddressId":"0060638","BuildingNu":"118","StreetDire":"E","StreetName":"Leigh","StreetType":"St","ExtensionW":" ","UnitType":" ","UnitValue":" ","ZipCode":"23219","Mailable_1":"Yes","StatePlane":11790958.11375423,"StatePla_1":3724680.54478489,"Latitude":37.547622760000003,"Longitude":-77.437437380000006,"CreatedBy":" ","CreatedDat":" ","EditBy":"MORTONRF","EditDate":"2026-05-18T13:52:40Z","Shape_Length_1":188.20921404655377,"Shape_Area_1":1358.6611831850148,"ID":null,"Address":"118 E Leigh St","Name":"United States Of America","Type__Business_or_Residences_":null,"Business_Type":"Maggie Walker National Historic Site","Identification":"Institutional","ID2level":"Government Office","Notes":null,"Shape_Length":188.20921404655377,"Shape_Area":1358.6611831850148}},{"type":"Feature","id":64,"geometry":{"type":"Polygon","coordinates":[[[-77.439173750058643,37.54521470573561],[-77.439320722100234,37.545301833475698],[-77.439535876442321,37.545075817417235],[-77.439392134423727,37.544989174790544],[-77.439173750058643,37.54521470573561]]]},"properties":{"OBJECTID":64,"AddressLab":"323 N 2nd St","OwnerName":"321 N 2nd Llc","ParcelID":47580,"PIN":"N0000037040","CountOfPIN":1,"AsrLocatio":"321","MailAddres":"11916 Kingsbury Ct","LandUse":"Commercial","MailCity":"Richmond","MailState":"VA","MailZip":"23233","Assessment":"2026-01-01T00:00:00Z","LandValue":69000,"DwellingVa":103000,"TotalValue":172000,"LandSqFt":700,"ProvalAsmt":"411","TaxExemptC":" ","PropertyCl":"470","Property_1":"B Commercial Condo","Mailable":1,"MaskedOwne":" ","OBJECTID_1":30459,"GlobalID":"876cb1a4-d101-4957-bef2-4b7bfa9d2314","City":"Richmond","State":"VA","Shape__Are":5452.56640625,"Shape__Len":312.34854840200006,"OBJECTID_1_1":67,"Join_Count":21,"TARGET_FID":67,"OBJECTID_1_12":null,"AddressId":"1109541","BuildingNu":"323","StreetDire":"N","StreetName":"2nd","StreetType":"St","ExtensionW":" ","UnitType":" ","UnitValue":" ","ZipCode":"23219","Mailable_1":"No","StatePlane":11790408.6312574,"StatePla_1":3723791.53179918,"Latitude":37.545198310000004,"Longitude":-77.439367059999995,"CreatedBy":" ","CreatedDat":" ","EditBy":"parkerca","EditDate":"2011-10-20T15:19:23Z","Shape_Length_1":312.34854840501578,"Shape_Area_1":5452.5742971303807,"ID":null,"Address":"323 N 2nd St","Name":"321 N 2nd Llc","Type__Business_or_Residences_":null,"Business_Type":"Indigo Salon","Identification":"Commercial","ID2level":"Beauty","Notes":null,"Shape_Length":312.34854840501578,"Shape_Area":5452.5742971303807}},{"type":"Feature","id":65,"geometry":{"type":"Polygon","coordinates":[[[-77.439173750058643,37.54521470573561],[-77.439320722100234,37.545301833475698],[-77.439535876442321,37.545075817417235],[-77.439392134423727,37.544989174790544],[-77.439173750058643,37.54521470573561]]]},"properties":{"OBJECTID":65,"AddressLab":"323 N 2nd St","OwnerName":"Dnm Llc","ParcelID":47580,"PIN":"N0000037043","CountOfPIN":1,"AsrLocatio":"327","MailAddres":"11916 Kingsbury Ct","LandUse":"Commercial","MailCity":"Richmond","MailState":"VA","MailZip":"23233","Assessment":"2026-01-01T00:00:00Z","LandValue":69000,"DwellingVa":123000,"TotalValue":192000,"LandSqFt":700,"ProvalAsmt":"411","TaxExemptC":" ","PropertyCl":"470","Property_1":"B Commercial Condo","Mailable":1,"MaskedOwne":" ","OBJECTID_1":30460,"GlobalID":"0fc48846-6c03-4073-9d08-772345e69d44","City":"Richmond","State":"VA","Shape__Are":5452.56640625,"Shape__Len":312.34854840200006,"OBJECTID_1_1":68,"Join_Count":21,"TARGET_FID":68,"OBJECTID_1_12":null,"AddressId":"1109541","BuildingNu":"323","StreetDire":"N","StreetName":"2nd","StreetType":"St","ExtensionW":" ","UnitType":" ","UnitValue":" ","ZipCode":"23219","Mailable_1":"No","StatePlane":11790408.6312574,"StatePla_1":3723791.53179918,"Latitude":37.545198310000004,"Longitude":-77.439367059999995,"CreatedBy":" ","CreatedDat":" ","EditBy":"parkerca","EditDate":"2011-10-20T15:19:23Z","Shape_Length_1":312.34854840501578,"Shape_Area_1":5452.5742971303807,"ID":null,"Address":"323 N 2nd St","Name":"321 N 2nd Llc","Type__Business_or_Residences_":null,"Business_Type":"Indigo Salon","Identification":"Commercial","ID2level":"Beauty","Notes":null,"Shape_Length":312.34854840501578,"Shape_Area":5452.5742971303807}},{"type":"Feature","id":66,"geometry":{"type":"Polygon","coordinates":[[[-77.439173750058643,37.54521470573561],[-77.439320722100234,37.545301833475698],[-77.439535876442321,37.545075817417235],[-77.439392134423727,37.544989174790544],[-77.439173750058643,37.54521470573561]]]},"properties":{"OBJECTID":66,"AddressLab":"323 N 2nd St","OwnerName":"Da Mingxia","ParcelID":47580,"PIN":"N0000037047","CountOfPIN":1,"AsrLocatio":"321","MailAddres":"102 Rocketts Way","LandUse":"Multi-Family","MailCity":"Henrico","MailState":"VA","MailZip":"23231","Assessment":"2026-01-01T00:00:00Z","LandValue":25000,"DwellingVa":121000,"TotalValue":146000,"LandSqFt":1,"ProvalAsmt":"603","TaxExemptC":" ","PropertyCl":"210","Property_1":"R Condo Residential \u003c11 Units","Mailable":1,"MaskedOwne":" ","OBJECTID_1":30461,"GlobalID":"c38034fe-2188-424d-b9f4-67d1ee2b3f93","City":"Richmond","State":"VA","Shape__Are":5452.56640625,"Shape__Len":312.34854840200006,"OBJECTID_1_1":69,"Join_Count":21,"TARGET_FID":69,"OBJECTID_1_12":null,"AddressId":"1109541","BuildingNu":"323","StreetDire":"N","StreetName":"2nd","StreetType":"St","ExtensionW":" ","UnitType":" ","UnitValue":" ","ZipCode":"23219","Mailable_1":"No","StatePlane":11790408.6312574,"StatePla_1":3723791.53179918,"Latitude":37.545198310000004,"Longitude":-77.439367059999995,"CreatedBy":" ","CreatedDat":" ","EditBy":"parkerca","EditDate":"2011-10-20T15:19:23Z","Shape_Length_1":312.34854840501578,"Shape_Area_1":5452.5742971303807,"ID":null,"Address":"323 N 2nd St","Name":"321 N 2nd Llc","Type__Business_or_Residences_":null,"Business_Type":"Indigo Salon","Identification":"Commercial","ID2level":"Beauty","Notes":null,"Shape_Length":312.34854840501578,"Shape_Area":5452.5742971303807}},{"type":"Feature","id":67,"geometry":{"type":"Polygon","coordinates":[[[-77.439173750058643,37.54521470573561],[-77.439320722100234,37.545301833475698],[-77.439535876442321,37.545075817417235],[-77.439392134423727,37.544989174790544],[-77.439173750058643,37.54521470573561]]]},"properties":{"OBJECTID":67,"AddressLab":"323 N 2nd St","OwnerName":"Browne Jerrold A And Jennifer H","ParcelID":47580,"PIN":"N0000037048","CountOfPIN":1,"AsrLocatio":"323","MailAddres":"209 Suri Dr","LandUse":"Multi-Family","MailCity":"Williamsburg","MailState":"VA","MailZip":"23185","Assessment":"2026-01-01T00:00:00Z","LandValue":25000,"DwellingVa":121000,"TotalValue":146000,"LandSqFt":1,"ProvalAsmt":"603","TaxExemptC":" ","PropertyCl":"210","Property_1":"R Condo Residential \u003c11 Units","Mailable":1,"MaskedOwne":" ","OBJECTID_1":30462,"GlobalID":"1f4bf22d-c992-459c-97a5-d8a9e5147518","City":"Richmond","State":"VA","Shape__Are":5452.56640625,"Shape__Len":312.34854840200006,"OBJECTID_1_1":70,"Join_Count":21,"TARGET_FID":70,"OBJECTID_1_12":null,"AddressId":"1109541","BuildingNu":"323","StreetDire":"N","StreetName":"2nd","StreetType":"St","ExtensionW":" ","UnitType":" ","UnitValue":" ","ZipCode":"23219","Mailable_1":"No","StatePlane":11790408.6312574,"StatePla_1":3723791.53179918,"Latitude":37.545198310000004,"Longitude":-77.439367059999995,"CreatedBy":" ","CreatedDat":" ","EditBy":"parkerca","EditDate":"2011-10-20T15:19:23Z","Shape_Length_1":312.34854840501578,"Shape_Area_1":5452.5742971303807,"ID":null,"Address":"323 N 2nd St","Name":"321 N 2nd Llc","Type__Business_or_Residences_":null,"Business_Type":"Indigo Salon","Identification":"Commercial","ID2level":"Beauty","Notes":null,"Shape_Length":312.34854840501578,"Shape_Area":5452.5742971303807}},{"type":"Feature","id":68,"geometry":{"type":"Polygon","coordinates":[[[-77.438444725089781,37.54613146482555],[-77.43849771388318,37.546163323712385],[-77.438692058479731,37.545958397861853],[-77.438639069748433,37.545926539060403],[-77.438444725089781,37.54613146482555]]]},"properties":{"OBJECTID":68,"AddressLab":"201 E Clay St","OwnerName":"F & J Investment Llc","ParcelID":420268,"PIN":"N0000038001","CountOfPIN":1,"AsrLocatio":"201","MailAddres":"201 E Clay St","LandUse":"Mixed-Use","MailCity":"Richmond","MailState":"VA","MailZip":"23219","Assessment":"2026-01-01T00:00:00Z","LandValue":104000,"DwellingVa":408000,"TotalValue":512000,"LandSqFt":1799.8800000000001,"ProvalAsmt":"411","TaxExemptC":" ","PropertyCl":"450","Property_1":"B Mixed Use","Mailable":1,"MaskedOwne":" ","OBJECTID_1":30463,"GlobalID":"fd4cc84e-7643-4738-81a2-fd751b2ee17c","City":"Richmond","State":"VA","Shape__Are":1799.8828125,"Shape__Len":225.50003710161491,"OBJECTID_1_1":71,"Join_Count":3,"TARGET_FID":71,"OBJECTID_1_12":null,"AddressId":"1020263","BuildingNu":"201","StreetDire":"E","StreetName":"Clay","StreetType":"St","ExtensionW":" ","UnitType":" ","UnitValue":" ","ZipCode":"23219","Mailable_1":"Yes","StatePlane":11790649.5805787,"StatePla_1":3724123.39366826,"Latitude":37.546102230000002,"Longitude":-77.438523149999995,"CreatedBy":" ","CreatedDat":" ","EditBy":"parkerca","EditDate":"2011-10-20T15:21:38Z","Shape_Length_1":225.50003708077776,"Shape_Area_1":1799.8839003885616,"ID":null,"Address":"201 E Clay St","Name":"F & J Investment Llc","Type__Business_or_Residences_":null,"Business_Type":"Community Business Group","Identification":"Mixed Use","ID2level":"Services","Notes":null,"Shape_Length":225.50003708077776,"Shape_Area":1799.8839003885616}},{"type":"Feature","id":69,"geometry":{"type":"Polygon","coordinates":[[[-77.439173750058643,37.54521470573561],[-77.439320722100234,37.545301833475698],[-77.439535876442321,37.545075817417235],[-77.439392134423727,37.544989174790544],[-77.439173750058643,37.54521470573561]]]},"properties":{"OBJECTID":69,"AddressLab":"323 N 2nd St","OwnerName":"Cook Nash Stephen And Elsheikh Omer","ParcelID":47580,"PIN":"N0000037046","CountOfPIN":1,"AsrLocatio":"319","MailAddres":"2987 District Ave Apt 501","LandUse":"Multi-Family","MailCity":"Fairfax","MailState":"VA","MailZip":"22031","Assessment":"2026-01-01T00:00:00Z","LandValue":25000,"DwellingVa":121000,"TotalValue":146000,"LandSqFt":1,"ProvalAsmt":"603","TaxExemptC":" ","PropertyCl":"210","Property_1":"R Condo Residential \u003c11 Units","Mailable":1,"MaskedOwne":" ","OBJECTID_1":30714,"GlobalID":"e8e80d39-b69a-4f47-83c7-f4330cfd1807","City":"Richmond","State":"VA","Shape__Are":5452.56640625,"Shape__Len":312.34854840200006,"OBJECTID_1_1":72,"Join_Count":21,"TARGET_FID":72,"OBJECTID_1_12":null,"AddressId":"1109541","BuildingNu":"323","StreetDire":"N","StreetName":"2nd","StreetType":"St","ExtensionW":" ","UnitType":" ","UnitValue":" ","ZipCode":"23219","Mailable_1":"No","StatePlane":11790408.6312574,"StatePla_1":3723791.53179918,"Latitude":37.545198310000004,"Longitude":-77.439367059999995,"CreatedBy":" ","CreatedDat":" ","EditBy":"parkerca","EditDate":"2011-10-20T15:19:23Z","Shape_Length_1":312.34854840501578,"Shape_Area_1":5452.5742971303807,"ID":null,"Address":"323 N 2nd St","Name":"321 N 2nd Llc","Type__Business_or_Residences_":null,"Business_Type":"Indigo Salon","Identification":"Commercial","ID2level":"Beauty","Notes":null,"Shape_Length":312.34854840501578,"Shape_Area":5452.5742971303807}},{"type":"Feature","id":70,"geometry":{"type":"Polygon","coordinates":[[[-77.436659650339521,37.547736754525403],[-77.436883970136947,37.547870298953853],[-77.436968429473595,37.547782166251515],[-77.436745668303161,37.547648774726397],[-77.436659650339521,37.547736754525403]]]},"properties":{"OBJECTID":70,"AddressLab":"605 N 2nd St","OwnerName":"Mocha Temple No 7 A E A O N M Shirne Tr","ParcelID":61031,"PIN":"N0000040029","CountOfPIN":1,"AsrLocatio":"605","MailAddres":"Po Box 27022","LandUse":"Vacant","MailCity":"Richmond","MailState":"VA","MailZip":"23261","Assessment":"2026-01-01T00:00:00Z","LandValue":179000,"DwellingVa":0,"TotalValue":179000,"LandSqFt":3375.1999999999998,"ProvalAsmt":"411","TaxExemptC":"600","PropertyCl":"401","Property_1":"B Commercial Vacant Land","Mailable":0,"MaskedOwne":" ","OBJECTID_1":30724,"GlobalID":"ebede1ac-d928-4438-b805-02fe3198ad04","City":"Richmond","State":"VA","Shape__Are":3278.7890625,"Shape__Len":242.96976391243462,"OBJECTID_1_1":73,"Join_Count":1,"TARGET_FID":73,"OBJECTID_1_12":null,"AddressId":"2017622","BuildingNu":"605","StreetDire":"N","StreetName":"2nd","StreetType":"St","ExtensionW":" ","UnitType":" ","UnitValue":" ","ZipCode":"23219","Mailable_1":"No","StatePlane":11791138.9637863,"StatePla_1":3724729.5335320998,"Latitude":37.547751699999999,"Longitude":-77.436811700000007,"CreatedBy":" ","CreatedDat":" ","EditBy":"parkerca","EditDate":"2011-10-20T15:16:58Z","Shape_Length_1":242.96976391243459,"Shape_Area_1":3278.7882938685643,"ID":null,"Address":"605 N 2nd St","Name":"Mocha Temple No 7 A E A O N M Shirne Tr","Type__Business_or_Residences_":null,"Business_Type":null,"Identification":"Vacant","ID2level":"Vacant","Notes":null,"Shape_Length":242.96976391243459,"Shape_Area":3278.7882938685643}},{"type":"Feature","id":71,"geometry":{"type":"Polygon","coordinates":[[[-77.436093057229854,37.548278890370909],[-77.436354583660048,37.548430780844498],[-77.436411824762317,37.548369577052085],[-77.436150437896018,37.548215909180996],[-77.436093057229854,37.548278890370909]]]},"properties":{"OBJECTID":71,"AddressLab":"703 N 2nd St","OwnerName":"Richmond Redevelopment And Housing Authority","ParcelID":59629,"PIN":"N0000041119","CountOfPIN":1,"AsrLocatio":"703","MailAddres":"600 E Broad St 4th Fl","LandUse":"Vacant","MailCity":"Richmond","MailState":"VA","MailZip":"23219","Assessment":"2026-01-01T00:00:00Z","LandValue":90000,"DwellingVa":0,"TotalValue":90000,"LandSqFt":2968.25,"ProvalAsmt":"218","TaxExemptC":"150","PropertyCl":"101","Property_1":"R Single Family Vacant (R1-R7)","Mailable":0,"MaskedOwne":" ","OBJECTID_1":30726,"GlobalID":"caa48ea6-cfca-4b95-9d50-1b6d5dcd012e","City":"Richmond","State":"VA","Shape__Are":2637.984375,"Shape__Len":244.15881900293007,"OBJECTID_1_1":74,"Join_Count":1,"TARGET_FID":74,"OBJECTID_1_12":null,"AddressId":"3000024","BuildingNu":"703","StreetDire":"N","StreetName":"2nd","StreetType":"St","ExtensionW":" ","UnitType":" ","UnitValue":" ","ZipCode":"23219","Mailable_1":"No","StatePlane":11791299.4493577,"StatePla_1":3724936.8897446799,"Latitude":37.54831618,"Longitude":-77.436250099999995,"CreatedBy":" ","CreatedDat":" ","EditBy":"parkerca","EditDate":"2011-10-20T15:16:58Z","Shape_Length_1":244.15881898207914,"Shape_Area_1":2637.9785818509258,"ID":null,"Address":"703 N 2nd St","Name":"Richmond Redevelopment And Housing Authority","Type__Business_or_Residences_":null,"Business_Type":null,"Identification":"Vacant","ID2level":"Vacant","Notes":null,"Shape_Length":244.15881898207914,"Shape_Area":2637.9785818509258}},{"type":"Feature","id":72,"geometry":{"type":"Polygon","coordinates":[[[-77.437613304154681,37.547395979310011],[-77.437702813717621,37.547452014317855],[-77.437772408144411,37.547378560154705],[-77.437680303324697,37.547325262917617],[-77.437613304154681,37.547395979310011]]]},"properties":{"OBJECTID":72,"AddressLab":"532 N 2nd St","OwnerName":"119 Leigh Lp","ParcelID":98552,"PIN":"N0000062010","CountOfPIN":1,"AsrLocatio":"119","MailAddres":"927 Hull St","LandUse":"Mixed-Use","MailCity":"Richmond","MailState":"VA","MailZip":"23224","Assessment":"2026-01-01T00:00:00Z","LandValue":184000,"DwellingVa":494000,"TotalValue":678000,"LandSqFt":3316,"ProvalAsmt":"411","TaxExemptC":" ","PropertyCl":"450","Property_1":"B Mixed Use","Mailable":1,"MaskedOwne":" ","OBJECTID_1":30728,"GlobalID":"49d79352-37d7-43c5-85bd-00520291d7b2","City":"Richmond","State":"VA","Shape__Are":3299.97265625,"Shape__Len":265.99856610752948,"OBJECTID_1_1":75,"Join_Count":2,"TARGET_FID":75,"OBJECTID_1_12":null,"AddressId":"1109575","BuildingNu":"532","StreetDire":"N","StreetName":"2nd","StreetType":"St","ExtensionW":" ","UnitType":" ","UnitValue":" ","ZipCode":"23219","Mailable_1":"Yes","StatePlane":11790884.475121999,"StatePla_1":3724598.5452770102,"Latitude":37.547399839999997,"Longitude":-77.437694550000003,"CreatedBy":" ","CreatedDat":" ","EditBy":"parkerca","EditDate":"2011-10-20T15:22:06Z","Shape_Length_1":131.77560766033886,"Shape_Area_1":1085.1014602091602,"ID":null,"Address":"532 N 2nd St","Name":"119 Leigh Lp","Type__Business_or_Residences_":null,"Business_Type":null,"Identification":"Residential","ID2level":"Residential","Notes":null,"Shape_Length":131.77560766033886,"Shape_Area":1085.1014602091602}},{"type":"Feature","id":73,"geometry":{"type":"Polygon","coordinates":[[[-77.437903806431663,37.547089360258866],[-77.437793982142324,37.547205287913961],[-77.437884853280082,37.547259867993887],[-77.437956449402407,37.547302870109171],[-77.438028044462385,37.547345873071627],[-77.438099640735857,37.547388876000618],[-77.438168483177407,37.547430224130643],[-77.438204281956374,37.547451725112317],[-77.438312404206016,37.547337613782666],[-77.437903806431663,37.547089360258866]]]},"properties":{"OBJECTID":73,"AddressLab":"528 N 2nd St","OwnerName":"Hippodrome Taylor Mansion Llc","ParcelID":98550,"PIN":"N0000062013","CountOfPIN":4,"AsrLocatio":"528","MailAddres":"402 1/2 A North 2nd St","LandUse":"Commercial","MailCity":"Richmond","MailState":"VA","MailZip":"23219","Assessment":"2026-01-01T00:00:00Z","LandValue":836000,"DwellingVa":5742000,"TotalValue":6578000,"LandSqFt":22320,"ProvalAsmt":"411","TaxExemptC":" ","PropertyCl":"446","Property_1":"B Theater","Mailable":1,"MaskedOwne":" ","OBJECTID_1":30729,"GlobalID":"eca8563e-81fe-4fa3-963b-d0dba8571158","City":"Richmond","State":"VA","Shape__Are":22311.3828125,"Shape__Len":597.48127065680546,"OBJECTID_1_1":76,"Join_Count":1,"TARGET_FID":76,"OBJECTID_1_12":null,"AddressId":"0109573","BuildingNu":"528","StreetDire":"N","StreetName":"2nd","StreetType":"St","ExtensionW":" ","UnitType":" ","UnitValue":" ","ZipCode":"23219","Mailable_1":"Yes","StatePlane":11790835.741951801,"StatePla_1":3724509.61992994,"Latitude":37.547157140000003,"Longitude":-77.43786609,"CreatedBy":" ","CreatedDat":" ","EditBy":"parkerca","EditDate":"2011-10-20T15:20:19Z","Shape_Length_1":402.92665025097688,"Shape_Area_1":7816.6686672192754,"ID":null,"Address":"528 N 2nd St","Name":null,"Type__Business_or_Residences_":"Commercial","Business_Type":"Hippodrome Theatre ","Identification":"Commercial","ID2level":"Entertainment","Notes":null,"Shape_Length":402.92665025097688,"Shape_Area":7816.6686672192754}},{"type":"Feature","id":74,"geometry":{"type":"Polygon","coordinates":[[[-77.434346875607133,37.550846483288097],[-77.434396823851358,37.55086723940299],[-77.434790146858163,37.5509632950765],[-77.434838044075164,37.55090493938377],[-77.434452837990207,37.55080868197615],[-77.434405384191905,37.550784576384444],[-77.434346875607133,37.550846483288097]]]},"properties":{"OBJECTID":74,"AddressLab":"918 N 2nd St","OwnerName":"Mount Carmel Baptist Church The Etals","ParcelID":33340,"PIN":"N0000068014","CountOfPIN":1,"AsrLocatio":"918","MailAddres":"P.o. Box 8081","LandUse":"Vacant","MailCity":"Richmond","MailState":"VA","MailZip":"23223","Assessment":"2026-01-01T00:00:00Z","LandValue":30000,"DwellingVa":0,"TotalValue":30000,"LandSqFt":3358.2800000000002,"ProvalAsmt":"430","TaxExemptC":" ","PropertyCl":"401","Property_1":"B Commercial Vacant Land","Mailable":0,"MaskedOwne":" ","OBJECTID_1":30734,"GlobalID":"2686acd4-a4e8-45ba-add9-0393bac8962c","City":"Richmond","State":"VA","Shape__Are":3374.4921875,"Shape__Len":322.5530270503304,"OBJECTID_1_1":77,"Join_Count":1,"TARGET_FID":77,"OBJECTID_1_12":null,"AddressId":"2017766","BuildingNu":"918","StreetDire":"N","StreetName":"2nd","StreetType":"St","ExtensionW":" ","UnitType":" ","UnitValue":" ","ZipCode":"23219","Mailable_1":"No","StatePlane":11791818.2216141,"StatePla_1":3725855.5785241001,"Latitude":37.550823020000003,"Longitude":-77.434425009999998,"CreatedBy":" ","CreatedDat":" ","EditBy":"mortonrf","EditDate":"2015-01-07T08:21:53Z","Shape_Length_1":322.55302707405707,"Shape_Area_1":3374.4962423046377,"ID":null,"Address":"918 N 2nd St","Name":"Mount Carmel Baptist Church The Etals","Type__Business_or_Residences_":null,"Business_Type":null,"Identification":"Vacant","ID2level":"Vacant","Notes":null,"Shape_Length":322.55302707405707,"Shape_Area":3374.4962423046377}},{"type":"Feature","id":75,"geometry":{"type":"Polygon","coordinates":[[[-77.433954974757597,37.550417247043541],[-77.434292433257298,37.55062161541133],[-77.434346042703424,37.550563424792919],[-77.434008912637054,37.550359927286841],[-77.433954974757597,37.550417247043541]]]},"properties":{"OBJECTID":75,"AddressLab":"915 N 2nd St","OwnerName":"E L S Construction Va Llc","ParcelID":51991,"PIN":"N0000069026","CountOfPIN":1,"AsrLocatio":"915","MailAddres":"7734 Whitepine Rd Ste A","LandUse":"Vacant","MailCity":"N Chesterfield","MailState":"VA","MailZip":"23237","Assessment":"2026-01-01T00:00:00Z","LandValue":27000,"DwellingVa":0,"TotalValue":27000,"LandSqFt":2956.1599999999999,"ProvalAsmt":"430","TaxExemptC":" ","PropertyCl":"401","Property_1":"B Commercial Vacant Land","Mailable":0,"MaskedOwne":" ","OBJECTID_1":30738,"GlobalID":"0ad24a43-94a4-4c8f-9d80-cbde36d9d753","City":"Richmond","State":"VA","Shape__Are":3213.85546875,"Shape__Len":297.91619029485685,"OBJECTID_1_1":78,"Join_Count":1,"TARGET_FID":78,"OBJECTID_1_12":null,"AddressId":"1109678","BuildingNu":"915","StreetDire":"N","StreetName":"2nd","StreetType":"St","ExtensionW":" ","UnitType":" ","UnitValue":" ","ZipCode":"23219","Mailable_1":"No","StatePlane":11791875.5669719,"StatePla_1":3725748.7549188598,"Latitude":37.550527879999997,"Longitude":-77.434231370000006,"CreatedBy":" ","CreatedDat":" ","EditBy":"parkerca","EditDate":"2011-10-20T15:22:22Z","Shape_Length_1":297.91619027409632,"Shape_Area_1":3213.8539554608724,"ID":null,"Address":"915 N 2nd St","Name":"E L S Construction Va Llc","Type__Business_or_Residences_":null,"Business_Type":null,"Identification":"Vacant","ID2level":"Vacant","Notes":null,"Shape_Length":297.91619027409632,"Shape_Area":3213.8539554608724}},{"type":"Feature","id":76,"geometry":{"type":"Polygon","coordinates":[[[-77.43876835167967,37.54558666832429],[-77.438947997989828,37.545688526425074],[-77.439173030614299,37.545451232040527],[-77.438693689840093,37.54515982508871],[-77.438469088495296,37.545396665587887],[-77.438774564401413,37.54558012246801],[-77.43876835167967,37.54558666832429]]]},"properties":{"OBJECTID":76,"AddressLab":"200 E Marshall St","OwnerName":"Snp 200 E Marshall Llc C/o Snp Properties Llc","ParcelID":420264,"PIN":"N0000038025","CountOfPIN":1,"AsrLocatio":"200","MailAddres":"2 W Marshall St #100","LandUse":"Multi-Family","MailCity":"Richmond","MailState":"VA","MailZip":"23220","Assessment":"2026-01-01T00:00:00Z","LandValue":2631000,"DwellingVa":41000,"TotalValue":2672000,"LandSqFt":32875.139999999999,"ProvalAsmt":"503","TaxExemptC":" ","PropertyCl":"306","Property_1":"R Apartment Parking Lot/Deck","Mailable":0,"MaskedOwne":" ","OBJECTID_1":30877,"GlobalID":"fe3e9db7-c407-4212-8579-b725d96c9129","City":"Richmond","State":"VA","Shape__Are":32073.2578125,"Shape__Len":916.89740523112584,"OBJECTID_1_1":79,"Join_Count":1,"TARGET_FID":79,"OBJECTID_1_12":null,"AddressId":"2017586","BuildingNu":"200","StreetDire":"E","StreetName":"Marshall","StreetType":"St","ExtensionW":" ","UnitType":" ","UnitValue":" ","ZipCode":"23219","Mailable_1":"No","StatePlane":11790528.632329799,"StatePla_1":3723845.0608915999,"Latitude":37.5453416,"Longitude":-77.438951099999997,"CreatedBy":" ","CreatedDat":" ","EditBy":"parkerca","EditDate":"2011-11-01T08:49:23Z","Shape_Length_1":569.0294230772538,"Shape_Area_1":18938.636344377253,"ID":null,"Address":"200 E Marshall St","Name":"Snp 200 E Marshall Llc C/o Snp Properties Llc","Type__Business_or_Residences_":null,"Business_Type":null,"Identification":"Residential","ID2level":"Residential","Notes":null,"Shape_Length":569.0294230772538,"Shape_Area":18938.636344377253}},{"type":"Feature","id":77,"geometry":{"type":"Polygon","coordinates":[[[-77.436510055003737,37.547073284641776],[-77.436396639218287,37.547192934595593],[-77.43658786441982,37.547310513480284],[-77.436898333325388,37.547488136582551],[-77.43700826450015,37.547372461212689],[-77.436510055003737,37.547073284641776]]]},"properties":{"OBJECTID":77,"AddressLab":"210 E Leigh St","OwnerName":"212 E Leigh Llc","ParcelID":22631,"PIN":"N0000040021","CountOfPIN":2,"AsrLocatio":"210","MailAddres":"212 E Leigh St Apt 1","LandUse":"Multi-Family","MailCity":"Richmond","MailState":"VA","MailZip":"23219","Assessment":"2026-01-01T00:00:00Z","LandValue":945000,"DwellingVa":2371000,"TotalValue":3316000,"LandSqFt":39976.120000000003,"ProvalAsmt":"507","TaxExemptC":" ","PropertyCl":"335","Property_1":"R Apt/Comm Mixed Use 5-49 Unit","Mailable":1,"MaskedOwne":" ","OBJECTID_1":30879,"GlobalID":"72486fa5-fde5-46f8-a792-d93a06699b01","City":"Richmond","State":"VA","Shape__Are":40127.82421875,"Shape__Len":913.44030146090734,"OBJECTID_1_1":80,"Join_Count":1,"TARGET_FID":80,"OBJECTID_1_12":null,"AddressId":"1060654","BuildingNu":"210","StreetDire":"E","StreetName":"Leigh","StreetType":"St","ExtensionW":" ","UnitType":" ","UnitValue":" ","ZipCode":"23219","Mailable_1":"Yes","StatePlane":11791161.8600659,"StatePla_1":3724539.31311202,"Latitude":37.547228599999997,"Longitude":-77.436740119999996,"CreatedBy":" ","CreatedDat":" ","EditBy":"parkerca","EditDate":"2011-11-02T10:00:00Z","Shape_Length_1":469.19048733711315,"Shape_Area_1":9847.0534961217745,"ID":null,"Address":"210 E Leigh St","Name":"212 E Leigh Llc","Type__Business_or_Residences_":null,"Business_Type":null,"Identification":"Residential","ID2level":"Residential","Notes":null,"Shape_Length":469.19048733711315,"Shape_Area":9847.0534961217745}},{"type":"Feature","id":78,"geometry":{"type":"Polygon","coordinates":[[[-77.439668408777763,37.545236218363918],[-77.439853138533181,37.545349830370206],[-77.439859466242936,37.5453433080135],[-77.43991960048767,37.545282420358916],[-77.439731415451462,37.545169467796718],[-77.439668408777763,37.545236218363918]]]},"properties":{"OBJECTID":78,"AddressLab":"314 N 2nd St","OwnerName":"Jamal's Standard Drug Store Llc","ParcelID":29317,"PIN":"N0000060015","CountOfPIN":1,"AsrLocatio":"314","MailAddres":"655 New York Ave Nw, Suite 830","LandUse":"Mixed-Use","MailCity":"Washington","MailState":"DC","MailZip":"20001","Assessment":"2026-01-01T00:00:00Z","LandValue":118000,"DwellingVa":371000,"TotalValue":489000,"LandSqFt":2071.6399999999999,"ProvalAsmt":"411","TaxExemptC":" ","PropertyCl":"450","Property_1":"B Mixed Use","Mailable":1,"MaskedOwne":" ","OBJECTID_1":30882,"GlobalID":"bf846599-c4c2-4464-95dd-44cbc241099c","City":"Richmond","State":"VA","Shape__Are":2094.109375,"Shape__Len":197.60533265887986,"OBJECTID_1_1":81,"Join_Count":3,"TARGET_FID":81,"OBJECTID_1_12":null,"AddressId":"1109530","BuildingNu":"314","StreetDire":"N","StreetName":"2nd","StreetType":"St","ExtensionW":" ","UnitType":" ","UnitValue":" ","ZipCode":"23219","Mailable_1":"Yes","StatePlane":11790309.731848899,"StatePla_1":3723795.3201774401,"Latitude":37.545211760000001,"Longitude":-77.439708019999998,"CreatedBy":" ","CreatedDat":" ","EditBy":"parkerca","EditDate":"2011-10-20T15:20:19Z","Shape_Length_1":197.60533264098257,"Shape_Area_1":2094.1129296994527,"ID":null,"Address":"314 N 2nd St","Name":"Jamal's Standard Drug Store Llc","Type__Business_or_Residences_":null,"Business_Type":null,"Identification":"Commercial","ID2level":"Unknown","Notes":null,"Shape_Length":197.60533264098257,"Shape_Area":2094.1129296994527}},{"type":"Feature","id":79,"geometry":{"type":"Polygon","coordinates":[[[-77.438458252151506,37.547010381960639],[-77.438527086611529,37.547051723508162],[-77.438562884181295,37.547073224373257],[-77.438569116726185,37.54706664716764],[-77.438617434278029,37.547015647592872],[-77.438207125152772,37.546769222520759],[-77.438158808638008,37.54682022013926],[-77.438464474592337,37.547003799263337],[-77.438458252151506,37.547010381960639]]]},"properties":{"OBJECTID":79,"AddressLab":"514 N 2nd St","OwnerName":"Stallings Ronald A","ParcelID":98537,"PIN":"N0000062021","CountOfPIN":1,"AsrLocatio":"514","MailAddres":"402 1/2 N 2nd St","LandUse":"Commercial","MailCity":"Richmond","MailState":"VA","MailZip":"23219","Assessment":"2026-01-01T00:00:00Z","LandValue":192000,"DwellingVa":4000,"TotalValue":196000,"LandSqFt":3465.7399999999998,"ProvalAsmt":"411","TaxExemptC":" ","PropertyCl":"406","Property_1":"B Paved Surface Parking","Mailable":0,"MaskedOwne":" ","OBJECTID_1":30886,"GlobalID":"7068ce0c-673f-4c9e-be32-f7ec8f2da885","City":"Richmond","State":"VA","Shape__Are":3579.7265625,"Shape__Len":350.51682012866814,"OBJECTID_1_1":82,"Join_Count":1,"TARGET_FID":82,"OBJECTID_1_12":null,"AddressId":"2017707","BuildingNu":"514","StreetDire":"N","StreetName":"2nd","StreetType":"St","ExtensionW":" ","UnitType":" ","UnitValue":" ","ZipCode":"23219","Mailable_1":"No","StatePlane":11790684.8206657,"StatePla_1":3724418.60961327,"Latitude":37.546911870000002,"Longitude":-77.438390159999997,"CreatedBy":" ","CreatedDat":" ","EditBy":"parkerca","EditDate":"2011-10-20T15:17:01Z","Shape_Length_1":350.51682008384239,"Shape_Area_1":3579.7351744513717,"ID":null,"Address":"514 N 2nd St","Name":"Stallings Ronald A","Type__Business_or_Residences_":null,"Business_Type":null,"Identification":"Commercial","ID2level":"Parking Lot","Notes":null,"Shape_Length":350.51682008384239,"Shape_Area":3579.7351744513717}},{"type":"Feature","id":80,"geometry":{"type":"Polygon","coordinates":[[[-77.434396352343967,37.550168804700149],[-77.434597528342721,37.550290441851807],[-77.434639348368066,37.550245047122424],[-77.434428500409524,37.55011764888576],[-77.434385691791093,37.550162359733164],[-77.434396352343967,37.550168804700149]]]},"properties":{"OBJECTID":80,"AddressLab":"901 N 2nd St","OwnerName":"Motley Victor","ParcelID":16579,"PIN":"N0000069021","CountOfPIN":1,"AsrLocatio":"901","MailAddres":"Po Box 25786","LandUse":"Vacant","MailCity":"Richmond","MailState":"VA","MailZip":"23260","Assessment":"2026-01-01T00:00:00Z","LandValue":15000,"DwellingVa":0,"TotalValue":15000,"LandSqFt":1573.3800000000001,"ProvalAsmt":"430","TaxExemptC":" ","PropertyCl":"401","Property_1":"B Commercial Vacant Land","Mailable":0,"MaskedOwne":" ","OBJECTID_1":30891,"GlobalID":"62036569-4317-4a9c-b657-97c39c9aacb3","City":"Richmond","State":"VA","Shape__Are":1575.625,"Shape__Len":194.81542054899515,"OBJECTID_1_1":83,"Join_Count":1,"TARGET_FID":83,"OBJECTID_1_12":null,"AddressId":"0109660","BuildingNu":"901","StreetDire":"N","StreetName":"2nd","StreetType":"St","ExtensionW":" ","UnitType":" ","UnitValue":" ","ZipCode":"23219","Mailable_1":"No","StatePlane":11791785.412952701,"StatePla_1":3725632.1009526802,"Latitude":37.550210319999998,"Longitude":-77.434546879999999,"CreatedBy":" ","CreatedDat":" ","EditBy":"mortonrf","EditDate":"2016-01-27T11:14:00Z","Shape_Length_1":194.81542053141874,"Shape_Area_1":1575.6209525539675,"ID":null,"Address":"901 N 2nd St","Name":"Motley Victor","Type__Business_or_Residences_":null,"Business_Type":null,"Identification":"Vacant","ID2level":"Vacant","Notes":null,"Shape_Length":194.81542053141874,"Shape_Area":1575.6209525539675}},{"type":"Feature","id":81,"geometry":{"type":"Polygon","coordinates":[[[-77.437337449782362,37.546963449510777],[-77.43758336396786,37.547114307115983],[-77.437620563115146,37.547075865173937],[-77.437372543378132,37.546927209986691],[-77.437337449782362,37.546963449510777]]]},"properties":{"OBJECTID":81,"AddressLab":"535 N 2nd St","OwnerName":"Eggleston Plaza Ii Lp","ParcelID":400699,"PIN":"N0000039039","CountOfPIN":1,"AsrLocatio":"535","MailAddres":"927 Hull St","LandUse":"Mixed-Use","MailCity":"Richmond","MailState":"VA","MailZip":"23224","Assessment":"2026-01-01T00:00:00Z","LandValue":89000,"DwellingVa":249000,"TotalValue":338000,"LandSqFt":1590.3,"ProvalAsmt":"411","TaxExemptC":"620","PropertyCl":"450","Property_1":"B Mixed Use","Mailable":1,"MaskedOwne":" ","OBJECTID_1":31277,"GlobalID":"645d4bf4-e603-411c-951a-608ab952717e","City":"Richmond","State":"VA","Shape__Are":1544.8984375,"Shape__Len":214.33228908482062,"OBJECTID_1_1":84,"Join_Count":2,"TARGET_FID":84,"OBJECTID_1_12":null,"AddressId":"0109578","BuildingNu":"535","StreetDire":"N","StreetName":"2nd","StreetType":"St","ExtensionW":" ","UnitType":" ","UnitValue":" ","ZipCode":"23219","Mailable_1":"Yes","StatePlane":11790921.047227399,"StatePla_1":3724478.8243878498,"Latitude":37.547069929999999,"Longitude":-77.437573049999997,"CreatedBy":" ","CreatedDat":" ","EditBy":"parkerca","EditDate":"2011-10-20T15:21:38Z","Shape_Length_1":214.33228908178393,"Shape_Area_1":1544.900183069826,"ID":null,"Address":"535 N 2nd St","Name":"Moss Katina, Moss Ronni","Type__Business_or_Residences_":"Residential","Business_Type":null,"Identification":"Residential","ID2level":"Residential","Notes":null,"Shape_Length":214.33228908178393,"Shape_Area":1544.900183069826}},{"type":"Feature","id":82,"geometry":{"type":"Polygon","coordinates":[[[-77.435859157459163,37.54836484144618],[-77.436221301102805,37.548573290830198],[-77.436287085178407,37.548502952694946],[-77.435925983140393,37.548293687446915],[-77.435859157459163,37.54836484144618]]]},"properties":{"OBJECTID":82,"AddressLab":"707 N 2nd St","OwnerName":"Richmond Redevelopment And Housing Authority","ParcelID":38180,"PIN":"N0000041121","CountOfPIN":1,"AsrLocatio":"707","MailAddres":"600 E Broad St 4th Fl","LandUse":"Vacant","MailCity":"Richmond","MailState":"VA","MailZip":"23219","Assessment":"2026-01-01T00:00:00Z","LandValue":95000,"DwellingVa":0,"TotalValue":95000,"LandSqFt":3999,"ProvalAsmt":"218","TaxExemptC":"150","PropertyCl":"101","Property_1":"R Single Family Vacant (R1-R7)","Mailable":0,"MaskedOwne":" ","OBJECTID_1":31279,"GlobalID":"487e89b9-8e9c-433b-932a-509d43a95353","City":"Richmond","State":"VA","Shape__Are":4162.3828125,"Shape__Len":323.31262961123934,"OBJECTID_1_1":85,"Join_Count":1,"TARGET_FID":85,"OBJECTID_1_12":null,"AddressId":"2017658","BuildingNu":"707","StreetDire":"N","StreetName":"2nd","StreetType":"St","ExtensionW":" ","UnitType":" ","UnitValue":" ","ZipCode":"23219","Mailable_1":"No","StatePlane":11791350.982062999,"StatePla_1":3724977.4556084401,"Latitude":37.548425979999998,"Longitude":-77.436070779999994,"CreatedBy":" ","CreatedDat":" ","EditBy":"parkerca","EditDate":"2011-10-20T15:16:58Z","Shape_Length_1":323.3126295868891,"Shape_Area_1":4162.3859727049412,"ID":null,"Address":"707 N 2nd St","Name":"Richmond Redevelopment And Housing Authority","Type__Business_or_Residences_":null,"Business_Type":null,"Identification":"Vacant","ID2level":"Vacant","Notes":null,"Shape_Length":323.3126295868891,"Shape_Area":4162.3859727049412}},{"type":"Feature","id":83,"geometry":{"type":"Polygon","coordinates":[[[-77.436934640530083,37.548118846178241],[-77.436770787062159,37.548298275601738],[-77.436949878803205,37.548403364810589],[-77.437116003052438,37.548227648213555],[-77.437119388971283,37.548224066955491],[-77.436934640530083,37.548118846178241]]]},"properties":{"OBJECTID":83,"AddressLab":"630 N 2nd St","OwnerName":"Alx Family Properties Llc","ParcelID":6730,"PIN":"N0000064005","CountOfPIN":1,"AsrLocatio":"630","MailAddres":"9211 Quioccasin Rd","LandUse":"Vacant","MailCity":"Richmond","MailState":"VA","MailZip":"23229","Assessment":"2026-01-01T00:00:00Z","LandValue":265000,"DwellingVa":0,"TotalValue":265000,"LandSqFt":4879,"ProvalAsmt":"411","TaxExemptC":" ","PropertyCl":"401","Property_1":"B Commercial Vacant Land","Mailable":0,"MaskedOwne":" ","OBJECTID_1":31287,"GlobalID":"f73dd65c-0985-4e01-ba08-cfab10e82605","City":"Richmond","State":"VA","Shape__Are":5294.58984375,"Shape__Len":292.83951169341697,"OBJECTID_1_1":87,"Join_Count":1,"TARGET_FID":87,"OBJECTID_1_12":null,"AddressId":"0109600","BuildingNu":"630","StreetDire":"N","StreetName":"2nd","StreetType":"St","ExtensionW":" ","UnitType":" ","UnitValue":" ","ZipCode":"23219","Mailable_1":"No","StatePlane":11791105.666608799,"StatePla_1":3724921.7952866801,"Latitude":37.548280720000001,"Longitude":-77.436919079999996,"CreatedBy":" ","CreatedDat":" ","EditBy":"parkerca","EditDate":"2011-10-20T15:22:07Z","Shape_Length_1":292.83951169014989,"Shape_Area_1":5294.587776024975,"ID":null,"Address":"630 N 2nd St","Name":"Alx Family Properties Llc","Type__Business_or_Residences_":null,"Business_Type":null,"Identification":"Vacant","ID2level":"Vacant","Notes":null,"Shape_Length":292.83951169014989,"Shape_Area":5294.587776024975}},{"type":"Feature","id":84,"geometry":{"type":"Polygon","coordinates":[[[-77.436934640530083,37.548118846178241],[-77.437119388971283,37.548224066955491],[-77.437158519502148,37.548182676051439],[-77.436973401219845,37.548076401334242],[-77.436934640530083,37.548118846178241]]]},"properties":{"OBJECTID":84,"AddressLab":"612 N 2nd St","OwnerName":"Alx Family Properties Llc","ParcelID":49019,"PIN":"N0000064009","CountOfPIN":1,"AsrLocatio":"612","MailAddres":"9211 Quioccasin Rd","LandUse":"Vacant","MailCity":"Richmond","MailState":"VA","MailZip":"23229","Assessment":"2026-01-01T00:00:00Z","LandValue":104000,"DwellingVa":0,"TotalValue":104000,"LandSqFt":1175.4000000000001,"ProvalAsmt":"411","TaxExemptC":" ","PropertyCl":"401","Property_1":"B Commercial Vacant Land","Mailable":0,"MaskedOwne":" ","OBJECTID_1":31288,"GlobalID":"d5ae9fc0-37a8-4832-b967-caec65229149","City":"Richmond","State":"VA","Shape__Are":1253.04296875,"Shape__Len":169.98716948885777,"OBJECTID_1_1":88,"Join_Count":1,"TARGET_FID":88,"OBJECTID_1_12":null,"AddressId":"2017727","BuildingNu":"612","StreetDire":"N","StreetName":"2nd","StreetType":"St","ExtensionW":" ","UnitType":" ","UnitValue":" ","ZipCode":"23219","Mailable_1":"No","StatePlane":11791071.002308,"StatePla_1":3724870.50897193,"Latitude":37.548140949999997,"Longitude":-77.437040629999998,"CreatedBy":" ","CreatedDat":" ","EditBy":"parkerca","EditDate":"2011-10-20T15:16:57Z","Shape_Length_1":169.98716947140426,"Shape_Area_1":1253.0407638720467,"ID":null,"Address":"612 N 2nd St","Name":"Alx Family Properties Llc","Type__Business_or_Residences_":null,"Business_Type":null,"Identification":"Vacant","ID2level":"Vacant","Notes":null,"Shape_Length":169.98716947140426,"Shape_Area":1253.0407638720467}},{"type":"Feature","id":85,"geometry":{"type":"Polygon","coordinates":[[[-77.434445081951623,37.550742573317265],[-77.434574299479749,37.550791765881712],[-77.434868519800631,37.550867808481399],[-77.434903929278477,37.55082466649629],[-77.434677002104294,37.550758117086446],[-77.434515242196085,37.550669406391691],[-77.434445081951623,37.550742573317265]]]},"properties":{"OBJECTID":85,"AddressLab":"914 N 2nd St","OwnerName":"Richmond Redevelopment And Housing Authority","ParcelID":7580,"PIN":"N0000068016","CountOfPIN":1,"AsrLocatio":"914","MailAddres":"600 E Broad St 4th Fl","LandUse":"Vacant","MailCity":"Richmond","MailState":"VA","MailZip":"23219","Assessment":"2026-01-01T00:00:00Z","LandValue":28000,"DwellingVa":0,"TotalValue":28000,"LandSqFt":2999.0599999999999,"ProvalAsmt":"430","TaxExemptC":"150","PropertyCl":"401","Property_1":"B Commercial Vacant Land","Mailable":0,"MaskedOwne":" ","OBJECTID_1":31292,"GlobalID":"4d7f42ba-5d76-459a-83a1-d0c0b2dcbd46","City":"Richmond","State":"VA","Shape__Are":3025.04296875,"Shape__Len":310.52907356299238,"OBJECTID_1_1":89,"Join_Count":1,"TARGET_FID":89,"OBJECTID_1_12":null,"AddressId":"2017768","BuildingNu":"914","StreetDire":"N","StreetName":"2nd","StreetType":"St","ExtensionW":" ","UnitType":" ","UnitValue":" ","ZipCode":"23219","Mailable_1":"No","StatePlane":11791790.4254099,"StatePla_1":3725816.3158073602,"Latitude":37.550716059999999,"Longitude":-77.434522419999993,"CreatedBy":" ","CreatedDat":" ","EditBy":"parkerca","EditDate":"2011-10-20T15:22:22Z","Shape_Length_1":310.52907358336876,"Shape_Area_1":3025.0410191279393,"ID":null,"Address":"914 N 2nd St","Name":"Richmond Redevelopment And Housing Authority","Type__Business_or_Residences_":null,"Business_Type":null,"Identification":"Vacant","ID2level":"Vacant","Notes":null,"Shape_Length":310.52907358336876,"Shape_Area":3025.0410191279393}},{"type":"Feature","id":86,"geometry":{"type":"Polygon","coordinates":[[[-77.434301988673781,37.550268194112924],[-77.434505731460632,37.550390086070266],[-77.434555708266842,37.550335836565992],[-77.434441718621358,37.550267480148868],[-77.434353113141526,37.550214346085099],[-77.434301988673781,37.550268194112924]]]},"properties":{"OBJECTID":86,"AddressLab":"905 N 2nd St","OwnerName":"Richmond Redevelopment And Housing Authority","ParcelID":66887,"PIN":"N0000069023","CountOfPIN":1,"AsrLocatio":"905","MailAddres":"600 E Broad St 4th Fl","LandUse":"Vacant","MailCity":"Richmond","MailState":"VA","MailZip":"23219","Assessment":"2026-01-01T00:00:00Z","LandValue":18000,"DwellingVa":0,"TotalValue":18000,"LandSqFt":1875,"ProvalAsmt":"430","TaxExemptC":"150","PropertyCl":"401","Property_1":"B Commercial Vacant Land","Mailable":0,"MaskedOwne":" ","OBJECTID_1":31294,"GlobalID":"c405549a-c284-4be5-9c1f-3fef01ec59ae","City":"Richmond","State":"VA","Shape__Are":1808.46875,"Shape__Len":196.48465300811111,"OBJECTID_1_1":90,"Join_Count":1,"TARGET_FID":90,"OBJECTID_1_12":null,"AddressId":"2017789","BuildingNu":"905","StreetDire":"N","StreetName":"2nd","StreetType":"St","ExtensionW":" ","UnitType":" ","UnitValue":" ","ZipCode":"23219","Mailable_1":"No","StatePlane":11791814.318406699,"StatePla_1":3725668.3252896802,"Latitude":37.550308909999998,"Longitude":-77.434445769999996,"CreatedBy":" ","CreatedDat":" ","EditBy":"parkerca","EditDate":"2011-10-20T15:22:22Z","Shape_Length_1":196.48465302561982,"Shape_Area_1":1808.4667236183516,"ID":null,"Address":"905 N 2nd St","Name":"Richmond Redevelopment And Housing Authority","Type__Business_or_Residences_":null,"Business_Type":null,"Identification":"Vacant","ID2level":"Vacant","Notes":null,"Shape_Length":196.48465302561982,"Shape_Area":1808.4667236183516}},{"type":"Feature","id":87,"geometry":{"type":"Polygon","coordinates":[[[-77.434062018502033,37.550303490313034],[-77.434399971645291,37.55050488559246],[-77.434454549933648,37.55044564303693],[-77.434116939863799,37.550245124159957],[-77.434062018502033,37.550303490313034]]]},"properties":{"OBJECTID":87,"AddressLab":"911 N 2nd St","OwnerName":"Richmond Redevelopment And Housing Authority","ParcelID":46815,"PIN":"N0000069025","CountOfPIN":1,"AsrLocatio":"911","MailAddres":"600 E Broad St 4th Fl","LandUse":"Vacant","MailCity":"Richmond","MailState":"VA","MailZip":"23219","Assessment":"2026-01-01T00:00:00Z","LandValue":30000,"DwellingVa":0,"TotalValue":30000,"LandSqFt":3348,"ProvalAsmt":"430","TaxExemptC":"150","PropertyCl":"401","Property_1":"B Commercial Vacant Land","Mailable":0,"MaskedOwne":" ","OBJECTID_1":31295,"GlobalID":"77740010-71ed-4106-9283-1916084c2b3c","City":"Richmond","State":"VA","Shape__Are":3258.05078125,"Shape__Len":297.78905559864893,"OBJECTID_1_1":91,"Join_Count":1,"TARGET_FID":91,"OBJECTID_1_12":null,"AddressId":"2017791","BuildingNu":"911","StreetDire":"N","StreetName":"2nd","StreetType":"St","ExtensionW":" ","UnitType":" ","UnitValue":" ","ZipCode":"23219","Mailable_1":"No","StatePlane":11791844.8006292,"StatePla_1":3725706.2520511001,"Latitude":37.550412110000003,"Longitude":-77.43433915,"CreatedBy":" ","CreatedDat":" ","EditBy":"parkerca","EditDate":"2011-10-20T15:22:22Z","Shape_Length_1":297.7890556195573,"Shape_Area_1":3258.0532062326702,"ID":null,"Address":"911 N 2nd St","Name":"Richmond Redevelopment And Housing Authority","Type__Business_or_Residences_":null,"Business_Type":null,"Identification":"Vacant","ID2level":"Vacant","Notes":null,"Shape_Length":297.7890556195573,"Shape_Area":3258.0532062326702}},{"type":"Feature","id":88,"geometry":{"type":"Polygon","coordinates":[[[-77.436360628607289,37.548058724574503],[-77.436579915495201,37.548187581041113],[-77.436642413390217,37.548122364827556],[-77.436424161218454,37.547991813774097],[-77.436360628607289,37.548058724574503]]]},"properties":{"OBJECTID":88,"AddressLab":"617 N 2nd St","OwnerName":"Manymorr Enterprises Llc","ParcelID":59228,"PIN":"N0000040035","CountOfPIN":1,"AsrLocatio":"617","MailAddres":"1806 Summit Ave #300","LandUse":"Commercial","MailCity":"Richmond","MailState":"VA","MailZip":"23230","Assessment":"2026-01-01T00:00:00Z","LandValue":136000,"DwellingVa":55000,"TotalValue":191000,"LandSqFt":2400,"ProvalAsmt":"411","TaxExemptC":" ","PropertyCl":"410","Property_1":"B General Retail/Service","Mailable":1,"MaskedOwne":" ","OBJECTID_1":31359,"GlobalID":"4df79914-19dc-4b68-8735-ea945eacb0c9","City":"Richmond","State":"VA","Shape__Are":2388.40234375,"Shape__Len":218.56304670965457,"OBJECTID_1_1":92,"Join_Count":1,"TARGET_FID":92,"OBJECTID_1_12":null,"AddressId":"0109599","BuildingNu":"617","StreetDire":"N","StreetName":"2nd","StreetType":"St","ExtensionW":" ","UnitType":" ","UnitValue":" ","ZipCode":"23219","Mailable_1":"Yes","StatePlane":11791204.03320989,"StatePla_1":3724867.8469037302,"Latitude":37.548129529999997,"Longitude":-77.436581899999993,"CreatedBy":" ","CreatedDat":" ","EditBy":"MORTONRF","EditDate":"2025-12-15T18:40:28Z","Shape_Length_1":218.56304673059481,"Shape_Area_1":2388.3999556001054,"ID":null,"Address":"617 N 2nd St","Name":"Manymorr Enterprises Llc","Type__Business_or_Residences_":null,"Business_Type":"Bar Social","Identification":"Commercial","ID2level":"Shop","Notes":null,"Shape_Length":218.56304673059481,"Shape_Area":2388.3999556001054}},{"type":"Feature","id":89,"geometry":{"type":"Polygon","coordinates":[[[-77.439310691240365,37.545609665300027],[-77.43956704816317,37.545765189859708],[-77.439567777520182,37.545765633417332],[-77.439621737101888,37.545708639310554],[-77.439363619219634,37.545553763224227],[-77.439310691240365,37.545609665300027]]]},"properties":{"OBJECTID":89,"AddressLab":"400 N 2nd St Rear","OwnerName":"Mangum Carolyn","ParcelID":99355,"PIN":"N0000061021","CountOfPIN":1,"AsrLocatio":"400","MailAddres":"3107 Cliff Ave","LandUse":"Commercial","MailCity":"Richmond","MailState":"VA","MailZip":"23222","Assessment":"2026-01-01T00:00:00Z","LandValue":132000,"DwellingVa":283000,"TotalValue":415000,"LandSqFt":2339.7399999999998,"ProvalAsmt":"411","TaxExemptC":" ","PropertyCl":"426","Property_1":"B Restaurant/Bar","Mailable":1,"MaskedOwne":" ","OBJECTID_1":31361,"GlobalID":"a416543a-edd7-4a1e-a31a-a3943478c2d3","City":"Richmond","State":"VA","Shape__Are":2411.83984375,"Shape__Len":238.88527045480666,"OBJECTID_1_1":93,"Join_Count":2,"TARGET_FID":93,"OBJECTID_1_12":null,"AddressId":"1109546","BuildingNu":"400","StreetDire":"N","StreetName":"2nd","StreetType":"St","ExtensionW":"Rear","UnitType":" ","UnitValue":" ","ZipCode":"23219","Mailable_1":"Yes","StatePlane":11790410.487880981,"StatePla_1":3723934.5088753998,"Latitude":37.545590900000001,"Longitude":-77.439355120000002,"CreatedBy":" ","CreatedDat":" ","EditBy":"MORTONRF","EditDate":"2025-12-12T15:05:55Z","Shape_Length_1":238.8852704787605,"Shape_Area_1":2411.8428172692425,"ID":null,"Address":"400 N 2nd St Rear","Name":"Mangum Carolyn","Type__Business_or_Residences_":null,"Business_Type":null,"Identification":"Commercial","ID2level":"Resturant","Notes":null,"Shape_Length":238.8852704787605,"Shape_Area":2411.8428172692425}},{"type":"Feature","id":90,"geometry":{"type":"Polygon","coordinates":[[[-77.436519492020309,37.54855418268621],[-77.436747470201993,37.548685364116551],[-77.436801498398594,37.548626700366142],[-77.436576266711597,37.548493144940991],[-77.436519492020309,37.54855418268621]]]},"properties":{"OBJECTID":90,"AddressLab":"706 N 2nd St","OwnerName":"700 N 2nd Street Llc","ParcelID":47362,"PIN":"N0000065022","CountOfPIN":1,"AsrLocatio":"706","MailAddres":"208 Westham Parkway","LandUse":"Duplex (2 Family)","MailCity":"Richmond","MailState":"VA","MailZip":"23229","Assessment":"2026-01-01T00:00:00Z","LandValue":90000,"DwellingVa":325000,"TotalValue":415000,"LandSqFt":2316.5,"ProvalAsmt":"218","TaxExemptC":" ","PropertyCl":"160","Property_1":"R Two Family Blt-As","Mailable":1,"MaskedOwne":" ","OBJECTID_1":31364,"GlobalID":"3b8b5f04-7ed0-47d6-916e-344d2dfdd7a4","City":"Richmond","State":"VA","Shape__Are":2205.75390625,"Shape__Len":217.10444546158004,"OBJECTID_1_1":94,"Join_Count":3,"TARGET_FID":94,"OBJECTID_1_12":null,"AddressId":"0109604","BuildingNu":"706","StreetDire":"N","StreetName":"2nd","StreetType":"St","ExtensionW":" ","UnitType":" ","UnitValue":" ","ZipCode":"23219","Mailable_1":"Yes","StatePlane":11791196.1021234,"StatePla_1":3725017.5788877802,"Latitude":37.548540959999997,"Longitude":-77.436603430000005,"CreatedBy":" ","CreatedDat":" ","EditBy":"parkerca","EditDate":"2011-10-20T15:20:23Z","Shape_Length_1":217.10444546489754,"Shape_Area_1":2205.7540303178062,"ID":null,"Address":"706 N 2nd St","Name":"700 N 2nd Street Llc","Type__Business_or_Residences_":null,"Business_Type":null,"Identification":"Residential","ID2level":"Residential","Notes":null,"Shape_Length":217.10444546489754,"Shape_Area":2205.7540303178062}},{"type":"Feature","id":91,"geometry":{"type":"Polygon","coordinates":[[[-77.438105029211485,37.546876983613771],[-77.438479537577265,37.547101910826584],[-77.438515336288901,37.547123411715987],[-77.438562884181295,37.547073224373257],[-77.438527086611529,37.547051723508162],[-77.438458252151506,37.547010381960639],[-77.438464474592337,37.547003799263337],[-77.438158808638008,37.54682022013926],[-77.438105029211485,37.546876983613771]]]},"properties":{"OBJECTID":91,"AddressLab":"516 N 2nd St","OwnerName":"Stallings Ronald A","ParcelID":98540,"PIN":"N0000062072","CountOfPIN":1,"AsrLocatio":"516","MailAddres":"402 1/2 N 2nd St","LandUse":"Multi-Family","MailCity":"Richmond","MailState":"VA","MailZip":"23219","Assessment":"2026-01-01T00:00:00Z","LandValue":30000,"DwellingVa":70000,"TotalValue":100000,"LandSqFt":1,"ProvalAsmt":"603","TaxExemptC":" ","PropertyCl":"211","Property_1":"R Condo Residential 12-49 Unit","Mailable":1,"MaskedOwne":" ","OBJECTID_1":31607,"GlobalID":"e9856bc4-5bbe-4214-ae58-4bd895255e8c","City":"Richmond","State":"VA","Shape__Are":3743.6171875,"Shape__Len":349.77617073659025,"OBJECTID_1_1":95,"Join_Count":14,"TARGET_FID":95,"OBJECTID_1_12":null,"AddressId":"0109563","BuildingNu":"516","StreetDire":"N","StreetName":"2nd","StreetType":"St","ExtensionW":" ","UnitType":" ","UnitValue":" ","ZipCode":"23219","Mailable_1":"No","StatePlane":11790755.284763601,"StatePla_1":3724397.9334735102,"Latitude":37.546852909999998,"Longitude":-77.438147920000006,"CreatedBy":" ","CreatedDat":" ","EditBy":"parkerca","EditDate":"2011-10-20T15:20:19Z","Shape_Length_1":349.77617075742842,"Shape_Area_1":3743.6157530736805,"ID":null,"Address":"516 N 2nd St","Name":null,"Type__Business_or_Residences_":"Mixed Use","Business_Type":"Thai Studio Restaurant, Treasures jewelers ","Identification":"Mixed Use","ID2level":"Restaurant / Shop / Residential","Notes":"There also an apartment with 13 units","Shape_Length":349.77617075742842,"Shape_Area":3743.6157530736805}},{"type":"Feature","id":92,"geometry":{"type":"Polygon","coordinates":[[[-77.438105029211485,37.546876983613771],[-77.438479537577265,37.547101910826584],[-77.438515336288901,37.547123411715987],[-77.438562884181295,37.547073224373257],[-77.438527086611529,37.547051723508162],[-77.438458252151506,37.547010381960639],[-77.438464474592337,37.547003799263337],[-77.438158808638008,37.54682022013926],[-77.438105029211485,37.546876983613771]]]},"properties":{"OBJECTID":92,"AddressLab":"516 N 2nd St","OwnerName":"Studio 516 Condominium Unit Owners Association","ParcelID":98540,"PIN":"N0000062078","CountOfPIN":1,"AsrLocatio":"516","MailAddres":"516 N 2nd St","LandUse":"Multi-Family","MailCity":"Richmond","MailState":"VA","MailZip":"23219","Assessment":"2026-01-01T00:00:00Z","LandValue":1000,"DwellingVa":1000,"TotalValue":2000,"LandSqFt":918.84000000000003,"ProvalAsmt":"603","TaxExemptC":"699","PropertyCl":"205","Property_1":"R Condo Common Area Main","Mailable":1,"MaskedOwne":" ","OBJECTID_1":31608,"GlobalID":"423fe2e4-f415-40fe-81f3-c5181c3b1f83","City":"Richmond","State":"VA","Shape__Are":3743.6171875,"Shape__Len":349.77617073659025,"OBJECTID_1_1":96,"Join_Count":14,"TARGET_FID":96,"OBJECTID_1_12":null,"AddressId":"0109563","BuildingNu":"516","StreetDire":"N","StreetName":"2nd","StreetType":"St","ExtensionW":" ","UnitType":" ","UnitValue":" ","ZipCode":"23219","Mailable_1":"No","StatePlane":11790755.284763601,"StatePla_1":3724397.9334735102,"Latitude":37.546852909999998,"Longitude":-77.438147920000006,"CreatedBy":" ","CreatedDat":" ","EditBy":"parkerca","EditDate":"2011-10-20T15:20:19Z","Shape_Length_1":349.77617075742842,"Shape_Area_1":3743.6157530736805,"ID":null,"Address":"516 N 2nd St","Name":null,"Type__Business_or_Residences_":"Mixed Use","Business_Type":"Thai Studio Restaurant, Treasures jewelers ","Identification":"Mixed Use","ID2level":"Restaurant / Shop / Residential","Notes":"There also an apartment with 13 units","Shape_Length":349.77617075742842,"Shape_Area":3743.6157530736805}},{"type":"Feature","id":93,"geometry":{"type":"Polygon","coordinates":[[[-77.436245622145179,37.548846883192873],[-77.436568151563975,37.549033747009091],[-77.436603236922295,37.548996824609333],[-77.436646842167562,37.54895094237343],[-77.436699469458787,37.548982041866061],[-77.436858861596676,37.548814326507241],[-77.436867170565208,37.548819237219476],[-77.43688798447134,37.548797336071011],[-77.436905130014623,37.5487786577036],[-77.436747470201993,37.548685364116551],[-77.436519492020309,37.54855418268621],[-77.436245622145179,37.548846883192873]]]},"properties":{"OBJECTID":93,"AddressLab":"714 N 2nd St","OwnerName":"Jackson Ward Multifamily Llc C/o Community Housing Inc","ParcelID":514271,"PIN":"N0000065012","CountOfPIN":1,"AsrLocatio":"726","MailAddres":"8403 Colesville Rd #1150","LandUse":"Multi-Family","MailCity":"Silver Spring","MailState":"MC","MailZip":"20910","Assessment":"2026-01-01T00:00:00Z","LandValue":925000,"DwellingVa":7120000,"TotalValue":8045000,"LandSqFt":26341,"ProvalAsmt":"503","TaxExemptC":"620","PropertyCl":"321","Property_1":"R Apartment 25-99 Units","Mailable":1,"MaskedOwne":" ","OBJECTID_1":31609,"GlobalID":"68ab283e-d5fa-4d16-99dc-8fcbfd53fc83","City":"Richmond","State":"VA","Shape__Are":26341.1171875,"Shape__Len":710.21835487531155,"OBJECTID_1_1":97,"Join_Count":1,"TARGET_FID":97,"OBJECTID_1_12":null,"AddressId":"1109612","BuildingNu":"714","StreetDire":"N","StreetName":"2nd","StreetType":"St","ExtensionW":" ","UnitType":" ","UnitValue":" ","ZipCode":"23219","Mailable_1":"Yes","StatePlane":11791215.1371904,"StatePla_1":3725121.4946904299,"Latitude":37.548825749999999,"Longitude":-77.436533740000002,"CreatedBy":" ","CreatedDat":" ","EditBy":"MORTONRF","EditDate":"2021-01-12T14:04:16Z","Shape_Length_1":541.84385844830888,"Shape_Area_1":17307.156173731924,"ID":null,"Address":"714 N 2nd St","Name":"Jackson Ward Multifamily Llc C/o Community Housing Inc","Type__Business_or_Residences_":null,"Business_Type":null,"Identification":"Residential","ID2level":"Residential","Notes":null,"Shape_Length":541.84385844830888,"Shape_Area":17307.156173731924}},{"type":"Feature","id":94,"geometry":{"type":"Polygon","coordinates":[[[-77.43619992588431,37.549074551703626],[-77.436409417834511,37.549200763224405],[-77.436603236922295,37.548996824609333],[-77.436646842167562,37.54895094237343],[-77.436699469458787,37.548982041866061],[-77.436858861596676,37.548814326507241],[-77.436867170565208,37.548819237219476],[-77.43688798447134,37.548797336071011],[-77.436905130014623,37.5487786577036],[-77.436747470201993,37.548685364116551],[-77.436519492020309,37.54855418268621],[-77.436073698132176,37.549030635714011],[-77.436180506442696,37.549094984735824],[-77.43619992588431,37.549074551703626]]]},"properties":{"OBJECTID":94,"AddressLab":"714 N 2nd St","OwnerName":"Jackson Ward Multifamily Llc C/o Community Housing Llc","ParcelID":514271,"PIN":"N0000065012B","CountOfPIN":1,"AsrLocatio":"726","MailAddres":"8403 Colesville Rd #1150","LandUse":"Multi-Family","MailCity":"Silver Spring","MailState":"MD","MailZip":"20910","Assessment":"2026-01-01T00:00:00Z","LandValue":925000,"DwellingVa":2633000,"TotalValue":3558000,"LandSqFt":26341,"ProvalAsmt":"503","TaxExemptC":" ","PropertyCl":"310","Property_1":"R Apartment 5-11 Units","Mailable":1,"MaskedOwne":" ","OBJECTID_1":31610,"GlobalID":"f2251199-88a5-4dd8-b48b-d41503d7d106","City":"Richmond","State":"VA","Shape__Are":26341.1171875,"Shape__Len":710.21835487531155,"OBJECTID_1_1":98,"Join_Count":2,"TARGET_FID":98,"OBJECTID_1_12":null,"AddressId":"1109612","BuildingNu":"714","StreetDire":"N","StreetName":"2nd","StreetType":"St","ExtensionW":" ","UnitType":" ","UnitValue":" ","ZipCode":"23219","Mailable_1":"Yes","StatePlane":11791215.1371904,"StatePla_1":3725121.4946904299,"Latitude":37.548825749999999,"Longitude":-77.436533740000002,"CreatedBy":" ","CreatedDat":" ","EditBy":"MORTONRF","EditDate":"2021-01-12T14:04:16Z","Shape_Length_1":710.21835486894634,"Shape_Area_1":26341.120739382859,"ID":null,"Address":"714 N 2nd St","Name":"Jackson Ward Multifamily Llc C/o Community Housing Inc","Type__Business_or_Residences_":null,"Business_Type":null,"Identification":"Residential","ID2level":"Residential","Notes":null,"Shape_Length":710.21835486894634,"Shape_Area":26341.120739382859}},{"type":"Feature","id":95,"geometry":{"type":"Polygon","coordinates":[[[-77.438105029211485,37.546876983613771],[-77.438479537577265,37.547101910826584],[-77.438515336288901,37.547123411715987],[-77.438562884181295,37.547073224373257],[-77.438527086611529,37.547051723508162],[-77.438458252151506,37.547010381960639],[-77.438464474592337,37.547003799263337],[-77.438158808638008,37.54682022013926],[-77.438105029211485,37.546876983613771]]]},"properties":{"OBJECTID":95,"AddressLab":"516 N 2nd St","OwnerName":"Nelms Wesley And Michelle Family Trust Trustees","ParcelID":98540,"PIN":"N0000062077","CountOfPIN":1,"AsrLocatio":"516","MailAddres":"9337 Guenevere Pl","LandUse":"Multi-Family","MailCity":"Mechanicsville","MailState":"VA","MailZip":"23116","Assessment":"2026-01-01T00:00:00Z","LandValue":30000,"DwellingVa":70000,"TotalValue":100000,"LandSqFt":1,"ProvalAsmt":"603","TaxExemptC":" ","PropertyCl":"211","Property_1":"R Condo Residential 12-49 Unit","Mailable":1,"MaskedOwne":" ","OBJECTID_1":31991,"GlobalID":"9451b07d-0302-4b4e-a6bd-3789be3a2eb3","City":"Richmond","State":"VA","Shape__Are":3743.6171875,"Shape__Len":349.77617073659025,"OBJECTID_1_1":99,"Join_Count":14,"TARGET_FID":99,"OBJECTID_1_12":null,"AddressId":"0109563","BuildingNu":"516","StreetDire":"N","StreetName":"2nd","StreetType":"St","ExtensionW":" ","UnitType":" ","UnitValue":" ","ZipCode":"23219","Mailable_1":"No","StatePlane":11790755.284763601,"StatePla_1":3724397.9334735102,"Latitude":37.546852909999998,"Longitude":-77.438147920000006,"CreatedBy":" ","CreatedDat":" ","EditBy":"parkerca","EditDate":"2011-10-20T15:20:19Z","Shape_Length_1":349.77617075742842,"Shape_Area_1":3743.6157530736805,"ID":null,"Address":"516 N 2nd St","Name":null,"Type__Business_or_Residences_":"Mixed Use","Business_Type":"Thai Studio Restaurant, Treasures jewelers ","Identification":"Mixed Use","ID2level":"Restaurant / Shop / Residential","Notes":"There also an apartment with 13 units","Shape_Length":349.77617075742842,"Shape_Area":3743.6157530736805}},{"type":"Feature","id":96,"geometry":{"type":"Polygon","coordinates":[[[-77.434622925735681,37.550990498998303],[-77.434742538617016,37.551021300114662],[-77.434790146858163,37.5509632950765],[-77.434396823851358,37.55086723940299],[-77.434346875607133,37.550846483288097],[-77.43429960903498,37.550896496659249],[-77.434389840581773,37.550945237178297],[-77.434442306690087,37.550967302673435],[-77.434450069671769,37.550945987521366],[-77.434509355039978,37.550961254192302],[-77.434567706721225,37.550976279959357],[-77.434622925735681,37.550990498998303]]]},"properties":{"OBJECTID":96,"AddressLab":"920 N 2nd St","OwnerName":"Richmond Redevelopment And Housing Authority","ParcelID":28080,"PIN":"N0000068013","CountOfPIN":1,"AsrLocatio":"920","MailAddres":"600 E Broad St 4th Fl","LandUse":"Vacant","MailCity":"Richmond","MailState":"VA","MailZip":"23219","Assessment":"2026-01-01T00:00:00Z","LandValue":30000,"DwellingVa":0,"TotalValue":30000,"LandSqFt":3326.0500000000002,"ProvalAsmt":"430","TaxExemptC":"150","PropertyCl":"401","Property_1":"B Commercial Vacant Land","Mailable":0,"MaskedOwne":" ","OBJECTID_1":31994,"GlobalID":"c5b9a6eb-03b0-423b-bb33-6e8ff9d1a1f6","City":"Richmond","State":"VA","Shape__Are":3338.6875,"Shape__Len":329.62333045231856,"OBJECTID_1_1":100,"Join_Count":1,"TARGET_FID":100,"OBJECTID_1_12":null,"AddressId":"2028133","BuildingNu":"920","StreetDire":"N","StreetName":"2nd","StreetType":"St","ExtensionW":" ","UnitType":" ","UnitValue":" ","ZipCode":"23219","Mailable_1":"No","StatePlane":11791832.7694853,"StatePla_1":3725878.03090702,"Latitude":37.550884230000001,"Longitude":-77.434373960000002,"CreatedBy":" ","CreatedDat":" ","EditBy":"mortonrf","EditDate":"2015-01-07T08:21:44Z","Shape_Length_1":329.62333044751574,"Shape_Area_1":3338.6840554760374,"ID":null,"Address":"920 N 2nd St","Name":"Richmond Redevelopment And Housing Authority","Type__Business_or_Residences_":null,"Business_Type":null,"Identification":"Vacant","ID2level":"Vacant","Notes":null,"Shape_Length":329.62333044751574,"Shape_Area":3338.6840554760374}},{"type":"Feature","id":97,"geometry":{"type":"Polygon","coordinates":[[[-77.434405384191905,37.550784576384444],[-77.434452837990207,37.55080868197615],[-77.434838044075164,37.55090493938377],[-77.434868519800631,37.550867808481399],[-77.434574299479749,37.550791765881712],[-77.434445081951623,37.550742573317265],[-77.434405384191905,37.550784576384444]]]},"properties":{"OBJECTID":97,"AddressLab":"916 N 2nd St","OwnerName":"Richmond Redevelopment And Housing Authority","ParcelID":17423,"PIN":"N0000068015","CountOfPIN":1,"AsrLocatio":"916","MailAddres":"600 E Broad St 4th Fl","LandUse":"Vacant","MailCity":"Richmond","MailState":"VA","MailZip":"23219","Assessment":"2026-01-01T00:00:00Z","LandValue":21000,"DwellingVa":0,"TotalValue":21000,"LandSqFt":2253.5300000000002,"ProvalAsmt":"430","TaxExemptC":"150","PropertyCl":"401","Property_1":"B Commercial Vacant Land","Mailable":0,"MaskedOwne":" ","OBJECTID_1":31995,"GlobalID":"900b4ac4-170f-468e-8365-bb3a61522176","City":"Richmond","State":"VA","Shape__Are":2246.28515625,"Shape__Len":299.84801266745751,"OBJECTID_1_1":101,"Join_Count":1,"TARGET_FID":101,"OBJECTID_1_12":null,"AddressId":"2017767","BuildingNu":"916","StreetDire":"N","StreetName":"2nd","StreetType":"St","ExtensionW":" ","UnitType":" ","UnitValue":" ","ZipCode":"23219","Mailable_1":"No","StatePlane":11791805.5339754,"StatePla_1":3725837.88597418,"Latitude":37.550774830000002,"Longitude":-77.434469460000003,"CreatedBy":" ","CreatedDat":" ","EditBy":"mortonrf","EditDate":"2015-01-07T08:22:01Z","Shape_Length_1":299.84801265223791,"Shape_Area_1":2246.2846043334634,"ID":null,"Address":"916 N 2nd St","Name":"Richmond Redevelopment And Housing Authority","Type__Business_or_Residences_":null,"Business_Type":null,"Identification":"Vacant","ID2level":"Vacant","Notes":null,"Shape_Length":299.84801265223791,"Shape_Area":2246.2846043334634}},{"type":"Feature","id":98,"geometry":{"type":"Polygon","coordinates":[[[-77.434630204302195,37.55054736441064],[-77.434832385152575,37.550645713116772],[-77.435027438614441,37.550675682320673],[-77.435117597823904,37.55060516819443],[-77.435079202065481,37.550592854927082],[-77.435004009316444,37.550568741924963],[-77.434930076226493,37.550545033069838],[-77.434700954487923,37.55047183638591],[-77.434630204302195,37.55054736441064]]]},"properties":{"OBJECTID":98,"AddressLab":"906 N 2nd St","OwnerName":"E L S Construction Va Llc","ParcelID":62172,"PIN":"N0000068019","CountOfPIN":1,"AsrLocatio":"906","MailAddres":"7734 Whitepine Rd Ste A","LandUse":"Vacant","MailCity":"N Chesterfield","MailState":"VA","MailZip":"23237","Assessment":"2026-01-01T00:00:00Z","LandValue":42000,"DwellingVa":0,"TotalValue":42000,"LandSqFt":4969,"ProvalAsmt":"430","TaxExemptC":" ","PropertyCl":"401","Property_1":"B Commercial Vacant Land","Mailable":0,"MaskedOwne":" ","OBJECTID_1":31996,"GlobalID":"e8a49f1b-5129-4acd-8d64-db76ef5b96fb","City":"Richmond","State":"VA","Shape__Are":4943.0859375,"Shape__Len":327.39633653637657,"OBJECTID_1_1":102,"Join_Count":1,"TARGET_FID":102,"OBJECTID_1_12":null,"AddressId":"1109668","BuildingNu":"906","StreetDire":"N","StreetName":"2nd","StreetType":"St","ExtensionW":" ","UnitType":" ","UnitValue":" ","ZipCode":"23219","Mailable_1":"No","StatePlane":11791738.747363601,"StatePla_1":3725740.2349227699,"Latitude":37.550508729999997,"Longitude":-77.434703630000001,"CreatedBy":" ","CreatedDat":" ","EditBy":"mortonrf","EditDate":"2015-02-02T16:23:55Z","Shape_Length_1":327.39633655893806,"Shape_Area_1":4943.0876266724617,"ID":null,"Address":"906 N 2nd St","Name":"E L S Construction Va Llc","Type__Business_or_Residences_":null,"Business_Type":null,"Identification":"Vacant","ID2level":"Vacant","Notes":null,"Shape_Length":327.39633655893806,"Shape_Area":4943.0876266724617}},{"type":"Feature","id":99,"geometry":{"type":"Polygon","coordinates":[[[-77.434353113141526,37.550214346085099],[-77.434441718621358,37.550267480148868],[-77.434555708266842,37.550335836565992],[-77.434597528342721,37.550290441851807],[-77.434396352343967,37.550168804700149],[-77.434353113141526,37.550214346085099]]]},"properties":{"OBJECTID":99,"AddressLab":"903 N 2nd St","OwnerName":"Richmond Redevelopment And Housing Authority","ParcelID":16512,"PIN":"N0000069022","CountOfPIN":1,"AsrLocatio":"903","MailAddres":"600 E Broad St 4th Fl","LandUse":"Vacant","MailCity":"Richmond","MailState":"VA","MailZip":"23219","Assessment":"2026-01-01T00:00:00Z","LandValue":15000,"DwellingVa":0,"TotalValue":15000,"LandSqFt":1500,"ProvalAsmt":"430","TaxExemptC":"150","PropertyCl":"401","Property_1":"B Commercial Vacant Land","Mailable":0,"MaskedOwne":" ","OBJECTID_1":31998,"GlobalID":"26306f33-ab94-40e1-afe0-8a39f2ec7508","City":"Richmond","State":"VA","Shape__Are":1514.67578125,"Shape__Len":188.04546732505869,"OBJECTID_1_1":103,"Join_Count":1,"TARGET_FID":103,"OBJECTID_1_12":null,"AddressId":"0109664","BuildingNu":"903","StreetDire":"N","StreetName":"2nd","StreetType":"St","ExtensionW":" ","UnitType":" ","UnitValue":" ","ZipCode":"23219","Mailable_1":"No","StatePlane":11791801.0507167,"StatePla_1":3725650.0297225998,"Latitude":37.550259070000003,"Longitude":-77.434492239999997,"CreatedBy":" ","CreatedDat":" ","EditBy":"parkerca","EditDate":"2011-10-20T15:22:22Z","Shape_Length_1":188.04546734591281,"Shape_Area_1":1514.6784311182084,"ID":null,"Address":"903 N 2nd St","Name":"Richmond Redevelopment And Housing Authority","Type__Business_or_Residences_":null,"Business_Type":null,"Identification":"Vacant","ID2level":"Vacant","Notes":null,"Shape_Length":188.04546734591281,"Shape_Area":1514.6784311182084}},{"type":"Feature","id":100,"geometry":{"type":"Polygon","coordinates":[[[-77.434551704691103,37.55062975312093],[-77.434926543518358,37.550797119348957],[-77.434969220056971,37.550745119025066],[-77.434822860213686,37.550679479190798],[-77.434813743525467,37.550684438945588],[-77.434759015845941,37.550652256462399],[-77.434728354122853,37.550645498466238],[-77.43471823117406,37.550657651669553],[-77.434590098100088,37.550589133187856],[-77.434551704691103,37.55062975312093]]]},"properties":{"OBJECTID":100,"AddressLab":"910 N 2nd St","OwnerName":"M T A Investments Llc","ParcelID":60338,"PIN":"N0000068017","CountOfPIN":1,"AsrLocatio":"912","MailAddres":"3257 E Weyburn Rd","LandUse":"Vacant","MailCity":"Richmond","MailState":"VA","MailZip":"23235","Assessment":"2026-01-01T00:00:00Z","LandValue":41000,"DwellingVa":0,"TotalValue":41000,"LandSqFt":4821.2799999999997,"ProvalAsmt":"430","TaxExemptC":" ","PropertyCl":"401","Property_1":"B Commercial Vacant Land","Mailable":0,"MaskedOwne":" ","OBJECTID_1":32059,"GlobalID":"9521e0b5-fc16-4fe5-bdea-1c99704b5882","City":"Richmond","State":"VA","Shape__Are":4831.2421875,"Shape__Len":329.02890872461882,"OBJECTID_1_1":104,"Join_Count":1,"TARGET_FID":104,"OBJECTID_1_12":null,"AddressId":"2017769","BuildingNu":"910","StreetDire":"N","StreetName":"2nd","StreetType":"St","ExtensionW":" ","UnitType":" ","UnitValue":" ","ZipCode":"23219","Mailable_1":"No","StatePlane":11791768.0770294,"StatePla_1":3725782.5383158498,"Latitude":37.550623989999998,"Longitude":-77.43460082,"CreatedBy":" ","CreatedDat":" ","EditBy":"parkerca","EditDate":"2011-10-20T15:19:23Z","Shape_Length_1":296.61692809207199,"Shape_Area_1":2482.5479115431199,"ID":null,"Address":"910 N 2nd St","Name":"M T A Investments Llc","Type__Business_or_Residences_":null,"Business_Type":null,"Identification":"Vacant","ID2level":"Vacant","Notes":null,"Shape_Length":296.61692809207199,"Shape_Area":2482.5479115431199}},{"type":"Feature","id":101,"geometry":{"type":"Polygon","coordinates":[[[-77.434761052790932,37.550408242312216],[-77.434700954487923,37.55047183638591],[-77.434930076226493,37.550545033069838],[-77.434942140085639,37.550524178234518],[-77.434954672889688,37.550528773788677],[-77.434984398453238,37.550477396024803],[-77.434761052790932,37.550408242312216]]]},"properties":{"OBJECTID":101,"AddressLab":"902 N 2nd St","OwnerName":"Richmond Redevelopment And Housing Authority","ParcelID":62209,"PIN":"N0000068021","CountOfPIN":1,"AsrLocatio":"900","MailAddres":"600 E Broad St 4th Fl","LandUse":"Vacant","MailCity":"Richmond","MailState":"VA","MailZip":"23219","Assessment":"2026-01-01T00:00:00Z","LandValue":33000,"DwellingVa":0,"TotalValue":33000,"LandSqFt":3712,"ProvalAsmt":"430","TaxExemptC":"150","PropertyCl":"401","Property_1":"B Commercial Vacant Land","Mailable":0,"MaskedOwne":" ","OBJECTID_1":32060,"GlobalID":"35a3c754-09ff-4f86-8729-d256af93cacc","City":"Richmond","State":"VA","Shape__Are":3948.39453125,"Shape__Len":256.30669144240858,"OBJECTID_1_1":105,"Join_Count":1,"TARGET_FID":105,"OBJECTID_1_12":null,"AddressId":"0109662","BuildingNu":"902","StreetDire":"N","StreetName":"2nd","StreetType":"St","ExtensionW":" ","UnitType":" ","UnitValue":" ","ZipCode":"23219","Mailable_1":"No","StatePlane":11791717.649964901,"StatePla_1":3725716.6437626001,"Latitude":37.550444589999998,"Longitude":-77.434777319999995,"CreatedBy":" ","CreatedDat":" ","EditBy":"parkerca","EditDate":"2011-10-20T15:22:22Z","Shape_Length_1":202.97643634630649,"Shape_Area_1":2021.2207212449532,"ID":null,"Address":"902 N 2nd St","Name":"Richmond Redevelopment And Housing Authority","Type__Business_or_Residences_":null,"Business_Type":null,"Identification":"Vacant","ID2level":"Vacant","Notes":null,"Shape_Length":202.97643634630649,"Shape_Area":2021.2207212449532}},{"type":"Feature","id":102,"geometry":{"type":"Polygon","coordinates":[[[-77.433703912355213,37.551541075022875],[-77.433943205179602,37.551683965140583],[-77.433949261680482,37.55167613046077],[-77.434055968146339,37.551739978511904],[-77.434091105134669,37.551701587625018],[-77.433746575398331,37.551495939598439],[-77.433703912355213,37.551541075022875]]]},"properties":{"OBJECTID":102,"AddressLab":"1020 N 2nd St","OwnerName":"T And N Investment Llc","ParcelID":36944,"PIN":"N0000085003","CountOfPIN":1,"AsrLocatio":"1020","MailAddres":"6121 Philbrook Rd","LandUse":"Vacant","MailCity":"Richmond","MailState":"VA","MailZip":"23234","Assessment":"2026-01-01T00:00:00Z","LandValue":20000,"DwellingVa":0,"TotalValue":20000,"LandSqFt":2444,"ProvalAsmt":"320","TaxExemptC":" ","PropertyCl":"101","Property_1":"R Single Family Vacant (R1-R7)","Mailable":0,"MaskedOwne":" ","OBJECTID_1":32354,"GlobalID":"0a893c31-2e0f-4d52-93f0-9f50ae2ebbfa","City":"Richmond","State":"VA","Shape__Are":2444.39453125,"Shape__Len":291.45257825120763,"OBJECTID_1_1":106,"Join_Count":1,"TARGET_FID":106,"OBJECTID_1_12":null,"AddressId":"0109692","BuildingNu":"1020","StreetDire":"N","StreetName":"2nd","StreetType":"St","ExtensionW":" ","UnitType":" ","UnitValue":" ","ZipCode":"23219","Mailable_1":"No","StatePlane":11791968.5615365,"StatePla_1":3726145.2488765302,"Latitude":37.551613850000003,"Longitude":-77.433895160000006,"CreatedBy":" ","CreatedDat":" ","EditBy":"parkerca","EditDate":"2011-10-20T15:16:57Z","Shape_Length_1":291.45257823151832,"Shape_Area_1":2444.3926439940278,"ID":null,"Address":"1020 N 2nd St","Name":"T And N Investment Llc","Type__Business_or_Residences_":null,"Business_Type":null,"Identification":"Vacant","ID2level":"Vacant","Notes":null,"Shape_Length":291.45257823151832,"Shape_Area":2444.3926439940278}},{"type":"Feature","id":103,"geometry":{"type":"Polygon","coordinates":[[[-77.433612692896475,37.550747112231427],[-77.433962899720058,37.550959514144772],[-77.43401937021244,37.550901048430084],[-77.433914465160825,37.550838351906997],[-77.433667432016122,37.550690709947808],[-77.433612692896475,37.550747112231427]]]},"properties":{"OBJECTID":103,"AddressLab":"1005 N 2nd St","OwnerName":"Baniissa Tamador G","ParcelID":46088,"PIN":"N0000086011","CountOfPIN":1,"AsrLocatio":"1005","MailAddres":"12106 Sable Ct","LandUse":"Commercial","MailCity":"Henrico","MailState":"VA","MailZip":"23233","Assessment":"2026-01-01T00:00:00Z","LandValue":31000,"DwellingVa":148000,"TotalValue":179000,"LandSqFt":3369,"ProvalAsmt":"430","TaxExemptC":" ","PropertyCl":"415","Property_1":"B Convenience Store","Mailable":1,"MaskedOwne":" ","OBJECTID_1":32481,"GlobalID":"bcde3304-91cf-46a4-a6c7-d95731d123c3","City":"Richmond","State":"VA","Shape__Are":3369,"Shape__Len":308.00803637405312,"OBJECTID_1_1":107,"Join_Count":1,"TARGET_FID":107,"OBJECTID_1_12":null,"AddressId":"0109683","BuildingNu":"1005","StreetDire":"N","StreetName":"2nd","StreetType":"St","ExtensionW":" ","UnitType":" ","UnitValue":" ","ZipCode":"23219","Mailable_1":"Yes","StatePlane":11791951.708223799,"StatePla_1":3725887.8501131102,"Latitude":37.550907510000002,"Longitude":-77.433963320000004,"CreatedBy":" ","CreatedDat":" ","EditBy":"parkerca","EditDate":"2011-10-20T15:19:23Z","Shape_Length_1":308.00803635008089,"Shape_Area_1":3368.995729156863,"ID":null,"Address":"1005 N 2nd St","Name":"Baniissa Tamador G","Type__Business_or_Residences_":null,"Business_Type":null,"Identification":"Commercial","ID2level":"Shop","Notes":null,"Shape_Length":308.00803635008089,"Shape_Area":3368.995729156863}},{"type":"Feature","id":104,"geometry":{"type":"Polygon","coordinates":[[[-77.433138381342829,37.553055008744948],[-77.432975614234934,37.552957776069469],[-77.432916433700342,37.553024477277951],[-77.432896942004916,37.553073857867801],[-77.432620651200239,37.553012465174859],[-77.432464447312569,37.553188770307941],[-77.432893507270236,37.553315605662796],[-77.433138381342829,37.553055008744948]]]},"properties":{"OBJECTID":104,"AddressLab":"103 E Hill St","OwnerName":"Richmond Redevelopment And Housing Authority","ParcelID":27468,"PIN":"N0000111001","CountOfPIN":1,"AsrLocatio":"1100","MailAddres":"600 E Broad St 4th Fl","LandUse":"Multi-Family","MailCity":"Richmond","MailState":"VA","MailZip":"23219","Assessment":"2026-01-01T00:00:00Z","LandValue":385000,"DwellingVa":2565000,"TotalValue":2950000,"LandSqFt":151550,"ProvalAsmt":"510","TaxExemptC":"150","PropertyCl":"315","Property_1":"R Apartment 12-24 Units","Mailable":1,"MaskedOwne":" ","OBJECTID_1":32487,"GlobalID":"85d9923b-bc34-441e-ab32-c3a6fd2a46d9","City":"Richmond","State":"VA","Shape__Are":151549.62109375,"Shape__Len":1716.9257481296227,"OBJECTID_1_1":108,"Join_Count":5,"TARGET_FID":108,"OBJECTID_1_12":null,"AddressId":"0049208","BuildingNu":"103","StreetDire":"E","StreetName":"Hill","StreetType":"St","ExtensionW":" ","UnitType":" ","UnitValue":" ","ZipCode":"23219","Mailable_1":"Yes","StatePlane":11792291.980180999,"StatePla_1":3726704.7484136801,"Latitude":37.553140319999997,"Longitude":-77.432757780000003,"CreatedBy":" ","CreatedDat":" ","EditBy":"parkerca","EditDate":"2011-10-20T15:17:50Z","Shape_Length_1":520.46427418048677,"Shape_Area_1":13137.66182638894,"ID":null,"Address":"103 E Hill St","Name":"Richmond Redevelopment And Housing Authority","Type__Business_or_Residences_":null,"Business_Type":null,"Identification":"Residential","ID2level":"Residential","Notes":null,"Shape_Length":520.46427418048677,"Shape_Area":13137.66182638894}},{"type":"Feature","id":105,"geometry":{"type":"Polygon","coordinates":[[[-77.437337449782362,37.546963449510777],[-77.43758336396786,37.547114307115983],[-77.437620563115146,37.547075865173937],[-77.437372543378132,37.546927209986691],[-77.437337449782362,37.546963449510777]]]},"properties":{"OBJECTID":105,"AddressLab":"535 N 2nd St","OwnerName":"Eggleston Plaza Ii Lp","ParcelID":400699,"PIN":"N0000039039B","CountOfPIN":1,"AsrLocatio":"535","MailAddres":"927 Hull St","LandUse":"Mixed-Use","MailCity":"Richmond","MailState":"VA","MailZip":"23224","Assessment":"2026-01-01T00:00:00Z","LandValue":94000,"DwellingVa":188000,"TotalValue":282000,"LandSqFt":1590.3,"ProvalAsmt":"411","TaxExemptC":" ","PropertyCl":"450","Property_1":"B Mixed Use","Mailable":1,"MaskedOwne":" ","OBJECTID_1":32929,"GlobalID":"4b0c8eaa-dc9b-42e9-82ee-b5400143cd9e","City":"Richmond","State":"VA","Shape__Are":1544.8984375,"Shape__Len":214.33228908482062,"OBJECTID_1_1":109,"Join_Count":2,"TARGET_FID":109,"OBJECTID_1_12":null,"AddressId":"0109578","BuildingNu":"535","StreetDire":"N","StreetName":"2nd","StreetType":"St","ExtensionW":" ","UnitType":" ","UnitValue":" ","ZipCode":"23219","Mailable_1":"Yes","StatePlane":11790921.047227399,"StatePla_1":3724478.8243878498,"Latitude":37.547069929999999,"Longitude":-77.437573049999997,"CreatedBy":" ","CreatedDat":" ","EditBy":"parkerca","EditDate":"2011-10-20T15:21:38Z","Shape_Length_1":214.33228908178393,"Shape_Area_1":1544.900183069826,"ID":null,"Address":"535 N 2nd St","Name":"Moss Katina, Moss Ronni","Type__Business_or_Residences_":"Residential","Business_Type":null,"Identification":"Residential","ID2level":"Residential","Notes":null,"Shape_Length":214.33228908178393,"Shape_Area":1544.900183069826}},{"type":"Feature","id":106,"geometry":{"type":"Polygon","coordinates":[[[-77.439213345992087,37.545712215529001],[-77.439470400114658,37.545868789104702],[-77.439510836626539,37.545825776312213],[-77.439253896206552,37.54566965078557],[-77.439213345992087,37.545712215529001]]]},"properties":{"OBJECTID":106,"AddressLab":"402 1/2 N 2nd St","OwnerName":"Far Nia Llc","ParcelID":99357,"PIN":"N0000061019","CountOfPIN":1,"AsrLocatio":"402","MailAddres":"1256 Rothesay Circle","LandUse":"Mixed-Use","MailCity":"Richmond","MailState":"VA","MailZip":"23221","Assessment":"2026-01-01T00:00:00Z","LandValue":104000,"DwellingVa":268000,"TotalValue":372000,"LandSqFt":1813.5,"ProvalAsmt":"411","TaxExemptC":" ","PropertyCl":"450","Property_1":"B Mixed Use","Mailable":1,"MaskedOwne":" ","OBJECTID_1":32934,"GlobalID":"9b0aed0f-a812-487f-9523-bbb40613da2f","City":"Richmond","State":"VA","Shape__Are":1829.16796875,"Shape__Len":226.55132232489368,"OBJECTID_1_1":110,"Join_Count":1,"TARGET_FID":110,"OBJECTID_1_12":null,"AddressId":"0109548","BuildingNu":"402 1/2","StreetDire":"N","StreetName":"2nd","StreetType":"St","ExtensionW":" ","UnitType":" ","UnitValue":" ","ZipCode":"23219","Mailable_1":"Yes","StatePlane":11790440.88775456,"StatePla_1":3723974.8296608902,"Latitude":37.545700689999997,"Longitude":-77.439248699999993,"CreatedBy":" ","CreatedDat":" ","EditBy":"MORTONRF","EditDate":"2024-10-08T14:42:12Z","Shape_Length_1":226.55132233950792,"Shape_Area_1":1829.168947584438,"ID":null,"Address":"402 1/2 N 2nd St","Name":null,"Type__Business_or_Residences_":"Commercial","Business_Type":"Saadia Juicebox coffee shop, A Buna Kurs Restaurants ","Identification":"Commercial","ID2level":"Restaurant","Notes":null,"Shape_Length":226.55132233950792,"Shape_Area":1829.168947584438}},{"type":"Feature","id":107,"geometry":{"type":"Polygon","coordinates":[[[-77.434008912637054,37.550359927286841],[-77.434346042703424,37.550563424792919],[-77.434399971645291,37.55050488559246],[-77.434062018502033,37.550303490313034],[-77.434008912637054,37.550359927286841]]]},"properties":{"OBJECTID":107,"AddressLab":"913 N 2nd St","OwnerName":"E L S Construction Va Llc","ParcelID":34983,"PIN":"N0000069027","CountOfPIN":1,"AsrLocatio":"913","MailAddres":"7734 Whitepine Rd Ste A","LandUse":"Vacant","MailCity":"N Chesterfield","MailState":"VA","MailZip":"23237","Assessment":"2026-01-01T00:00:00Z","LandValue":30000,"DwellingVa":0,"TotalValue":30000,"LandSqFt":3266.3899999999999,"ProvalAsmt":"430","TaxExemptC":" ","PropertyCl":"401","Property_1":"B Commercial Vacant Land","Mailable":0,"MaskedOwne":" ","OBJECTID_1":32937,"GlobalID":"65aa4d70-4c07-4a3d-8c35-c745e9d9b449","City":"Richmond","State":"VA","Shape__Are":3191.9375,"Shape__Len":297.13400134321864,"OBJECTID_1_1":111,"Join_Count":1,"TARGET_FID":111,"OBJECTID_1_12":null,"AddressId":"1109674","BuildingNu":"913","StreetDire":"N","StreetName":"2nd","StreetType":"St","ExtensionW":" ","UnitType":" ","UnitValue":" ","ZipCode":"23219","Mailable_1":"No","StatePlane":11791860.1706772,"StatePla_1":3725727.6873756801,"Latitude":37.550470500000003,"Longitude":-77.434285299999999,"CreatedBy":" ","CreatedDat":" ","EditBy":"parkerca","EditDate":"2011-10-20T15:22:22Z","Shape_Length_1":297.13400136392522,"Shape_Area_1":3191.9333787134565,"ID":null,"Address":"913 N 2nd St","Name":"E L S Construction Va Llc","Type__Business_or_Residences_":null,"Business_Type":null,"Identification":"Vacant","ID2level":"Vacant","Notes":null,"Shape_Length":297.13400136392522,"Shape_Area":3191.9333787134565}},{"type":"Feature","id":108,"geometry":{"type":"Polygon","coordinates":[[[-77.433805579033887,37.55057601218143],[-77.434145576387181,37.550781023744506],[-77.434292433257298,37.55062161541133],[-77.433954974757597,37.550417247043541],[-77.433805579033887,37.55057601218143]]]},"properties":{"OBJECTID":108,"AddressLab":"923 N 2nd St","OwnerName":"R & B Investment Group Llc","ParcelID":46747,"PIN":"N0000069030","CountOfPIN":2,"AsrLocatio":"923","MailAddres":"621 N Third St","LandUse":"Commercial","MailCity":"Richmond","MailState":"VA","MailZip":"23219","Assessment":"2026-01-01T00:00:00Z","LandValue":57000,"DwellingVa":33000,"TotalValue":90000,"LandSqFt":9310.5,"ProvalAsmt":"430","TaxExemptC":" ","PropertyCl":"409","Property_1":"B Commercial Shell","Mailable":1,"MaskedOwne":" ","OBJECTID_1":32938,"GlobalID":"afddcc2b-a679-4d69-bf7d-109f5799bc17","City":"Richmond","State":"VA","Shape__Are":8888.6015625,"Shape__Len":390.77140207017874,"OBJECTID_1_1":112,"Join_Count":1,"TARGET_FID":112,"OBJECTID_1_12":null,"AddressId":"0109679","BuildingNu":"923","StreetDire":"N","StreetName":"2nd","StreetType":"St","ExtensionW":" ","UnitType":" ","UnitValue":" ","ZipCode":"23219","Mailable_1":"Yes","StatePlane":11791951.7662945,"StatePla_1":3725749.4228965198,"Latitude":37.550527350000003,"Longitude":-77.433968519999993,"CreatedBy":" ","CreatedDat":" ","EditBy":"mortonrf","EditDate":"2017-10-02T16:31:29Z","Shape_Length_1":390.77140207031965,"Shape_Area_1":8888.607178120943,"ID":null,"Address":"923 N 2nd St","Name":"R & B Investment Group Llc","Type__Business_or_Residences_":null,"Business_Type":null,"Identification":"Vacant","ID2level":"Vacant","Notes":null,"Shape_Length":390.77140207031965,"Shape_Area":8888.607178120943}},{"type":"Feature","id":109,"geometry":{"type":"Polygon","coordinates":[[[-77.439173750058643,37.54521470573561],[-77.439320722100234,37.545301833475698],[-77.439535876442321,37.545075817417235],[-77.439392134423727,37.544989174790544],[-77.439173750058643,37.54521470573561]]]},"properties":{"OBJECTID":109,"AddressLab":"323 N 2nd St","OwnerName":"North Second Llc","ParcelID":47580,"PIN":"N0000037038","CountOfPIN":1,"AsrLocatio":"317","MailAddres":"10803 Glen Mist Ln","LandUse":"Commercial","MailCity":"Fairfax","MailState":"VA","MailZip":"22030","Assessment":"2026-01-01T00:00:00Z","LandValue":69000,"DwellingVa":101000,"TotalValue":170000,"LandSqFt":700,"ProvalAsmt":"411","TaxExemptC":" ","PropertyCl":"470","Property_1":"B Commercial Condo","Mailable":1,"MaskedOwne":" ","OBJECTID_1":33141,"GlobalID":"bea92b7b-9741-44fe-b4f7-78a195b0c646","City":"Richmond","State":"VA","Shape__Are":5452.56640625,"Shape__Len":312.34854840200006,"OBJECTID_1_1":113,"Join_Count":21,"TARGET_FID":113,"OBJECTID_1_12":null,"AddressId":"1109541","BuildingNu":"323","StreetDire":"N","StreetName":"2nd","StreetType":"St","ExtensionW":" ","UnitType":" ","UnitValue":" ","ZipCode":"23219","Mailable_1":"No","StatePlane":11790408.6312574,"StatePla_1":3723791.53179918,"Latitude":37.545198310000004,"Longitude":-77.439367059999995,"CreatedBy":" ","CreatedDat":" ","EditBy":"parkerca","EditDate":"2011-10-20T15:19:23Z","Shape_Length_1":312.34854840501578,"Shape_Area_1":5452.5742971303807,"ID":null,"Address":"323 N 2nd St","Name":"321 N 2nd Llc","Type__Business_or_Residences_":null,"Business_Type":"Indigo Salon","Identification":"Commercial","ID2level":"Beauty","Notes":null,"Shape_Length":312.34854840501578,"Shape_Area":5452.5742971303807}},{"type":"Feature","id":110,"geometry":{"type":"Polygon","coordinates":[[[-77.439173750058643,37.54521470573561],[-77.439320722100234,37.545301833475698],[-77.439535876442321,37.545075817417235],[-77.439392134423727,37.544989174790544],[-77.439173750058643,37.54521470573561]]]},"properties":{"OBJECTID":110,"AddressLab":"323 N 2nd St","OwnerName":"Pmd Investments Llc","ParcelID":47580,"PIN":"N0000037041","CountOfPIN":1,"AsrLocatio":"323","MailAddres":"5926 Fairlee Rd","LandUse":"Commercial","MailCity":"Richmond","MailState":"VA","MailZip":"23225","Assessment":"2026-01-01T00:00:00Z","LandValue":69000,"DwellingVa":72000,"TotalValue":141000,"LandSqFt":700,"ProvalAsmt":"411","TaxExemptC":" ","PropertyCl":"470","Property_1":"B Commercial Condo","Mailable":1,"MaskedOwne":" ","OBJECTID_1":33142,"GlobalID":"6ea70f71-62da-474d-bfd3-c0d676420b70","City":"Richmond","State":"VA","Shape__Are":5452.56640625,"Shape__Len":312.34854840200006,"OBJECTID_1_1":114,"Join_Count":21,"TARGET_FID":114,"OBJECTID_1_12":null,"AddressId":"1109541","BuildingNu":"323","StreetDire":"N","StreetName":"2nd","StreetType":"St","ExtensionW":" ","UnitType":" ","UnitValue":" ","ZipCode":"23219","Mailable_1":"No","StatePlane":11790408.6312574,"StatePla_1":3723791.53179918,"Latitude":37.545198310000004,"Longitude":-77.439367059999995,"CreatedBy":" ","CreatedDat":" ","EditBy":"parkerca","EditDate":"2011-10-20T15:19:23Z","Shape_Length_1":312.34854840501578,"Shape_Area_1":5452.5742971303807,"ID":null,"Address":"323 N 2nd St","Name":"321 N 2nd Llc","Type__Business_or_Residences_":null,"Business_Type":"Indigo Salon","Identification":"Commercial","ID2level":"Beauty","Notes":null,"Shape_Length":312.34854840501578,"Shape_Area":5452.5742971303807}},{"type":"Feature","id":111,"geometry":{"type":"Polygon","coordinates":[[[-77.438723292657897,37.546230121529447],[-77.438686653911958,37.546268699492153],[-77.438803237866722,37.546339913598487],[-77.438843067657814,37.546297274965568],[-77.438723292657897,37.546230121529447]]]},"properties":{"OBJECTID":111,"AddressLab":"424 N 2nd St","OwnerName":"Thornton Julia M Estate","ParcelID":36178,"PIN":"N0000061011","CountOfPIN":1,"AsrLocatio":"422","MailAddres":"2602 Brook Road","LandUse":"Commercial","MailCity":"Richmond","MailState":"VA","MailZip":"23220","Assessment":"2026-01-01T00:00:00Z","LandValue":243000,"DwellingVa":217000,"TotalValue":460000,"LandSqFt":4446.3500000000004,"ProvalAsmt":"411","TaxExemptC":" ","PropertyCl":"420","Property_1":"B Retail Strip","Mailable":1,"MaskedOwne":" ","OBJECTID_1":33253,"GlobalID":"f870d299-6f12-408e-af49-1068d2dbd8ab","City":"Richmond","State":"VA","Shape__Are":4458.74609375,"Shape__Len":295.82996257768241,"OBJECTID_1_1":115,"Join_Count":1,"TARGET_FID":115,"OBJECTID_1_12":null,"AddressId":"0109556","BuildingNu":"424","StreetDire":"N","StreetName":"2nd","StreetType":"St","ExtensionW":" ","UnitType":" ","UnitValue":" ","ZipCode":"23219","Mailable_1":"Yes","StatePlane":11790592.605955049,"StatePla_1":3724178.9637670699,"Latitude":37.5462566,"Longitude":-77.438717510000004,"CreatedBy":" ","CreatedDat":" ","EditBy":"MORTONRF","EditDate":"2025-04-29T10:53:53Z","Shape_Length_1":122.02958115970287,"Shape_Area_1":785.83435652210596,"ID":null,"Address":"424 N 2nd St","Name":"Clark Wyendi","Type__Business_or_Residences_":"Residential","Business_Type":null,"Identification":"Residential","ID2level":"Residential","Notes":null,"Shape_Length":122.02958115970287,"Shape_Area":785.83435652210596}},{"type":"Feature","id":112,"geometry":{"type":"Polygon","coordinates":[[[-77.437174219376885,37.547870203291517],[-77.437335624981003,37.547966955897373],[-77.437369703604006,37.547930655017112],[-77.437207590982652,37.547834442185952],[-77.437174219376885,37.547870203291517]]]},"properties":{"OBJECTID":112,"AddressLab":"602 N 2nd St","OwnerName":"United States Of America","ParcelID":39141,"PIN":"N0000064015","CountOfPIN":1,"AsrLocatio":"602","MailAddres":"3215 E Broad St","LandUse":"Government","MailCity":"Richmond","MailState":"VA","MailZip":"23223","Assessment":"2026-01-01T00:00:00Z","LandValue":87000,"DwellingVa":189000,"TotalValue":276000,"LandSqFt":1009.2,"ProvalAsmt":"411","TaxExemptC":"350","PropertyCl":"458","Property_1":"B Library/Museum/Capitol/Court","Mailable":1,"MaskedOwne":" ","OBJECTID_1":33257,"GlobalID":"d8716cd7-c21e-4412-87bc-0dfeac99b677","City":"Richmond","State":"VA","Shape__Are":958.72265625,"Shape__Len":149.91395806173671,"OBJECTID_1_1":116,"Join_Count":3,"TARGET_FID":116,"OBJECTID_1_12":null,"AddressId":"1109591","BuildingNu":"602","StreetDire":"N","StreetName":"2nd","StreetType":"St","ExtensionW":" ","UnitType":" ","UnitValue":" ","ZipCode":"23219","Mailable_1":"Yes","StatePlane":11791024.896757141,"StatePla_1":3724766.46948181,"Latitude":37.547856660000001,"Longitude":-77.437203699999998,"CreatedBy":" ","CreatedDat":" ","EditBy":"MORTONRF","EditDate":"2026-05-18T13:52:26Z","Shape_Length_1":149.91395805851843,"Shape_Area_1":958.72266123839927,"ID":null,"Address":"602 N 2nd St","Name":"United States Of America","Type__Business_or_Residences_":null,"Business_Type":"Maggie Walker National Historic Site","Identification":"Institutional","ID2level":"Government Office","Notes":null,"Shape_Length":149.91395805851843,"Shape_Area":958.72266123839927}},{"type":"Feature","id":113,"geometry":{"type":"Polygon","coordinates":[[[-77.439323920500271,37.544855039356648],[-77.439593944687132,37.545016181996637],[-77.439634756367155,37.544974855770995],[-77.439366360145371,37.544811511076979],[-77.439349817903633,37.544828365064078],[-77.439323920500271,37.544855039356648]]]},"properties":{"OBJECTID":113,"AddressLab":"311 N 2nd St","OwnerName":"Jackson Modern Llc Attn: Manager","ParcelID":35995,"PIN":"N0000037035","CountOfPIN":1,"AsrLocatio":"311","MailAddres":"311 N 2nd St","LandUse":"Mixed-Use","MailCity":"Richmond","MailState":"VA","MailZip":"23219","Assessment":"2026-01-01T00:00:00Z","LandValue":101000,"DwellingVa":416000,"TotalValue":517000,"LandSqFt":1746,"ProvalAsmt":"411","TaxExemptC":" ","PropertyCl":"450","Property_1":"B Mixed Use","Mailable":1,"MaskedOwne":" ","OBJECTID_1":33357,"GlobalID":"8c10623f-ad54-4bb9-9953-1754721adc3d","City":"Richmond","State":"VA","Shape__Are":1918.9140625,"Shape__Len":234.98083560557674,"OBJECTID_1_1":117,"Join_Count":6,"TARGET_FID":117,"OBJECTID_1_12":null,"AddressId":"0109524","BuildingNu":"311","StreetDire":"N","StreetName":"2nd","StreetType":"St","ExtensionW":" ","UnitType":" ","UnitValue":" ","ZipCode":"23219","Mailable_1":"Yes","StatePlane":11790349.806243811,"StatePla_1":3723708.12317331,"Latitude":37.544971060000002,"Longitude":-77.439573179999996,"CreatedBy":" ","CreatedDat":" ","EditBy":"MORTONRF","EditDate":"2026-01-28T19:58:20Z","Shape_Length_1":234.98083558462099,"Shape_Area_1":1918.9215277346423,"ID":null,"Address":"311 N 2nd St","Name":"Commercial","Type__Business_or_Residences_":"Mixed Use","Business_Type":"100 Freshysite-Website Design ","Identification":"Mixed Use","ID2level":"Residential / Shop","Notes":"Apartment with 3 unit, 2 & 3 No Current Listing","Shape_Length":234.98083558462099,"Shape_Area":1918.9215277346423}},{"type":"Feature","id":114,"geometry":{"type":"Polygon","coordinates":[[[-77.439173750058643,37.54521470573561],[-77.439320722100234,37.545301833475698],[-77.439535876442321,37.545075817417235],[-77.439392134423727,37.544989174790544],[-77.439173750058643,37.54521470573561]]]},"properties":{"OBJECTID":114,"AddressLab":"323 N 2nd St","OwnerName":"North Second Llc","ParcelID":47580,"PIN":"N0000037037","CountOfPIN":1,"AsrLocatio":"315","MailAddres":"10803 Glen Mist Ln","LandUse":"Commercial","MailCity":"Fairfax","MailState":"VA","MailZip":"22030","Assessment":"2026-01-01T00:00:00Z","LandValue":69000,"DwellingVa":101000,"TotalValue":170000,"LandSqFt":700,"ProvalAsmt":"411","TaxExemptC":" ","PropertyCl":"470","Property_1":"B Commercial Condo","Mailable":1,"MaskedOwne":" ","OBJECTID_1":33358,"GlobalID":"1c607816-e8d4-4ec7-a744-c8fd19cde6e9","City":"Richmond","State":"VA","Shape__Are":5452.56640625,"Shape__Len":312.34854840200006,"OBJECTID_1_1":118,"Join_Count":21,"TARGET_FID":118,"OBJECTID_1_12":null,"AddressId":"1109541","BuildingNu":"323","StreetDire":"N","StreetName":"2nd","StreetType":"St","ExtensionW":" ","UnitType":" ","UnitValue":" ","ZipCode":"23219","Mailable_1":"No","StatePlane":11790408.6312574,"StatePla_1":3723791.53179918,"Latitude":37.545198310000004,"Longitude":-77.439367059999995,"CreatedBy":" ","CreatedDat":" ","EditBy":"parkerca","EditDate":"2011-10-20T15:19:23Z","Shape_Length_1":312.34854840501578,"Shape_Area_1":5452.5742971303807,"ID":null,"Address":"323 N 2nd St","Name":"321 N 2nd Llc","Type__Business_or_Residences_":null,"Business_Type":"Indigo Salon","Identification":"Commercial","ID2level":"Beauty","Notes":null,"Shape_Length":312.34854840501578,"Shape_Area":5452.5742971303807}},{"type":"Feature","id":115,"geometry":{"type":"Polygon","coordinates":[[[-77.439173750058643,37.54521470573561],[-77.439320722100234,37.545301833475698],[-77.439535876442321,37.545075817417235],[-77.439392134423727,37.544989174790544],[-77.439173750058643,37.54521470573561]]]},"properties":{"OBJECTID":115,"AddressLab":"323 N 2nd St","OwnerName":"Shakoor Betty J","ParcelID":47580,"PIN":"N0000037039","CountOfPIN":1,"AsrLocatio":"319","MailAddres":"3113 Harvie St","LandUse":"Commercial","MailCity":"Richmond","MailState":"VA","MailZip":"23223","Assessment":"2026-01-01T00:00:00Z","LandValue":69000,"DwellingVa":72000,"TotalValue":141000,"LandSqFt":700,"ProvalAsmt":"411","TaxExemptC":" ","PropertyCl":"470","Property_1":"B Commercial Condo","Mailable":1,"MaskedOwne":" ","OBJECTID_1":33359,"GlobalID":"dcd523b2-cbf5-4ec1-b372-f922cb5353b5","City":"Richmond","State":"VA","Shape__Are":5452.56640625,"Shape__Len":312.34854840200006,"OBJECTID_1_1":119,"Join_Count":21,"TARGET_FID":119,"OBJECTID_1_12":null,"AddressId":"1109541","BuildingNu":"323","StreetDire":"N","StreetName":"2nd","StreetType":"St","ExtensionW":" ","UnitType":" ","UnitValue":" ","ZipCode":"23219","Mailable_1":"No","StatePlane":11790408.6312574,"StatePla_1":3723791.53179918,"Latitude":37.545198310000004,"Longitude":-77.439367059999995,"CreatedBy":" ","CreatedDat":" ","EditBy":"parkerca","EditDate":"2011-10-20T15:19:23Z","Shape_Length_1":312.34854840501578,"Shape_Area_1":5452.5742971303807,"ID":null,"Address":"323 N 2nd St","Name":"321 N 2nd Llc","Type__Business_or_Residences_":null,"Business_Type":"Indigo Salon","Identification":"Commercial","ID2level":"Beauty","Notes":null,"Shape_Length":312.34854840501578,"Shape_Area":5452.5742971303807}},{"type":"Feature","id":116,"geometry":{"type":"Polygon","coordinates":[[[-77.439173750058643,37.54521470573561],[-77.439320722100234,37.545301833475698],[-77.439535876442321,37.545075817417235],[-77.439392134423727,37.544989174790544],[-77.439173750058643,37.54521470573561]]]},"properties":{"OBJECTID":116,"AddressLab":"323 N 2nd St","OwnerName":"Dnm Llc","ParcelID":47580,"PIN":"N0000037042","CountOfPIN":1,"AsrLocatio":"325","MailAddres":"11916 Kingsberry Ct","LandUse":"Commercial","MailCity":"Richmond","MailState":"VA","MailZip":"23233","Assessment":"2026-01-01T00:00:00Z","LandValue":69000,"DwellingVa":101000,"TotalValue":170000,"LandSqFt":700,"ProvalAsmt":"411","TaxExemptC":" ","PropertyCl":"470","Property_1":"B Commercial Condo","Mailable":1,"MaskedOwne":" ","OBJECTID_1":33360,"GlobalID":"cb3ea5d7-7fd6-4969-8b92-e320f162eb1f","City":"Richmond","State":"VA","Shape__Are":5452.56640625,"Shape__Len":312.34854840200006,"OBJECTID_1_1":120,"Join_Count":21,"TARGET_FID":120,"OBJECTID_1_12":null,"AddressId":"1109541","BuildingNu":"323","StreetDire":"N","StreetName":"2nd","StreetType":"St","ExtensionW":" ","UnitType":" ","UnitValue":" ","ZipCode":"23219","Mailable_1":"No","StatePlane":11790408.6312574,"StatePla_1":3723791.53179918,"Latitude":37.545198310000004,"Longitude":-77.439367059999995,"CreatedBy":" ","CreatedDat":" ","EditBy":"parkerca","EditDate":"2011-10-20T15:19:23Z","Shape_Length_1":312.34854840501578,"Shape_Area_1":5452.5742971303807,"ID":null,"Address":"323 N 2nd St","Name":"321 N 2nd Llc","Type__Business_or_Residences_":null,"Business_Type":"Indigo Salon","Identification":"Commercial","ID2level":"Beauty","Notes":null,"Shape_Length":312.34854840501578,"Shape_Area":5452.5742971303807}},{"type":"Feature","id":117,"geometry":{"type":"Polygon","coordinates":[[[-77.439173750058643,37.54521470573561],[-77.439320722100234,37.545301833475698],[-77.439535876442321,37.545075817417235],[-77.439392134423727,37.544989174790544],[-77.439173750058643,37.54521470573561]]]},"properties":{"OBJECTID":117,"AddressLab":"323 N 2nd St","OwnerName":"321 N 2nd Llc","ParcelID":47580,"PIN":"N0000037050","CountOfPIN":1,"AsrLocatio":"209","MailAddres":"11916 Kingsbury Ct","LandUse":"Multi-Family","MailCity":"Richmond","MailState":"VA","MailZip":"23219","Assessment":"2026-01-01T00:00:00Z","LandValue":25000,"DwellingVa":155000,"TotalValue":180000,"LandSqFt":1,"ProvalAsmt":"603","TaxExemptC":" ","PropertyCl":"210","Property_1":"R Condo Residential \u003c11 Units","Mailable":1,"MaskedOwne":" ","OBJECTID_1":33361,"GlobalID":"69362473-d140-4373-ba29-24dcdb6d2f9b","City":"Richmond","State":"VA","Shape__Are":5452.56640625,"Shape__Len":312.34854840200006,"OBJECTID_1_1":121,"Join_Count":21,"TARGET_FID":121,"OBJECTID_1_12":null,"AddressId":"1109541","BuildingNu":"323","StreetDire":"N","StreetName":"2nd","StreetType":"St","ExtensionW":" ","UnitType":" ","UnitValue":" ","ZipCode":"23219","Mailable_1":"No","StatePlane":11790408.6312574,"StatePla_1":3723791.53179918,"Latitude":37.545198310000004,"Longitude":-77.439367059999995,"CreatedBy":" ","CreatedDat":" ","EditBy":"parkerca","EditDate":"2011-10-20T15:19:23Z","Shape_Length_1":312.34854840501578,"Shape_Area_1":5452.5742971303807,"ID":null,"Address":"323 N 2nd St","Name":"321 N 2nd Llc","Type__Business_or_Residences_":null,"Business_Type":"Indigo Salon","Identification":"Commercial","ID2level":"Beauty","Notes":null,"Shape_Length":312.34854840501578,"Shape_Area":5452.5742971303807}},{"type":"Feature","id":118,"geometry":{"type":"Polygon","coordinates":[[[-77.439731415451462,37.545169467796718],[-77.43991960048767,37.545282420358916],[-77.43997844646853,37.545222836763195],[-77.439786953203097,37.545110628754117],[-77.439731415451462,37.545169467796718]]]},"properties":{"OBJECTID":118,"AddressLab":"312 N 2nd St","OwnerName":"312 N 2nd Llc","ParcelID":67933,"PIN":"N0000060016","CountOfPIN":1,"AsrLocatio":"312","MailAddres":"2103 Clarke St","LandUse":"Mixed-Use","MailCity":"Richmond","MailState":"VA","MailZip":"23228","Assessment":"2026-01-01T00:00:00Z","LandValue":100000,"DwellingVa":890000,"TotalValue":990000,"LandSqFt":1742,"ProvalAsmt":"411","TaxExemptC":" ","PropertyCl":"450","Property_1":"B Mixed Use","Mailable":1,"MaskedOwne":" ","OBJECTID_1":33372,"GlobalID":"d10af799-891e-4d1a-be6f-1582e9ff807e","City":"Richmond","State":"VA","Shape__Are":1866.296875,"Shape__Len":191.65457693204561,"OBJECTID_1_1":122,"Join_Count":1,"TARGET_FID":122,"OBJECTID_1_12":null,"AddressId":"2017676","BuildingNu":"312","StreetDire":"N","StreetName":"2nd","StreetType":"St","ExtensionW":" ","UnitType":" ","UnitValue":" ","ZipCode":"23219","Mailable_1":"Yes","StatePlane":11790292.327356201,"StatePla_1":3723772.1063131099,"Latitude":37.54514855,"Longitude":-77.439768950000001,"CreatedBy":" ","CreatedDat":" ","EditBy":"parkerca","EditDate":"2011-10-20T15:20:19Z","Shape_Length_1":191.65457692876387,"Shape_Area_1":1866.2975814976189,"ID":null,"Address":"312 N 2nd St","Name":"312 N 2nd Llc","Type__Business_or_Residences_":null,"Business_Type":null,"Identification":"Vacant","ID2level":"Vacant","Notes":null,"Shape_Length":191.65457692876387,"Shape_Area":1866.2975814976189}},{"type":"Feature","id":119,"geometry":{"type":"Polygon","coordinates":[[[-77.436385986538752,37.549457588381323],[-77.436245674209772,37.549373055278153],[-77.436409417834511,37.549200763224405],[-77.43619992588431,37.549074551703626],[-77.436180506442696,37.549094984735824],[-77.436073698132176,37.549030635714011],[-77.43568301702723,37.549441709545555],[-77.435888281357165,37.54953670864635],[-77.436051713463243,37.549607170798474],[-77.436213175067195,37.549676780622633],[-77.436385986538752,37.549457588381323]]]},"properties":{"OBJECTID":119,"AddressLab":"744 N 2nd St","OwnerName":"Jackson Ward Senior Llc C/o Community Housing Inc","ParcelID":514273,"PIN":"N0000065004B","CountOfPIN":1,"AsrLocatio":"744","MailAddres":"8403 Colesville Rd #1150","LandUse":"Multi-Family","MailCity":"Silver Spring","MailState":"MD","MailZip":"20910","Assessment":"2026-01-01T00:00:00Z","LandValue":1800000,"DwellingVa":1430000,"TotalValue":3230000,"LandSqFt":26898,"ProvalAsmt":"503","TaxExemptC":" ","PropertyCl":"396","Property_1":"R LIHTC 5+ Units Restricted","Mailable":1,"MaskedOwne":" ","OBJECTID_1":33380,"GlobalID":"99534b3d-f8a6-4fe1-87d4-df1cd500ae32","City":"Richmond","State":"VA","Shape__Are":26896.70703125,"Shape__Len":711.8721196509025,"OBJECTID_1_1":123,"Join_Count":1,"TARGET_FID":123,"OBJECTID_1_12":null,"AddressId":"2017744","BuildingNu":"744","StreetDire":"N","StreetName":"2nd","StreetType":"St","ExtensionW":" ","UnitType":" ","UnitValue":" ","ZipCode":"23219","Mailable_1":"Yes","StatePlane":11791410.6328623,"StatePla_1":3725317.4234323902,"Latitude":37.54935777,"Longitude":-77.435851830000004,"CreatedBy":" ","CreatedDat":" ","EditBy":"MORTONRF","EditDate":"2020-08-05T15:09:17Z","Shape_Length_1":711.87211963426591,"Shape_Area_1":26896.704212719491,"ID":null,"Address":"744 N 2nd St","Name":"Jackson Ward Senior Llc C/o Community Housing Inc","Type__Business_or_Residences_":null,"Business_Type":null,"Identification":"Residential","ID2level":"Residential","Notes":null,"Shape_Length":711.87211963426591,"Shape_Area":26896.704212719491}},{"type":"Feature","id":120,"geometry":{"type":"Polygon","coordinates":[[[-77.439173750058643,37.54521470573561],[-77.439320722100234,37.545301833475698],[-77.439535876442321,37.545075817417235],[-77.439392134423727,37.544989174790544],[-77.439173750058643,37.54521470573561]]]},"properties":{"OBJECTID":120,"AddressLab":"323 N 2nd St","OwnerName":"Centerville Investments Llc","ParcelID":47580,"PIN":"N0000037044","CountOfPIN":1,"AsrLocatio":"315","MailAddres":"205 Centerville Rd","LandUse":"Multi-Family","MailCity":"Gordonsville","MailState":"PA","MailZip":"17529","Assessment":"2026-01-01T00:00:00Z","LandValue":25000,"DwellingVa":121000,"TotalValue":146000,"LandSqFt":1,"ProvalAsmt":"603","TaxExemptC":" ","PropertyCl":"210","Property_1":"R Condo Residential \u003c11 Units","Mailable":1,"MaskedOwne":" ","OBJECTID_1":34051,"GlobalID":"c49afa80-406c-4b85-bdd1-fe6fb0267acb","City":"Richmond","State":"VA","Shape__Are":5452.56640625,"Shape__Len":312.34854840200006,"OBJECTID_1_1":124,"Join_Count":21,"TARGET_FID":124,"OBJECTID_1_12":null,"AddressId":"1109541","BuildingNu":"323","StreetDire":"N","StreetName":"2nd","StreetType":"St","ExtensionW":" ","UnitType":" ","UnitValue":" ","ZipCode":"23219","Mailable_1":"No","StatePlane":11790408.6312574,"StatePla_1":3723791.53179918,"Latitude":37.545198310000004,"Longitude":-77.439367059999995,"CreatedBy":" ","CreatedDat":" ","EditBy":"parkerca","EditDate":"2011-10-20T15:19:23Z","Shape_Length_1":312.34854840501578,"Shape_Area_1":5452.5742971303807,"ID":null,"Address":"323 N 2nd St","Name":"321 N 2nd Llc","Type__Business_or_Residences_":null,"Business_Type":"Indigo Salon","Identification":"Commercial","ID2level":"Beauty","Notes":null,"Shape_Length":312.34854840501578,"Shape_Area":5452.5742971303807}},{"type":"Feature","id":121,"geometry":{"type":"Polygon","coordinates":[[[-77.439173750058643,37.54521470573561],[-77.439320722100234,37.545301833475698],[-77.439535876442321,37.545075817417235],[-77.439392134423727,37.544989174790544],[-77.439173750058643,37.54521470573561]]]},"properties":{"OBJECTID":121,"AddressLab":"323 N 2nd St","OwnerName":"321 N 2nd Llc","ParcelID":47580,"PIN":"N0000037045","CountOfPIN":1,"AsrLocatio":"317","MailAddres":"4304 Rowell Rd","LandUse":"Multi-Family","MailCity":"Green Cove Springs","MailState":"FL","MailZip":"32043","Assessment":"2026-01-01T00:00:00Z","LandValue":25000,"DwellingVa":121000,"TotalValue":146000,"LandSqFt":1,"ProvalAsmt":"603","TaxExemptC":" ","PropertyCl":"210","Property_1":"R Condo Residential \u003c11 Units","Mailable":1,"MaskedOwne":" ","OBJECTID_1":34052,"GlobalID":"4fcbb911-fe09-4b5f-af91-7f8c7278f2d8","City":"Richmond","State":"VA","Shape__Are":5452.56640625,"Shape__Len":312.34854840200006,"OBJECTID_1_1":125,"Join_Count":21,"TARGET_FID":125,"OBJECTID_1_12":null,"AddressId":"1109541","BuildingNu":"323","StreetDire":"N","StreetName":"2nd","StreetType":"St","ExtensionW":" ","UnitType":" ","UnitValue":" ","ZipCode":"23219","Mailable_1":"No","StatePlane":11790408.6312574,"StatePla_1":3723791.53179918,"Latitude":37.545198310000004,"Longitude":-77.439367059999995,"CreatedBy":" ","CreatedDat":" ","EditBy":"parkerca","EditDate":"2011-10-20T15:19:23Z","Shape_Length_1":312.34854840501578,"Shape_Area_1":5452.5742971303807,"ID":null,"Address":"323 N 2nd St","Name":"321 N 2nd Llc","Type__Business_or_Residences_":null,"Business_Type":"Indigo Salon","Identification":"Commercial","ID2level":"Beauty","Notes":null,"Shape_Length":312.34854840501578,"Shape_Area":5452.5742971303807}},{"type":"Feature","id":122,"geometry":{"type":"Polygon","coordinates":[[[-77.439173750058643,37.54521470573561],[-77.439320722100234,37.545301833475698],[-77.439535876442321,37.545075817417235],[-77.439392134423727,37.544989174790544],[-77.439173750058643,37.54521470573561]]]},"properties":{"OBJECTID":122,"AddressLab":"323 N 2nd St","OwnerName":"Shaban Khaled","ParcelID":47580,"PIN":"N0000037049","CountOfPIN":1,"AsrLocatio":"325","MailAddres":"3016 Colthurst Pl","LandUse":"Multi-Family","MailCity":"Henrico","MailState":"VA","MailZip":"23233","Assessment":"2026-01-01T00:00:00Z","LandValue":25000,"DwellingVa":121000,"TotalValue":146000,"LandSqFt":1,"ProvalAsmt":"603","TaxExemptC":" ","PropertyCl":"210","Property_1":"R Condo Residential \u003c11 Units","Mailable":1,"MaskedOwne":" ","OBJECTID_1":34053,"GlobalID":"4d9bdd20-e310-4464-8abd-7e055b0b79c1","City":"Richmond","State":"VA","Shape__Are":5452.56640625,"Shape__Len":312.34854840200006,"OBJECTID_1_1":126,"Join_Count":21,"TARGET_FID":126,"OBJECTID_1_12":null,"AddressId":"1109541","BuildingNu":"323","StreetDire":"N","StreetName":"2nd","StreetType":"St","ExtensionW":" ","UnitType":" ","UnitValue":" ","ZipCode":"23219","Mailable_1":"No","StatePlane":11790408.6312574,"StatePla_1":3723791.53179918,"Latitude":37.545198310000004,"Longitude":-77.439367059999995,"CreatedBy":" ","CreatedDat":" ","EditBy":"parkerca","EditDate":"2011-10-20T15:19:23Z","Shape_Length_1":312.34854840501578,"Shape_Area_1":5452.5742971303807,"ID":null,"Address":"323 N 2nd St","Name":"321 N 2nd Llc","Type__Business_or_Residences_":null,"Business_Type":"Indigo Salon","Identification":"Commercial","ID2level":"Beauty","Notes":null,"Shape_Length":312.34854840501578,"Shape_Area":5452.5742971303807}},{"type":"Feature","id":123,"geometry":{"type":"Polygon","coordinates":[[[-77.437980922405572,37.546257355336351],[-77.437780732468212,37.546473377886045],[-77.437698426871052,37.546422268002082],[-77.437691220387336,37.546417999794947],[-77.437668844532311,37.546441017073306],[-77.437565749319504,37.54654979240992],[-77.437503020288673,37.546615977528781],[-77.437426619644839,37.546696587461547],[-77.437357601468065,37.546769407714521],[-77.437303902187182,37.546826065219825],[-77.437410647568939,37.546887832767638],[-77.437372543378132,37.546927209986691],[-77.437620563115146,37.547075865173937],[-77.438023328851457,37.546659637969945],[-77.438257276007917,37.546417875513725],[-77.437980922405572,37.546257355336351]]]},"properties":{"OBJECTID":123,"AddressLab":"501 N 2nd St","OwnerName":"United Network For Organ Sharing","ParcelID":400696,"PIN":"N0000039026","CountOfPIN":1,"AsrLocatio":"501","MailAddres":"700 North 4th St","LandUse":"Office","MailCity":"Richmond","MailState":"VA","MailZip":"23219","Assessment":"2026-01-01T00:00:00Z","LandValue":1434000,"DwellingVa":4851000,"TotalValue":6285000,"LandSqFt":40698,"ProvalAsmt":"411","TaxExemptC":" ","PropertyCl":"442","Property_1":"B Professional Office","Mailable":1,"MaskedOwne":" ","OBJECTID_1":34058,"GlobalID":"420f79a0-fc71-4e9c-8852-ba749405a98f","City":"Richmond","State":"VA","Shape__Are":40479.85546875,"Shape__Len":971.3282907974301,"OBJECTID_1_1":127,"Join_Count":1,"TARGET_FID":127,"OBJECTID_1_12":null,"AddressId":"0109557","BuildingNu":"501","StreetDire":"N","StreetName":"2nd","StreetType":"St","ExtensionW":" ","UnitType":" ","UnitValue":" ","ZipCode":"23219","Mailable_1":"Yes","StatePlane":11790743.5626742,"StatePla_1":3724244.6276777699,"Latitude":37.546432260000003,"Longitude":-77.438194300000006,"CreatedBy":" ","CreatedDat":" ","EditBy":"parkerca","EditDate":"2011-10-20T15:22:07Z","Shape_Length_1":864.8335591080579,"Shape_Area_1":35225.050820086653,"ID":null,"Address":"501 N 2nd St","Name":null,"Type__Business_or_Residences_":"Commercial","Business_Type":"Historic Jackson Ward Assn,Training & Certifucation training, Virginia Department of Transportation, Outpatient Clinic, Medical College of Virginia, VCU heath systems, VCU Hospitals ","Identification":"Commercial","ID2level":"Government Office","Notes":null,"Shape_Length":864.8335591080579,"Shape_Area":35225.050820086653}},{"type":"Feature","id":124,"geometry":{"type":"Polygon","coordinates":[[[-77.43548425777557,37.549190709553343],[-77.435579717255038,37.549247089711344],[-77.435696057455019,37.549123600182682],[-77.435798626105594,37.549014728037996],[-77.435701181525431,37.548956518119091],[-77.43548425777557,37.549190709553343]]]},"properties":{"OBJECTID":124,"AddressLab":"200 Maggie L Walker Pl","OwnerName":"Richmond Redevelopment And Housing Authority","ParcelID":18082,"PIN":"N0000041100","CountOfPIN":1,"AsrLocatio":"200","MailAddres":"600 E Broad St 4th Fl","LandUse":"Vacant","MailCity":"Richmond","MailState":"VA","MailZip":"23219","Assessment":"2026-01-01T00:00:00Z","LandValue":95000,"DwellingVa":0,"TotalValue":95000,"LandSqFt":3990,"ProvalAsmt":"218","TaxExemptC":"150","PropertyCl":"101","Property_1":"R Single Family Vacant (R1-R7)","Mailable":0,"MaskedOwne":" ","OBJECTID_1":34062,"GlobalID":"4156cc57-25ac-416e-99d5-4ec367ddb4e9","City":"Richmond","State":"VA","Shape__Are":3693.02734375,"Shape__Len":281.49038632208976,"OBJECTID_1_1":128,"Join_Count":1,"TARGET_FID":128,"OBJECTID_1_12":null,"AddressId":"3000035","BuildingNu":"200","StreetDire":" ","StreetName":"Maggie L Walker","StreetType":"Pl","ExtensionW":" ","UnitType":" ","UnitValue":" ","ZipCode":"23219","Mailable_1":"No","StatePlane":11791473.37551898,"StatePla_1":3725221.9984263899,"Latitude":37.549093759999998,"Longitude":-77.435639120000005,"CreatedBy":" ","CreatedDat":" ","EditBy":"MORTONRF","EditDate":"2025-05-29T14:53:47Z","Shape_Length_1":281.49038633956638,"Shape_Area_1":3693.0221889506911,"ID":null,"Address":"200 Maggie L Walker Pl","Name":"Richmond Redevelopment And Housing Authority","Type__Business_or_Residences_":null,"Business_Type":null,"Identification":"Vacant","ID2level":"Vacant","Notes":null,"Shape_Length":281.49038633956638,"Shape_Area":3693.0221889506911}},{"type":"Feature","id":125,"geometry":{"type":"Polygon","coordinates":[[[-77.436973401219845,37.548076401334242],[-77.437158519502148,37.548182676051439],[-77.437199083856726,37.548139768819361],[-77.437191682095104,37.548135374482293],[-77.437015224274319,37.548030603003269],[-77.436973401219845,37.548076401334242]]]},"properties":{"OBJECTID":125,"AddressLab":"610 N 2nd St","OwnerName":"Alx Family Properties Llc","ParcelID":47894,"PIN":"N0000064010","CountOfPIN":1,"AsrLocatio":"610","MailAddres":"9211 Quioccasin Rd","LandUse":"Vacant","MailCity":"Richmond","MailState":"VA","MailZip":"23229","Assessment":"2026-01-01T00:00:00Z","LandValue":105000,"DwellingVa":0,"TotalValue":105000,"LandSqFt":1189.8,"ProvalAsmt":"411","TaxExemptC":" ","PropertyCl":"401","Property_1":"B Commercial Vacant Land","Mailable":0,"MaskedOwne":" ","OBJECTID_1":34066,"GlobalID":"ede32283-034e-4b68-9ebc-1484619feeec","City":"Richmond","State":"VA","Shape__Are":1332.1640625,"Shape__Len":172.82721759734605,"OBJECTID_1_1":129,"Join_Count":1,"TARGET_FID":129,"OBJECTID_1_12":null,"AddressId":"2017728","BuildingNu":"610","StreetDire":"N","StreetName":"2nd","StreetType":"St","ExtensionW":" ","UnitType":" ","UnitValue":" ","ZipCode":"23219","Mailable_1":"No","StatePlane":11791059.7073831,"StatePla_1":3724854.4991614399,"Latitude":37.548097329999997,"Longitude":-77.437080210000005,"CreatedBy":" ","CreatedDat":" ","EditBy":"parkerca","EditDate":"2011-10-20T15:17:01Z","Shape_Length_1":172.82721759734562,"Shape_Area_1":1332.1620550495777,"ID":null,"Address":"610 N 2nd St","Name":"Alx Family Properties Llc","Type__Business_or_Residences_":null,"Business_Type":null,"Identification":"Vacant","ID2level":"Vacant","Notes":null,"Shape_Length":172.82721759734562,"Shape_Area":1332.1620550495777}},{"type":"Feature","id":126,"geometry":{"type":"Polygon","coordinates":[[[-77.436385986538752,37.549457588381323],[-77.436245674209772,37.549373055278153],[-77.436409417834511,37.549200763224405],[-77.43619992588431,37.549074551703626],[-77.436180506442696,37.549094984735824],[-77.436073698132176,37.549030635714011],[-77.43568301702723,37.549441709545555],[-77.435888281357165,37.54953670864635],[-77.436051713463243,37.549607170798474],[-77.436213175067195,37.549676780622633],[-77.436385986538752,37.549457588381323]]]},"properties":{"OBJECTID":126,"AddressLab":"744 N 2nd St","OwnerName":"Jackson Ward Senior Llc C/o Community Housing Inc","ParcelID":514273,"PIN":"N0000065004","CountOfPIN":1,"AsrLocatio":"744","MailAddres":"8403 Colesville Rd #1150","LandUse":"Multi-Family","MailCity":"Silver Spring","MailState":"MC","MailZip":"20910","Assessment":"2026-01-01T00:00:00Z","LandValue":1800000,"DwellingVa":9656000,"TotalValue":11456000,"LandSqFt":26898,"ProvalAsmt":"503","TaxExemptC":"620","PropertyCl":"321","Property_1":"R Apartment 25-99 Units","Mailable":1,"MaskedOwne":" ","OBJECTID_1":34069,"GlobalID":"b7d11668-6a2c-4f0d-98cf-06122c4b026c","City":"Richmond","State":"VA","Shape__Are":26896.70703125,"Shape__Len":711.8721196509025,"OBJECTID_1_1":130,"Join_Count":1,"TARGET_FID":130,"OBJECTID_1_12":null,"AddressId":"2017744","BuildingNu":"744","StreetDire":"N","StreetName":"2nd","StreetType":"St","ExtensionW":" ","UnitType":" ","UnitValue":" ","ZipCode":"23219","Mailable_1":"Yes","StatePlane":11791410.6328623,"StatePla_1":3725317.4234323902,"Latitude":37.54935777,"Longitude":-77.435851830000004,"CreatedBy":" ","CreatedDat":" ","EditBy":"MORTONRF","EditDate":"2020-08-05T15:09:17Z","Shape_Length_1":711.87211963426591,"Shape_Area_1":26896.704212719491,"ID":null,"Address":"744 N 2nd St","Name":"Jackson Ward Senior Llc C/o Community Housing Inc","Type__Business_or_Residences_":null,"Business_Type":null,"Identification":"Residential","ID2level":"Residential","Notes":null,"Shape_Length":711.87211963426591,"Shape_Area":26896.704212719491}},{"type":"Feature","id":127,"geometry":{"type":"Polygon","coordinates":[[[-77.438105029211485,37.546876983613771],[-77.438479537577265,37.547101910826584],[-77.438515336288901,37.547123411715987],[-77.438562884181295,37.547073224373257],[-77.438527086611529,37.547051723508162],[-77.438458252151506,37.547010381960639],[-77.438464474592337,37.547003799263337],[-77.438158808638008,37.54682022013926],[-77.438105029211485,37.546876983613771]]]},"properties":{"OBJECTID":127,"AddressLab":"516 N 2nd St","OwnerName":"Wynn Brett A","ParcelID":98540,"PIN":"N0000062073","CountOfPIN":1,"AsrLocatio":"516","MailAddres":"4326 Roberts Ave","LandUse":"Multi-Family","MailCity":"Annandale","MailState":"VA","MailZip":"22003","Assessment":"2026-01-01T00:00:00Z","LandValue":30000,"DwellingVa":70000,"TotalValue":100000,"LandSqFt":1,"ProvalAsmt":"603","TaxExemptC":" ","PropertyCl":"211","Property_1":"R Condo Residential 12-49 Unit","Mailable":1,"MaskedOwne":" ","OBJECTID_1":34512,"GlobalID":"f595b64e-d5ff-48c3-98e5-bfd6c7968b4d","City":"Richmond","State":"VA","Shape__Are":3743.6171875,"Shape__Len":349.77617073659025,"OBJECTID_1_1":131,"Join_Count":14,"TARGET_FID":131,"OBJECTID_1_12":null,"AddressId":"0109563","BuildingNu":"516","StreetDire":"N","StreetName":"2nd","StreetType":"St","ExtensionW":" ","UnitType":" ","UnitValue":" ","ZipCode":"23219","Mailable_1":"No","StatePlane":11790755.284763601,"StatePla_1":3724397.9334735102,"Latitude":37.546852909999998,"Longitude":-77.438147920000006,"CreatedBy":" ","CreatedDat":" ","EditBy":"parkerca","EditDate":"2011-10-20T15:20:19Z","Shape_Length_1":349.77617075742842,"Shape_Area_1":3743.6157530736805,"ID":null,"Address":"516 N 2nd St","Name":null,"Type__Business_or_Residences_":"Mixed Use","Business_Type":"Thai Studio Restaurant, Treasures jewelers ","Identification":"Mixed Use","ID2level":"Restaurant / Shop / Residential","Notes":"There also an apartment with 13 units","Shape_Length":349.77617075742842,"Shape_Area":3743.6157530736805}},{"type":"Feature","id":128,"geometry":{"type":"Polygon","coordinates":[[[-77.438105029211485,37.546876983613771],[-77.438479537577265,37.547101910826584],[-77.438515336288901,37.547123411715987],[-77.438562884181295,37.547073224373257],[-77.438527086611529,37.547051723508162],[-77.438458252151506,37.547010381960639],[-77.438464474592337,37.547003799263337],[-77.438158808638008,37.54682022013926],[-77.438105029211485,37.546876983613771]]]},"properties":{"OBJECTID":128,"AddressLab":"516 N 2nd St","OwnerName":"Stallings Ronald A","ParcelID":98540,"PIN":"N0000062074","CountOfPIN":1,"AsrLocatio":"516","MailAddres":"402 1/2 N 2nd St","LandUse":"Multi-Family","MailCity":"Richmond","MailState":"VA","MailZip":"23219","Assessment":"2026-01-01T00:00:00Z","LandValue":30000,"DwellingVa":70000,"TotalValue":100000,"LandSqFt":1,"ProvalAsmt":"603","TaxExemptC":" ","PropertyCl":"211","Property_1":"R Condo Residential 12-49 Unit","Mailable":1,"MaskedOwne":" ","OBJECTID_1":34513,"GlobalID":"dbe11847-0e65-42fc-9d9a-70e4d58944ec","City":"Richmond","State":"VA","Shape__Are":3743.6171875,"Shape__Len":349.77617073659025,"OBJECTID_1_1":132,"Join_Count":14,"TARGET_FID":132,"OBJECTID_1_12":null,"AddressId":"0109563","BuildingNu":"516","StreetDire":"N","StreetName":"2nd","StreetType":"St","ExtensionW":" ","UnitType":" ","UnitValue":" ","ZipCode":"23219","Mailable_1":"No","StatePlane":11790755.284763601,"StatePla_1":3724397.9334735102,"Latitude":37.546852909999998,"Longitude":-77.438147920000006,"CreatedBy":" ","CreatedDat":" ","EditBy":"parkerca","EditDate":"2011-10-20T15:20:19Z","Shape_Length_1":349.77617075742842,"Shape_Area_1":3743.6157530736805,"ID":null,"Address":"516 N 2nd St","Name":null,"Type__Business_or_Residences_":"Mixed Use","Business_Type":"Thai Studio Restaurant, Treasures jewelers ","Identification":"Mixed Use","ID2level":"Restaurant / Shop / Residential","Notes":"There also an apartment with 13 units","Shape_Length":349.77617075742842,"Shape_Area":3743.6157530736805}},{"type":"Feature","id":129,"geometry":{"type":"Polygon","coordinates":[[[-77.438105029211485,37.546876983613771],[-77.438479537577265,37.547101910826584],[-77.438515336288901,37.547123411715987],[-77.438562884181295,37.547073224373257],[-77.438527086611529,37.547051723508162],[-77.438458252151506,37.547010381960639],[-77.438464474592337,37.547003799263337],[-77.438158808638008,37.54682022013926],[-77.438105029211485,37.546876983613771]]]},"properties":{"OBJECTID":129,"AddressLab":"516 N 2nd St","OwnerName":"Awais Mohammad","ParcelID":98540,"PIN":"N0000062075","CountOfPIN":1,"AsrLocatio":"516","MailAddres":"14042 Madrigal Dr","LandUse":"Multi-Family","MailCity":"Woodbridge","MailState":"VA","MailZip":"22193","Assessment":"2026-01-01T00:00:00Z","LandValue":30000,"DwellingVa":70000,"TotalValue":100000,"LandSqFt":1,"ProvalAsmt":"603","TaxExemptC":" ","PropertyCl":"211","Property_1":"R Condo Residential 12-49 Unit","Mailable":1,"MaskedOwne":" ","OBJECTID_1":34514,"GlobalID":"ea53e520-0478-48c8-ad45-aa92ec318985","City":"Richmond","State":"VA","Shape__Are":3743.6171875,"Shape__Len":349.77617073659025,"OBJECTID_1_1":133,"Join_Count":14,"TARGET_FID":133,"OBJECTID_1_12":null,"AddressId":"0109563","BuildingNu":"516","StreetDire":"N","StreetName":"2nd","StreetType":"St","ExtensionW":" ","UnitType":" ","UnitValue":" ","ZipCode":"23219","Mailable_1":"No","StatePlane":11790755.284763601,"StatePla_1":3724397.9334735102,"Latitude":37.546852909999998,"Longitude":-77.438147920000006,"CreatedBy":" ","CreatedDat":" ","EditBy":"parkerca","EditDate":"2011-10-20T15:20:19Z","Shape_Length_1":349.77617075742842,"Shape_Area_1":3743.6157530736805,"ID":null,"Address":"516 N 2nd St","Name":null,"Type__Business_or_Residences_":"Mixed Use","Business_Type":"Thai Studio Restaurant, Treasures jewelers ","Identification":"Mixed Use","ID2level":"Restaurant / Shop / Residential","Notes":"There also an apartment with 13 units","Shape_Length":349.77617075742842,"Shape_Area":3743.6157530736805}},{"type":"Feature","id":130,"geometry":{"type":"Polygon","coordinates":[[[-77.438105029211485,37.546876983613771],[-77.438479537577265,37.547101910826584],[-77.438515336288901,37.547123411715987],[-77.438562884181295,37.547073224373257],[-77.438527086611529,37.547051723508162],[-77.438458252151506,37.547010381960639],[-77.438464474592337,37.547003799263337],[-77.438158808638008,37.54682022013926],[-77.438105029211485,37.546876983613771]]]},"properties":{"OBJECTID":130,"AddressLab":"516 N 2nd St","OwnerName":"Nelms Wesley A & Michelle J Trustees Trust","ParcelID":98540,"PIN":"N0000062076","CountOfPIN":1,"AsrLocatio":"516","MailAddres":"9337 Guenevere Pl","LandUse":"Multi-Family","MailCity":"Mechanicsville","MailState":"VA","MailZip":"23116","Assessment":"2026-01-01T00:00:00Z","LandValue":30000,"DwellingVa":70000,"TotalValue":100000,"LandSqFt":1,"ProvalAsmt":"603","TaxExemptC":" ","PropertyCl":"211","Property_1":"R Condo Residential 12-49 Unit","Mailable":1,"MaskedOwne":" ","OBJECTID_1":34515,"GlobalID":"e7de4118-2ad9-49e1-944d-1488972649a6","City":"Richmond","State":"VA","Shape__Are":3743.6171875,"Shape__Len":349.77617073659025,"OBJECTID_1_1":134,"Join_Count":14,"TARGET_FID":134,"OBJECTID_1_12":null,"AddressId":"0109563","BuildingNu":"516","StreetDire":"N","StreetName":"2nd","StreetType":"St","ExtensionW":" ","UnitType":" ","UnitValue":" ","ZipCode":"23219","Mailable_1":"No","StatePlane":11790755.284763601,"StatePla_1":3724397.9334735102,"Latitude":37.546852909999998,"Longitude":-77.438147920000006,"CreatedBy":" ","CreatedDat":" ","EditBy":"parkerca","EditDate":"2011-10-20T15:20:19Z","Shape_Length_1":349.77617075742842,"Shape_Area_1":3743.6157530736805,"ID":null,"Address":"516 N 2nd St","Name":null,"Type__Business_or_Residences_":"Mixed Use","Business_Type":"Thai Studio Restaurant, Treasures jewelers ","Identification":"Mixed Use","ID2level":"Restaurant / Shop / Residential","Notes":"There also an apartment with 13 units","Shape_Length":349.77617075742842,"Shape_Area":3743.6157530736805}},{"type":"Feature","id":131,"geometry":{"type":"Polygon","coordinates":[[[-77.437070229266126,37.54797036375016],[-77.437407321114307,37.548169739716798],[-77.437470967208256,37.548099625067394],[-77.437135274188549,37.547899139946701],[-77.437070229266126,37.54797036375016]]]},"properties":{"OBJECTID":131,"AddressLab":"604 N 2nd St","OwnerName":"Alx Family Properties Llc","ParcelID":9471,"PIN":"N0000064011","CountOfPIN":1,"AsrLocatio":"606","MailAddres":"9211 Quioccasin Rd","LandUse":"Vacant","MailCity":"Richmond","MailState":"VA","MailZip":"23229","Assessment":"2026-01-01T00:00:00Z","LandValue":373000,"DwellingVa":0,"TotalValue":373000,"LandSqFt":7320,"ProvalAsmt":"411","TaxExemptC":" ","PropertyCl":"401","Property_1":"B Commercial Vacant Land","Mailable":0,"MaskedOwne":" ","OBJECTID_1":34661,"GlobalID":"cbba1a0b-cd05-4313-b35b-5c70ebc09f00","City":"Richmond","State":"VA","Shape__Are":7183.23046875,"Shape__Len":361.4985869905355,"OBJECTID_1_1":135,"Join_Count":1,"TARGET_FID":135,"OBJECTID_1_12":null,"AddressId":"0109593","BuildingNu":"604","StreetDire":"N","StreetName":"2nd","StreetType":"St","ExtensionW":" ","UnitType":" ","UnitValue":" ","ZipCode":"23219","Mailable_1":"No","StatePlane":11791028.522406099,"StatePla_1":3724811.5950477701,"Latitude":37.547980469999999,"Longitude":-77.437189439999997,"CreatedBy":" ","CreatedDat":" ","EditBy":"parkerca","EditDate":"2011-11-01T08:51:36Z","Shape_Length_1":306.95981501920744,"Shape_Area_1":3867.4277856417575,"ID":null,"Address":"604 N 2nd St","Name":"Alx Family Properties Llc","Type__Business_or_Residences_":null,"Business_Type":null,"Identification":"Vacant","ID2level":"Vacant","Notes":null,"Shape_Length":306.95981501920744,"Shape_Area":3867.4277856417575}},{"type":"Feature","id":132,"geometry":{"type":"Polygon","coordinates":[[[-77.438105029211485,37.546876983613771],[-77.438479537577265,37.547101910826584],[-77.438515336288901,37.547123411715987],[-77.438562884181295,37.547073224373257],[-77.438527086611529,37.547051723508162],[-77.438458252151506,37.547010381960639],[-77.438464474592337,37.547003799263337],[-77.438158808638008,37.54682022013926],[-77.438105029211485,37.546876983613771]]]},"properties":{"OBJECTID":132,"AddressLab":"516 N 2nd St","OwnerName":"Stallings Ronald A","ParcelID":98540,"PIN":"N0000062071","CountOfPIN":1,"AsrLocatio":"516","MailAddres":"402 1/2 N 2nd St","LandUse":"Multi-Family","MailCity":"Richmond","MailState":"VA","MailZip":"23219","Assessment":"2026-01-01T00:00:00Z","LandValue":30000,"DwellingVa":70000,"TotalValue":100000,"LandSqFt":1,"ProvalAsmt":"603","TaxExemptC":" ","PropertyCl":"211","Property_1":"R Condo Residential 12-49 Unit","Mailable":1,"MaskedOwne":" ","OBJECTID_1":34807,"GlobalID":"e8bcf0e3-f39c-4259-9399-410dc6a5f5a8","City":"Richmond","State":"VA","Shape__Are":3743.6171875,"Shape__Len":349.77617073659025,"OBJECTID_1_1":136,"Join_Count":14,"TARGET_FID":136,"OBJECTID_1_12":null,"AddressId":"0109563","BuildingNu":"516","StreetDire":"N","StreetName":"2nd","StreetType":"St","ExtensionW":" ","UnitType":" ","UnitValue":" ","ZipCode":"23219","Mailable_1":"No","StatePlane":11790755.284763601,"StatePla_1":3724397.9334735102,"Latitude":37.546852909999998,"Longitude":-77.438147920000006,"CreatedBy":" ","CreatedDat":" ","EditBy":"parkerca","EditDate":"2011-10-20T15:20:19Z","Shape_Length_1":349.77617075742842,"Shape_Area_1":3743.6157530736805,"ID":null,"Address":"516 N 2nd St","Name":null,"Type__Business_or_Residences_":"Mixed Use","Business_Type":"Thai Studio Restaurant, Treasures jewelers ","Identification":"Mixed Use","ID2level":"Restaurant / Shop / Residential","Notes":"There also an apartment with 13 units","Shape_Length":349.77617075742842,"Shape_Area":3743.6157530736805}},{"type":"Feature","id":133,"geometry":{"type":"Polygon","coordinates":[[[-77.43429960903498,37.550896496659249],[-77.434202563967517,37.550999177033937],[-77.434400315264526,37.551054764568192],[-77.434442306690087,37.550967302673435],[-77.434389840581773,37.550945237178297],[-77.43429960903498,37.550896496659249]]]},"properties":{"OBJECTID":133,"AddressLab":"924 N 2nd St","OwnerName":"Mt Olive Congregation Church Of God Of Richmond Tr","ParcelID":17393,"PIN":"N0000068012","CountOfPIN":1,"AsrLocatio":"924","MailAddres":"924 N 2nd St","LandUse":"Institutional","MailCity":"Richmond","MailState":"VA","MailZip":"23219","Assessment":"2026-01-01T00:00:00Z","LandValue":21000,"DwellingVa":287000,"TotalValue":308000,"LandSqFt":2155.7399999999998,"ProvalAsmt":"430","TaxExemptC":"400","PropertyCl":"468","Property_1":"B Religious/Church/Synagogue","Mailable":1,"MaskedOwne":" ","OBJECTID_1":34812,"GlobalID":"a71ac3c3-2c78-4f77-90ea-45b28c43b45c","City":"Richmond","State":"VA","Shape__Are":2142.12109375,"Shape__Len":190.49060871608191,"OBJECTID_1_1":137,"Join_Count":1,"TARGET_FID":137,"OBJECTID_1_12":null,"AddressId":"0109680","BuildingNu":"924","StreetDire":"N","StreetName":"2nd","StreetType":"St","ExtensionW":" ","UnitType":" ","UnitValue":" ","ZipCode":"23219","Mailable_1":"Yes","StatePlane":11791859.3881984,"StatePla_1":3725902.4052021098,"Latitude":37.55095034,"Longitude":-77.434281189999993,"CreatedBy":" ","CreatedDat":" ","EditBy":"parkerca","EditDate":"2011-10-20T15:19:23Z","Shape_Length_1":190.49060870181592,"Shape_Area_1":2142.1170129880397,"ID":null,"Address":"924 N 2nd St","Name":"Mt Olive Congregation Church Of God Of Richmond Tr","Type__Business_or_Residences_":null,"Business_Type":"Mt Olive Congregation Church Of God Of Richmond Tr","Identification":"Institutional","ID2level":"Worship","Notes":null,"Shape_Length":190.49060870181592,"Shape_Area":2142.1170129880397}},{"type":"Feature","id":134,"geometry":{"type":"Polygon","coordinates":[[[-77.439348744156675,37.545033979544236],[-77.439495882164039,37.545117835757445],[-77.439535876442321,37.545075817417235],[-77.439392134423727,37.544989174790544],[-77.439348744156675,37.545033979544236]]]},"properties":{"OBJECTID":134,"AddressLab":"315 N 2nd St","OwnerName":"Two Street Condominium Unit Owners Association","ParcelID":47580,"PIN":"N0000037001","CountOfPIN":1,"AsrLocatio":"315","MailAddres":"327 N 2nd St","LandUse":"Multi-Family","MailCity":"Richmond","MailState":"VA","MailZip":"23219","Assessment":"2026-01-01T00:00:00Z","LandValue":1000,"DwellingVa":1000,"TotalValue":2000,"LandSqFt":5452.5799999999999,"ProvalAsmt":"603","TaxExemptC":"699","PropertyCl":"205","Property_1":"R Condo Common Area Main","Mailable":1,"MaskedOwne":" ","OBJECTID_1":29120,"GlobalID":"9b776ca3-7f0b-4dc4-a146-03762aa9e325","City":"Richmond","State":"VA","Shape__Are":5452.56640625,"Shape__Len":312.34854840200006,"OBJECTID_1_1":139,"Join_Count":3,"TARGET_FID":139,"OBJECTID_1_12":null,"AddressId":"1109532","BuildingNu":"315","StreetDire":"N","StreetName":"2nd","StreetType":"St","ExtensionW":" ","UnitType":" ","UnitValue":" ","ZipCode":"23219","Mailable_1":"No","StatePlane":11790375.5427409,"StatePla_1":3723750.9173790999,"Latitude":37.545087789999997,"Longitude":-77.439482760000004,"CreatedBy":" ","CreatedDat":" ","EditBy":"parkerca","EditDate":"2011-10-20T15:19:23Z","Shape_Length_1":144.52565029338962,"Shape_Area_1":1041.709201043323,"ID":null,"Address":"315 N 2nd St","Name":"Mulvey Chris","Type__Business_or_Residences_":"Residential","Business_Type":null,"Identification":"Residential","ID2level":"Residential / Shop","Notes":null,"Shape_Length":144.52565029338962,"Shape_Area":1041.709201043323}},{"type":"Feature","id":135,"geometry":{"type":"Polygon","coordinates":[[[-77.439315170699643,37.545068647314082],[-77.43946182684607,37.545153611216556],[-77.439495882164039,37.545117835757445],[-77.439348744156675,37.545033979544236],[-77.439315170699643,37.545068647314082]]]},"properties":{"OBJECTID":135,"AddressLab":"317 N 2nd St Unit A","OwnerName":"Two Street Condominium Unit Owners Association","ParcelID":47580,"PIN":"N0000037001","CountOfPIN":1,"AsrLocatio":"315","MailAddres":"327 N 2nd St","LandUse":"Multi-Family","MailCity":"Richmond","MailState":"VA","MailZip":"23219","Assessment":"2026-01-01T00:00:00Z","LandValue":1000,"DwellingVa":1000,"TotalValue":2000,"LandSqFt":5452.5799999999999,"ProvalAsmt":"603","TaxExemptC":"699","PropertyCl":"205","Property_1":"R Condo Common Area Main","Mailable":1,"MaskedOwne":" ","OBJECTID_1":29120,"GlobalID":"9b776ca3-7f0b-4dc4-a146-03762aa9e325","City":"Richmond","State":"VA","Shape__Are":5452.56640625,"Shape__Len":312.34854840200006,"OBJECTID_1_1":140,"Join_Count":3,"TARGET_FID":140,"OBJECTID_1_12":null,"AddressId":"3157669","BuildingNu":"317","StreetDire":"N","StreetName":"2nd","StreetType":"St","ExtensionW":"Unit A","UnitType":" ","UnitValue":" ","ZipCode":"23219","Mailable_1":"Yes","StatePlane":11790395.6942754,"StatePla_1":3723749.7979587801,"Latitude":37.545084090000003,"Longitude":-77.439413299999998,"CreatedBy":" ","CreatedDat":" ","EditBy":"parkerca","EditDate":"2011-10-20T15:19:23Z","Shape_Length_1":137.32723157924949,"Shape_Area_1":847.49269644561116,"ID":null,"Address":"317 N 2nd St Unit A","Name":"Two Street Condominium Unit Owners Association","Type__Business_or_Residences_":null,"Business_Type":null,"Identification":"Residential","ID2level":"Residential","Notes":null,"Shape_Length":137.32723157924949,"Shape_Area":847.49269644561116}},{"type":"Feature","id":136,"geometry":{"type":"Polygon","coordinates":[[[-77.439279882486645,37.545105092924182],[-77.439427832383899,37.54518932233092],[-77.43946182684607,37.545153611216556],[-77.439315170699643,37.545068647314082],[-77.439279882486645,37.545105092924182]]]},"properties":{"OBJECTID":136,"AddressLab":"319 N 2nd St","OwnerName":"Two Street Condominium Unit Owners Association","ParcelID":47580,"PIN":"N0000037001","CountOfPIN":1,"AsrLocatio":"315","MailAddres":"327 N 2nd St","LandUse":"Multi-Family","MailCity":"Richmond","MailState":"VA","MailZip":"23219","Assessment":"2026-01-01T00:00:00Z","LandValue":1000,"DwellingVa":1000,"TotalValue":2000,"LandSqFt":5452.5799999999999,"ProvalAsmt":"603","TaxExemptC":"699","PropertyCl":"205","Property_1":"R Condo Common Area Main","Mailable":1,"MaskedOwne":" ","OBJECTID_1":29120,"GlobalID":"9b776ca3-7f0b-4dc4-a146-03762aa9e325","City":"Richmond","State":"VA","Shape__Are":5452.56640625,"Shape__Len":312.34854840200006,"OBJECTID_1_1":141,"Join_Count":3,"TARGET_FID":141,"OBJECTID_1_12":null,"AddressId":"1109537","BuildingNu":"319","StreetDire":"N","StreetName":"2nd","StreetType":"St","ExtensionW":" ","UnitType":" ","UnitValue":" ","ZipCode":"23219","Mailable_1":"No","StatePlane":11790394.8543821,"StatePla_1":3723773.2775706002,"Latitude":37.545148599999997,"Longitude":-77.439415289999999,"CreatedBy":" ","CreatedDat":" ","EditBy":"parkerca","EditDate":"2011-10-20T15:19:23Z","Shape_Length_1":138.38457302336695,"Shape_Area_1":870.37505205184323,"ID":null,"Address":"319 N 2nd St","Name":"Shakoor's Betty","Type__Business_or_Residences_":"Mixed Use","Business_Type":"Concerned Muslims For Change, Shakoor's Merchandise Clothing","Identification":"Mixed Use","ID2level":"Residential / Community & Athletic Center / Shop","Notes":null,"Shape_Length":138.38457302336695,"Shape_Area":870.37505205184323}},{"type":"Feature","id":137,"geometry":{"type":"Polygon","coordinates":[[[-77.439256586377695,37.545129147545111],[-77.439406380883881,37.545211859807587],[-77.439427832383899,37.54518932233092],[-77.439279882486645,37.545105092924182],[-77.439256586377695,37.545129147545111]]]},"properties":{"OBJECTID":137,"AddressLab":"321 N 2nd St","OwnerName":"Two Street Condominium Unit Owners Association","ParcelID":47580,"PIN":"N0000037001","CountOfPIN":1,"AsrLocatio":"315","MailAddres":"327 N 2nd St","LandUse":"Multi-Family","MailCity":"Richmond","MailState":"VA","MailZip":"23219","Assessment":"2026-01-01T00:00:00Z","LandValue":1000,"DwellingVa":1000,"TotalValue":2000,"LandSqFt":5452.5799999999999,"ProvalAsmt":"603","TaxExemptC":"699","PropertyCl":"205","Property_1":"R Condo Common Area Main","Mailable":1,"MaskedOwne":" ","OBJECTID_1":29120,"GlobalID":"9b776ca3-7f0b-4dc4-a146-03762aa9e325","City":"Richmond","State":"VA","Shape__Are":5452.56640625,"Shape__Len":312.34854840200006,"OBJECTID_1_1":142,"Join_Count":3,"TARGET_FID":142,"OBJECTID_1_12":null,"AddressId":"0109539","BuildingNu":"321","StreetDire":"N","StreetName":"2nd","StreetType":"St","ExtensionW":" ","UnitType":" ","UnitValue":" ","ZipCode":"23219","Mailable_1":"No","StatePlane":11790402.660468901,"StatePla_1":3723783.57085711,"Latitude":37.54517663,"Longitude":-77.439387960000005,"CreatedBy":" ","CreatedDat":" ","EditBy":"parkerca","EditDate":"2011-10-20T15:19:23Z","Shape_Length_1":126.93625104593985,"Shape_Area_1":563.25739949204137,"ID":null,"Address":"321 N 2nd St","Name":"Two Street Condominium Unit Owners Association","Type__Business_or_Residences_":null,"Business_Type":null,"Identification":"Residential","ID2level":"Residential","Notes":null,"Shape_Length":126.93625104593985,"Shape_Area":563.25739949204137}},{"type":"Feature","id":138,"geometry":{"type":"Polygon","coordinates":[[[-77.439239240325321,37.54514705852521],[-77.439390227414364,37.545228826310655],[-77.439406380883881,37.545211859807587],[-77.439256586377695,37.545129147545111],[-77.439239240325321,37.54514705852521]]]},"properties":{"OBJECTID":138,"AddressLab":"323 N 2nd St","OwnerName":"Two Street Condominium Unit Owners Association","ParcelID":47580,"PIN":"N0000037001","CountOfPIN":1,"AsrLocatio":"315","MailAddres":"327 N 2nd St","LandUse":"Multi-Family","MailCity":"Richmond","MailState":"VA","MailZip":"23219","Assessment":"2026-01-01T00:00:00Z","LandValue":1000,"DwellingVa":1000,"TotalValue":2000,"LandSqFt":5452.5799999999999,"ProvalAsmt":"603","TaxExemptC":"699","PropertyCl":"205","Property_1":"R Condo Common Area Main","Mailable":1,"MaskedOwne":" ","OBJECTID_1":29120,"GlobalID":"9b776ca3-7f0b-4dc4-a146-03762aa9e325","City":"Richmond","State":"VA","Shape__Are":5452.56640625,"Shape__Len":312.34854840200006,"OBJECTID_1_1":143,"Join_Count":3,"TARGET_FID":143,"OBJECTID_1_12":null,"AddressId":"1109541","BuildingNu":"323","StreetDire":"N","StreetName":"2nd","StreetType":"St","ExtensionW":" ","UnitType":" ","UnitValue":" ","ZipCode":"23219","Mailable_1":"No","StatePlane":11790408.6312574,"StatePla_1":3723791.53179918,"Latitude":37.545198310000004,"Longitude":-77.439367059999995,"CreatedBy":" ","CreatedDat":" ","EditBy":"parkerca","EditDate":"2011-10-20T15:19:23Z","Shape_Length_1":121.77647301375215,"Shape_Area_1":422.26942571862219,"ID":null,"Address":"323 N 2nd St","Name":"321 N 2nd Llc","Type__Business_or_Residences_":null,"Business_Type":"Indigo Salon","Identification":"Commercial","ID2level":"Beauty","Notes":null,"Shape_Length":121.77647301375215,"Shape_Area":422.26942571862219}},{"type":"Feature","id":139,"geometry":{"type":"Polygon","coordinates":[[[-77.439215165495469,37.545171920766052],[-77.439365550260447,37.545254750997906],[-77.439390227414364,37.545228826310655],[-77.439239240325321,37.54514705852521],[-77.439215165495469,37.545171920766052]]]},"properties":{"OBJECTID":139,"AddressLab":"325 N 2nd St Unit B","OwnerName":"Two Street Condominium Unit Owners Association","ParcelID":47580,"PIN":"N0000037001","CountOfPIN":1,"AsrLocatio":"315","MailAddres":"327 N 2nd St","LandUse":"Multi-Family","MailCity":"Richmond","MailState":"VA","MailZip":"23219","Assessment":"2026-01-01T00:00:00Z","LandValue":1000,"DwellingVa":1000,"TotalValue":2000,"LandSqFt":5452.5799999999999,"ProvalAsmt":"603","TaxExemptC":"699","PropertyCl":"205","Property_1":"R Condo Common Area Main","Mailable":1,"MaskedOwne":" ","OBJECTID_1":29120,"GlobalID":"9b776ca3-7f0b-4dc4-a146-03762aa9e325","City":"Richmond","State":"VA","Shape__Are":5452.56640625,"Shape__Len":312.34854840200006,"OBJECTID_1_1":144,"Join_Count":3,"TARGET_FID":144,"OBJECTID_1_12":null,"AddressId":"3157678","BuildingNu":"325","StreetDire":"N","StreetName":"2nd","StreetType":"St","ExtensionW":"Unit B","UnitType":" ","UnitValue":" ","ZipCode":"23219","Mailable_1":"Yes","StatePlane":11790430.0268839,"StatePla_1":3723790.5367224398,"Latitude":37.545194909999999,"Longitude":-77.439293309999996,"CreatedBy":" ","CreatedDat":" ","EditBy":"parkerca","EditDate":"2011-10-20T15:19:23Z","Shape_Length_1":129.22939396229185,"Shape_Area_1":615.70796437972888,"ID":null,"Address":"325 N 2nd St Unit B","Name":"Two Street Condominium Unit Owners Association","Type__Business_or_Residences_":null,"Business_Type":null,"Identification":"Residential","ID2level":"Residential","Notes":null,"Shape_Length":129.22939396229185,"Shape_Area":615.70796437972888}},{"type":"Feature","id":140,"geometry":{"type":"Polygon","coordinates":[[[-77.439603598838275,37.5448177503484],[-77.439542898616565,37.544880259273192],[-77.439660676191863,37.5449508389597],[-77.439720459259462,37.544887638739084],[-77.439603598838275,37.5448177503484]]]},"properties":{"OBJECTID":140,"AddressLab":"309 N 2nd St","OwnerName":"Jemals Harpers Ii Llc C/o Douglas Dev Corp","ParcelID":29237,"PIN":"N0000037029","CountOfPIN":1,"AsrLocatio":"200","MailAddres":"655 New York Ave Nw, Suite 830","LandUse":"Mixed-Use","MailCity":"Washington","MailState":"DC","MailZip":"20001","Assessment":"2026-01-01T00:00:00Z","LandValue":751000,"DwellingVa":915000,"TotalValue":1666000,"LandSqFt":6510.0699999999997,"ProvalAsmt":"446","TaxExemptC":" ","PropertyCl":"450","Property_1":"B Mixed Use","Mailable":1,"MaskedOwne":" ","OBJECTID_1":28712,"GlobalID":"8e6f328a-1068-42a5-8184-2bca5ec1aef4","City":"Richmond","State":"VA","Shape__Are":6158.50390625,"Shape__Len":393.14609068574777,"OBJECTID_1_1":145,"Join_Count":2,"TARGET_FID":145,"OBJECTID_1_12":null,"AddressId":"1109522","BuildingNu":"309","StreetDire":"N","StreetName":"2nd","StreetType":"St","ExtensionW":" ","UnitType":" ","UnitValue":" ","ZipCode":"23219","Mailable_1":"Yes","StatePlane":11790320.8666692,"StatePla_1":3723677.1383271799,"Latitude":37.544886859999998,"Longitude":-77.439674190000005,"CreatedBy":" ","CreatedDat":" ","EditBy":"parkerca","EditDate":"2011-11-01T08:18:32Z","Shape_Length_1":142.68867323394281,"Shape_Area_1":1225.0802230380255,"ID":null,"Address":"309 N 2nd St","Name":"Jemals Harpers Ii Llc C/o Douglas Dev Corp","Type__Business_or_Residences_":null,"Business_Type":null,"Identification":"Mixed Use","ID2level":"Beauty","Notes":null,"Shape_Length":142.68867323394281,"Shape_Area":1225.0802230380255}},{"type":"Feature","id":141,"geometry":{"type":"Polygon","coordinates":[[[-77.439642074253271,37.544756311369838],[-77.439627277310038,37.544771711308819],[-77.439673786717535,37.544798671917711],[-77.439665096252682,37.544810233717705],[-77.439630047170553,37.544790521339188],[-77.439603598838275,37.5448177503484],[-77.439720459259462,37.544887638739084],[-77.439772690953532,37.544832421396457],[-77.439642074253271,37.544756311369838]]]},"properties":{"OBJECTID":141,"AddressLab":"307 N 2nd St","OwnerName":"Jemals Harpers Ii Llc C/o Douglas Dev Corp","ParcelID":29237,"PIN":"N0000037029","CountOfPIN":1,"AsrLocatio":"200","MailAddres":"655 New York Ave Nw, Suite 830","LandUse":"Mixed-Use","MailCity":"Washington","MailState":"DC","MailZip":"20001","Assessment":"2026-01-01T00:00:00Z","LandValue":751000,"DwellingVa":915000,"TotalValue":1666000,"LandSqFt":6510.0699999999997,"ProvalAsmt":"446","TaxExemptC":" ","PropertyCl":"450","Property_1":"B Mixed Use","Mailable":1,"MaskedOwne":" ","OBJECTID_1":28712,"GlobalID":"8e6f328a-1068-42a5-8184-2bca5ec1aef4","City":"Richmond","State":"VA","Shape__Are":6158.50390625,"Shape__Len":393.14609068574777,"OBJECTID_1_1":146,"Join_Count":3,"TARGET_FID":146,"OBJECTID_1_12":null,"AddressId":"1109520","BuildingNu":"307","StreetDire":"N","StreetName":"2nd","StreetType":"St","ExtensionW":" ","UnitType":" ","UnitValue":" ","ZipCode":"23219","Mailable_1":"Yes","StatePlane":11790306.283365,"StatePla_1":3723658.7354768501,"Latitude":37.544836779999997,"Longitude":-77.439725210000006,"CreatedBy":" ","CreatedDat":" ","EditBy":"parkerca","EditDate":"2011-11-01T08:18:37Z","Shape_Length_1":168.08848918441541,"Shape_Area_1":1025.2107185569714,"ID":null,"Address":"307 N 2nd St","Name":"Jemals Harpers Ii Llc C/o Douglas Dev Corp","Type__Business_or_Residences_":null,"Business_Type":"Barber By G Studio LLC","Identification":"Commercial","ID2level":"Beauty","Notes":null,"Shape_Length":168.08848918441541,"Shape_Area":1025.2107185569714}},{"type":"Feature","id":142,"geometry":{"type":"Polygon","coordinates":[[[-77.439685818244627,37.544710796000388],[-77.439642074253271,37.544756311369838],[-77.439772690953532,37.544832421396457],[-77.439816309799198,37.544786308331865],[-77.439685818244627,37.544710796000388]]]},"properties":{"OBJECTID":142,"AddressLab":"305 N 2nd St","OwnerName":"Jemals Harpers Ii Llc C/o Douglas Dev Corp","ParcelID":29237,"PIN":"N0000037029","CountOfPIN":1,"AsrLocatio":"200","MailAddres":"655 New York Ave Nw, Suite 830","LandUse":"Mixed-Use","MailCity":"Washington","MailState":"DC","MailZip":"20001","Assessment":"2026-01-01T00:00:00Z","LandValue":751000,"DwellingVa":915000,"TotalValue":1666000,"LandSqFt":6510.0699999999997,"ProvalAsmt":"446","TaxExemptC":" ","PropertyCl":"450","Property_1":"B Mixed Use","Mailable":1,"MaskedOwne":" ","OBJECTID_1":28712,"GlobalID":"8e6f328a-1068-42a5-8184-2bca5ec1aef4","City":"Richmond","State":"VA","Shape__Are":6158.50390625,"Shape__Len":393.14609068574777,"OBJECTID_1_1":147,"Join_Count":1,"TARGET_FID":147,"OBJECTID_1_12":null,"AddressId":"3000559","BuildingNu":"305","StreetDire":"N","StreetName":"2nd","StreetType":"St","ExtensionW":" ","UnitType":" ","UnitValue":" ","ZipCode":"23219","Mailable_1":"Yes","StatePlane":11790294.4779424,"StatePla_1":3723644.49928485,"Latitude":37.544798040000003,"Longitude":-77.439766469999995,"CreatedBy":" ","CreatedDat":" ","EditBy":"parkerca","EditDate":"2011-11-01T08:18:39Z","Shape_Length_1":135.58257310382263,"Shape_Area_1":980.98776660591261,"ID":null,"Address":"305 N 2nd St","Name":"Jemals Harpers Ii Llc C/o Douglas Dev Corp","Type__Business_or_Residences_":null,"Business_Type":"Lava the Label","Identification":"Mixed Use","ID2level":"Shop","Notes":null,"Shape_Length":135.58257310382263,"Shape_Area":980.98776660591261}},{"type":"Feature","id":143,"geometry":{"type":"Polygon","coordinates":[[[-77.439742853221489,37.544651454935597],[-77.439685818244627,37.544710796000388],[-77.439816309799198,37.544786308331865],[-77.43987390759861,37.54472541333336],[-77.439742853221489,37.544651454935597]]]},"properties":{"OBJECTID":143,"AddressLab":"303 N 2nd St","OwnerName":"Jemals Harpers Ii Llc C/o Douglas Dev Corp","ParcelID":29237,"PIN":"N0000037029","CountOfPIN":1,"AsrLocatio":"200","MailAddres":"655 New York Ave Nw, Suite 830","LandUse":"Mixed-Use","MailCity":"Washington","MailState":"DC","MailZip":"20001","Assessment":"2026-01-01T00:00:00Z","LandValue":751000,"DwellingVa":915000,"TotalValue":1666000,"LandSqFt":6510.0699999999997,"ProvalAsmt":"446","TaxExemptC":" ","PropertyCl":"450","Property_1":"B Mixed Use","Mailable":1,"MaskedOwne":" ","OBJECTID_1":28712,"GlobalID":"8e6f328a-1068-42a5-8184-2bca5ec1aef4","City":"Richmond","State":"VA","Shape__Are":6158.50390625,"Shape__Len":393.14609068574777,"OBJECTID_1_1":148,"Join_Count":3,"TARGET_FID":148,"OBJECTID_1_12":null,"AddressId":"1109516","BuildingNu":"303","StreetDire":"N","StreetName":"2nd","StreetType":"St","ExtensionW":" ","UnitType":" ","UnitValue":" ","ZipCode":"23219","Mailable_1":"Yes","StatePlane":11790278.505533401,"StatePla_1":3723621.5826640101,"Latitude":37.544735600000003,"Longitude":-77.439822449999994,"CreatedBy":" ","CreatedDat":" ","EditBy":"parkerca","EditDate":"2011-11-01T08:18:23Z","Shape_Length_1":148.30488883699431,"Shape_Area_1":1282.1220867425741,"ID":null,"Address":"303 N 2nd St","Name":"Jemals Harpers Ii Llc C/o Douglas Dev Corp","Type__Business_or_Residences_":null,"Business_Type":null,"Identification":"Mixed Use","ID2level":"Unknown","Notes":null,"Shape_Length":148.30488883699431,"Shape_Area":1282.1220867425741}},{"type":"Feature","id":144,"geometry":{"type":"Polygon","coordinates":[[[-77.439836797992399,37.54470447511509],[-77.43987390759861,37.54472541333336],[-77.439946336846177,37.544648825780946],[-77.439907425220397,37.544625747576326],[-77.439836797992399,37.54470447511509]]]},"properties":{"OBJECTID":144,"AddressLab":"200 E Broad St","OwnerName":"Jemals Harpers Ii Llc C/o Douglas Dev Corp","ParcelID":29237,"PIN":"N0000037029","CountOfPIN":1,"AsrLocatio":"200","MailAddres":"655 New York Ave Nw, Suite 830","LandUse":"Mixed-Use","MailCity":"Washington","MailState":"DC","MailZip":"20001","Assessment":"2026-01-01T00:00:00Z","LandValue":751000,"DwellingVa":915000,"TotalValue":1666000,"LandSqFt":6510.0699999999997,"ProvalAsmt":"446","TaxExemptC":" ","PropertyCl":"450","Property_1":"B Mixed Use","Mailable":1,"MaskedOwne":" ","OBJECTID_1":28712,"GlobalID":"8e6f328a-1068-42a5-8184-2bca5ec1aef4","City":"Richmond","State":"VA","Shape__Are":6158.50390625,"Shape__Len":393.14609068574777,"OBJECTID_1_1":149,"Join_Count":1,"TARGET_FID":149,"OBJECTID_1_12":null,"AddressId":"0010435","BuildingNu":"200","StreetDire":"E","StreetName":"Broad","StreetType":"St","ExtensionW":" ","UnitType":" ","UnitValue":" ","ZipCode":"23219","Mailable_1":"Yes","StatePlane":11790255.888452699,"StatePla_1":3723590.9869246902,"Latitude":37.544652280000001,"Longitude":-77.439901640000002,"CreatedBy":" ","CreatedDat":" ","EditBy":"parkerca","EditDate":"2011-11-01T08:18:46Z","Shape_Length_1":97.389924090831826,"Shape_Area_1":477.78790740712134,"ID":null,"Address":"200 E Broad St","Name":"Thomas Connor S.","Type__Business_or_Residences_":"Residential","Business_Type":null,"Identification":"Residential","ID2level":"Residential","Notes":null,"Shape_Length":97.389924090831826,"Shape_Area":477.78790740712134}},{"type":"Feature","id":145,"geometry":{"type":"Polygon","coordinates":[[[-77.439859120974944,37.544597101267769],[-77.4398183417333,37.544572925912448],[-77.439742853221489,37.544651454935597],[-77.439788761746087,37.544677366651555],[-77.439859120974944,37.544597101267769]]]},"properties":{"OBJECTID":145,"AddressLab":"204 E Broad St","OwnerName":"Jemals Harpers Ii Llc C/o Douglas Dev Corp","ParcelID":29237,"PIN":"N0000037029","CountOfPIN":1,"AsrLocatio":"200","MailAddres":"655 New York Ave Nw, Suite 830","LandUse":"Mixed-Use","MailCity":"Washington","MailState":"DC","MailZip":"20001","Assessment":"2026-01-01T00:00:00Z","LandValue":751000,"DwellingVa":915000,"TotalValue":1666000,"LandSqFt":6510.0699999999997,"ProvalAsmt":"446","TaxExemptC":" ","PropertyCl":"450","Property_1":"B Mixed Use","Mailable":1,"MaskedOwne":" ","OBJECTID_1":28712,"GlobalID":"8e6f328a-1068-42a5-8184-2bca5ec1aef4","City":"Richmond","State":"VA","Shape__Are":6158.50390625,"Shape__Len":393.14609068574777,"OBJECTID_1_1":150,"Join_Count":1,"TARGET_FID":150,"OBJECTID_1_12":null,"AddressId":"3000560","BuildingNu":"204","StreetDire":"E","StreetName":"Broad","StreetType":"St","ExtensionW":" ","UnitType":" ","UnitValue":" ","ZipCode":"23219","Mailable_1":"Yes","StatePlane":11790281.930067301,"StatePla_1":3723573.62573893,"Latitude":37.544603799999997,"Longitude":-77.439812500000002,"CreatedBy":" ","CreatedDat":" ","EditBy":"parkerca","EditDate":"2011-11-01T08:18:52Z","Shape_Length_1":102.70321866838222,"Shape_Area_1":556.07873881272701,"ID":null,"Address":"204 E Broad St","Name":"Jemals Harpers Ii Llc C/o Douglas Dev Corp","Type__Business_or_Residences_":null,"Business_Type":null,"Identification":"Mixed Use","ID2level":"Shop","Notes":null,"Shape_Length":102.70321866838222,"Shape_Area":556.07873881272701}},{"type":"Feature","id":146,"geometry":{"type":"Polygon","coordinates":[[[-77.439878562039098,37.545013570334667],[-77.439842995210014,37.545051256237237],[-77.440023017163085,37.545157625188644],[-77.440057344587387,37.545121394244156],[-77.439878562039098,37.545013570334667]]]},"properties":{"OBJECTID":146,"AddressLab":"308 N 2nd St","OwnerName":"Jemal's Standard Drug Store Llc","ParcelID":19608,"PIN":"N0000060018","CountOfPIN":1,"AsrLocatio":"308","MailAddres":"655 New York Ave, Suite 830","LandUse":"Commercial","MailCity":"Washington","MailState":"DC","MailZip":"20001","Assessment":"2026-01-01T00:00:00Z","LandValue":135000,"DwellingVa":194000,"TotalValue":329000,"LandSqFt":2384.2800000000002,"ProvalAsmt":"411","TaxExemptC":" ","PropertyCl":"409","Property_1":"B Commercial Shell","Mailable":1,"MaskedOwne":" ","OBJECTID_1":28270,"GlobalID":"12b0c96b-a76c-496a-9ff5-7bb6a34e8a16","City":"Richmond","State":"VA","Shape__Are":2258.08203125,"Shape__Len":199.50244868495099,"OBJECTID_1_1":151,"Join_Count":1,"TARGET_FID":151,"OBJECTID_1_12":null,"AddressId":"0109521","BuildingNu":"308","StreetDire":"N","StreetName":"2nd","StreetType":"St","ExtensionW":" ","UnitType":" ","UnitValue":" ","ZipCode":"23219","Mailable_1":"Yes","StatePlane":11790262.3366025,"StatePla_1":3723729.6625003498,"Latitude":37.545032910000003,"Longitude":-77.439874029999999,"CreatedBy":" ","CreatedDat":" ","EditBy":"parkerca","EditDate":"2011-10-20T15:20:19Z","Shape_Length_1":163.7054135333324,"Shape_Area_1":1095.0311990094579,"ID":null,"Address":"308 N 2nd St","Name":"Jemal's Standard Drug Store Llc","Type__Business_or_Residences_":null,"Business_Type":null,"Identification":"Vacant","ID2level":"Vacant","Notes":null,"Shape_Length":163.7054135333324,"Shape_Area":1095.0311990094579}},{"type":"Feature","id":147,"geometry":{"type":"Polygon","coordinates":[[[-77.440005371850106,37.544879223622686],[-77.439915854282802,37.544974067009534],[-77.440028708708894,37.545042611771741],[-77.440094258066011,37.545082424534229],[-77.440190340141825,37.544984399337856],[-77.440005371850106,37.544879223622686]]]},"properties":{"OBJECTID":147,"AddressLab":"304 N 2nd St","OwnerName":"Jemals Standard Drug Store Llc","ParcelID":64215,"PIN":"N0000060022","CountOfPIN":2,"AsrLocatio":"124","MailAddres":"655 New York Ave Nw Ste 830","LandUse":"Mixed-Use","MailCity":"Washington","MailState":"DC","MailZip":"20001","Assessment":"2026-01-01T00:00:00Z","LandValue":760000,"DwellingVa":616000,"TotalValue":1376000,"LandSqFt":6617.0600000000004,"ProvalAsmt":"446","TaxExemptC":" ","PropertyCl":"450","Property_1":"B Mixed Use","Mailable":1,"MaskedOwne":" ","OBJECTID_1":28957,"GlobalID":"f74968fd-2043-4aae-afd1-f88a9925177f","City":"Richmond","State":"VA","Shape__Are":6638.03125,"Shape__Len":333.19629122585184,"OBJECTID_1_1":152,"Join_Count":1,"TARGET_FID":152,"OBJECTID_1_12":null,"AddressId":"0109517","BuildingNu":"304","StreetDire":"N","StreetName":"2nd","StreetType":"St","ExtensionW":" ","UnitType":" ","UnitValue":" ","ZipCode":"23219","Mailable_1":"Yes","StatePlane":11790222.1043995,"StatePla_1":3723685.4572081901,"Latitude":37.544912760000003,"Longitude":-77.440014500000004,"CreatedBy":" ","CreatedDat":" ","EditBy":"parkerca","EditDate":"2011-10-20T15:20:19Z","Shape_Length_1":219.42454461065986,"Shape_Area_1":2895.4899604951565,"ID":null,"Address":"304 N 2nd St","Name":"Jemals Standard Drug Store Llc","Type__Business_or_Residences_":null,"Business_Type":null,"Identification":"Commercial","ID2level":"Unknown","Notes":null,"Shape_Length":219.42454461065986,"Shape_Area":2895.4899604951565}},{"type":"Feature","id":148,"geometry":{"type":"Polygon","coordinates":[[[-77.440179744850454,37.544786974290766],[-77.440124064398972,37.544753482714071],[-77.440005371850106,37.544879223622686],[-77.440062417284764,37.54491166415788],[-77.440179744850454,37.544786974290766]]]},"properties":{"OBJECTID":148,"AddressLab":"124 E Broad St","OwnerName":"Jemals Standard Drug Store Llc","ParcelID":64215,"PIN":"N0000060022","CountOfPIN":2,"AsrLocatio":"124","MailAddres":"655 New York Ave Nw Ste 830","LandUse":"Mixed-Use","MailCity":"Washington","MailState":"DC","MailZip":"20001","Assessment":"2026-01-01T00:00:00Z","LandValue":760000,"DwellingVa":616000,"TotalValue":1376000,"LandSqFt":6617.0600000000004,"ProvalAsmt":"446","TaxExemptC":" ","PropertyCl":"450","Property_1":"B Mixed Use","Mailable":1,"MaskedOwne":" ","OBJECTID_1":28957,"GlobalID":"f74968fd-2043-4aae-afd1-f88a9925177f","City":"Richmond","State":"VA","Shape__Are":6638.03125,"Shape__Len":333.19629122585184,"OBJECTID_1_1":153,"Join_Count":1,"TARGET_FID":153,"OBJECTID_1_12":null,"AddressId":"3162670","BuildingNu":"124","StreetDire":"E","StreetName":"Broad","StreetType":"St","ExtensionW":" ","UnitType":" ","UnitValue":" ","ZipCode":"23219","Mailable_1":"Yes","StatePlane":11790190.073951799,"StatePla_1":3723637.41530952,"Latitude":37.544781810000003,"Longitude":-77.440126840000005,"CreatedBy":" ","CreatedDat":" ","EditBy":"parkerca","EditDate":"2011-10-20T15:21:55Z","Shape_Length_1":154.55978164956747,"Shape_Area_1":1155.7024011383141,"ID":null,"Address":"124 E Broad St","Name":"Jemals Standard Drug Store Llc","Type__Business_or_Residences_":null,"Business_Type":null,"Identification":"Mixed Use","ID2level":"Shop","Notes":null,"Shape_Length":154.55978164956747,"Shape_Area":1155.7024011383141}},{"type":"Feature","id":149,"geometry":{"type":"Polygon","coordinates":[[[-77.440135122230117,37.544953006964015],[-77.440190340141825,37.544984399337856],[-77.440308133767829,37.544864211809646],[-77.440250428892796,37.54482949472365],[-77.440135122230117,37.544953006964015]]]},"properties":{"OBJECTID":149,"AddressLab":"120 E Broad St","OwnerName":"Jemals Standard Drug Store Llc","ParcelID":64215,"PIN":"N0000060022","CountOfPIN":2,"AsrLocatio":"124","MailAddres":"655 New York Ave Nw Ste 830","LandUse":"Mixed-Use","MailCity":"Washington","MailState":"DC","MailZip":"20001","Assessment":"2026-01-01T00:00:00Z","LandValue":760000,"DwellingVa":616000,"TotalValue":1376000,"LandSqFt":6617.0600000000004,"ProvalAsmt":"446","TaxExemptC":" ","PropertyCl":"450","Property_1":"B Mixed Use","Mailable":1,"MaskedOwne":" ","OBJECTID_1":28957,"GlobalID":"f74968fd-2043-4aae-afd1-f88a9925177f","City":"Richmond","State":"VA","Shape__Are":6638.03125,"Shape__Len":333.19629122585184,"OBJECTID_1_1":154,"Join_Count":1,"TARGET_FID":154,"OBJECTID_1_12":null,"AddressId":"0010431","BuildingNu":"120","StreetDire":"E","StreetName":"Broad","StreetType":"St","ExtensionW":" ","UnitType":" ","UnitValue":" ","ZipCode":"23219","Mailable_1":"Yes","StatePlane":11790153.6166756,"StatePla_1":3723665.21971585,"Latitude":37.544859289999998,"Longitude":-77.440251500000002,"CreatedBy":" ","CreatedDat":" ","EditBy":"parkerca","EditDate":"2011-10-20T15:20:19Z","Shape_Length_1":152.18609260916372,"Shape_Area_1":1132.9536239439456,"ID":null,"Address":"120 E Broad St","Name":"Jemals Standard Drug Store Llc","Type__Business_or_Residences_":null,"Business_Type":null,"Identification":"Mixed Use","ID2level":"Shop","Notes":null,"Shape_Length":152.18609260916372,"Shape_Area":1132.9536239439456}},{"type":"Feature","id":150,"geometry":{"type":"Polygon","coordinates":[[[-77.439635182160174,37.545271413765235],[-77.439603740720685,37.545304728306185],[-77.439781594578193,37.545410777256279],[-77.439789459455255,37.545415466632491],[-77.4398183590271,37.545385683255915],[-77.439635182160174,37.545271413765235]]]},"properties":{"OBJECTID":150,"AddressLab":"318 N 2nd St","OwnerName":"316 N 2nd St Llc","ParcelID":28932,"PIN":"N0000060013","CountOfPIN":1,"AsrLocatio":"316","MailAddres":"1413 N Nelson St","LandUse":"Commercial","MailCity":"Arlington","MailState":"VA","MailZip":"22201","Assessment":"2026-01-01T00:00:00Z","LandValue":122000,"DwellingVa":201000,"TotalValue":323000,"LandSqFt":2149.3600000000001,"ProvalAsmt":"411","TaxExemptC":" ","PropertyCl":"410","Property_1":"B General Retail/Service","Mailable":1,"MaskedOwne":" ","OBJECTID_1":29673,"GlobalID":"616f76eb-9c6f-4477-84ff-eb2d844e2a31","City":"Richmond","State":"VA","Shape__Are":2071.3984375,"Shape__Len":196.34539061299776,"OBJECTID_1_1":155,"Join_Count":1,"TARGET_FID":155,"OBJECTID_1_12":null,"AddressId":"0117925","BuildingNu":"318","StreetDire":"N","StreetName":"2nd","StreetType":"St","ExtensionW":" ","UnitType":" ","UnitValue":" ","ZipCode":"23219","Mailable_1":"Yes","StatePlane":11790327.9585185,"StatePla_1":3723826.8076472702,"Latitude":37.545297669999997,"Longitude":-77.439643939999996,"CreatedBy":" ","CreatedDat":" ","EditBy":"mortonrf","EditDate":"2017-04-21T08:03:04Z","Shape_Length_1":163.60980290681729,"Shape_Area_1":972.60697871265302,"ID":null,"Address":"318 N 2nd St","Name":"316 N 2nd St Llc","Type__Business_or_Residences_":null,"Business_Type":"Jackson Ward Cafe at Second Street","Identification":"Commercial","ID2level":"Resturant","Notes":null,"Shape_Length":163.60980290681729,"Shape_Area":972.60697871265302}},{"type":"Feature","id":151,"geometry":{"type":"Polygon","coordinates":[[[-77.43876835167967,37.54558666832429],[-77.438758976104978,37.545596560492683],[-77.438664009996941,37.545539464561571],[-77.438625360253241,37.5455437583324],[-77.438548455984247,37.545624852875093],[-77.438493402714982,37.545591753626539],[-77.438455652770656,37.545632418434977],[-77.438363030852713,37.545732190721864],[-77.438462036773672,37.545791961486849],[-77.438504655970533,37.545817691052292],[-77.438519741026283,37.545826797475272],[-77.438708686538078,37.545940864404145],[-77.438947997989828,37.545688526425074],[-77.43876835167967,37.54558666832429]]]},"properties":{"OBJECTID":151,"AddressLab":"401 N 2nd St","OwnerName":"Snp 200 E Marshall Llc C/o Snp Properties Llc","ParcelID":420264,"PIN":"N0000038025","CountOfPIN":1,"AsrLocatio":"200","MailAddres":"2 W Marshall St #100","LandUse":"Multi-Family","MailCity":"Richmond","MailState":"VA","MailZip":"23220","Assessment":"2026-01-01T00:00:00Z","LandValue":2631000,"DwellingVa":41000,"TotalValue":2672000,"LandSqFt":32875.139999999999,"ProvalAsmt":"503","TaxExemptC":" ","PropertyCl":"306","Property_1":"R Apartment Parking Lot/Deck","Mailable":0,"MaskedOwne":" ","OBJECTID_1":30877,"GlobalID":"fe3e9db7-c407-4212-8579-b725d96c9129","City":"Richmond","State":"VA","Shape__Are":32073.2578125,"Shape__Len":916.89740523112584,"OBJECTID_1_1":156,"Join_Count":1,"TARGET_FID":156,"OBJECTID_1_12":null,"AddressId":"3000529","BuildingNu":"401","StreetDire":"N","StreetName":"2nd","StreetType":"St","ExtensionW":" ","UnitType":" ","UnitValue":" ","ZipCode":"23219","Mailable_1":"No","StatePlane":11790542.5210815,"StatePla_1":3723974.5747401901,"Latitude":37.545696849999999,"Longitude":-77.438898179999995,"CreatedBy":" ","CreatedDat":" ","EditBy":"parkerca","EditDate":"2011-11-01T08:49:16Z","Shape_Length_1":475.74493394438264,"Shape_Area_1":13134.759500050202,"ID":null,"Address":"401 N 2nd St","Name":"Snp 200 E Marshall Llc C/o Snp Properties Llc","Type__Business_or_Residences_":null,"Business_Type":null,"Identification":"Residential","ID2level":"Residential","Notes":null,"Shape_Length":475.74493394438264,"Shape_Area":13134.759500050202}},{"type":"Feature","id":152,"geometry":{"type":"Polygon","coordinates":[[[-77.439004426161191,37.545932830621474],[-77.438924503359814,37.546017550550346],[-77.439287040330427,37.546236975041737],[-77.439370065018082,37.546150329036863],[-77.439374932873449,37.546145253429934],[-77.439004426161191,37.545932830621474]]]},"properties":{"OBJECTID":152,"AddressLab":"408 N 2nd St","OwnerName":"100 East Marshall Street Llc C/o Parkway Corp H Trachtman","ParcelID":59788,"PIN":"N0000061029","CountOfPIN":1,"AsrLocatio":"100","MailAddres":"150 N Broad St","LandUse":"Commercial","MailCity":"Philadelphia","MailState":"PA","MailZip":"19102","Assessment":"2026-01-01T00:00:00Z","LandValue":2668000,"DwellingVa":44000,"TotalValue":2712000,"LandSqFt":33398.470000000001,"ProvalAsmt":"411","TaxExemptC":" ","PropertyCl":"406","Property_1":"B Paved Surface Parking","Mailable":0,"MaskedOwne":" ","OBJECTID_1":28722,"GlobalID":"59920d8c-e865-4ee9-b076-5b0e2d4edc3e","City":"Richmond","State":"VA","Shape__Are":33376.6640625,"Shape__Len":950.06188051381264,"OBJECTID_1_1":157,"Join_Count":1,"TARGET_FID":157,"OBJECTID_1_12":null,"AddressId":"2017686","BuildingNu":"408","StreetDire":"N","StreetName":"2nd","StreetType":"St","ExtensionW":" ","UnitType":" ","UnitValue":" ","ZipCode":"23219","Mailable_1":"No","StatePlane":11790467.0727416,"StatePla_1":3724108.9868729399,"Latitude":37.546068300000002,"Longitude":-77.439153189999999,"CreatedBy":" ","CreatedDat":" ","EditBy":"parkerca","EditDate":"2011-10-20T15:16:57Z","Shape_Length_1":344.97878332467246,"Shape_Area_1":5325.8836894720134,"ID":null,"Address":"408 N 2nd St","Name":"100 East Marshall Street Llc C/o Parkway Corp H Trachtman","Type__Business_or_Residences_":null,"Business_Type":null,"Identification":"Commercial","ID2level":"Parking Lot","Notes":null,"Shape_Length":344.97878332467246,"Shape_Area":5325.8836894720134}},{"type":"Feature","id":153,"geometry":{"type":"Polygon","coordinates":[[[-77.439082498894692,37.545850081912526],[-77.439451930729817,37.546064317794738],[-77.439531937957156,37.545979911854452],[-77.439425381879033,37.545915124707484],[-77.439167714135408,37.545759765636717],[-77.439082498894692,37.545850081912526]]]},"properties":{"OBJECTID":153,"AddressLab":"404 1/2 N 2nd St","OwnerName":"100 East Marshall Street Llc C/o Parkway Corp H Trachtman","ParcelID":59788,"PIN":"N0000061029","CountOfPIN":1,"AsrLocatio":"100","MailAddres":"150 N Broad St","LandUse":"Commercial","MailCity":"Philadelphia","MailState":"PA","MailZip":"19102","Assessment":"2026-01-01T00:00:00Z","LandValue":2668000,"DwellingVa":44000,"TotalValue":2712000,"LandSqFt":33398.470000000001,"ProvalAsmt":"411","TaxExemptC":" ","PropertyCl":"406","Property_1":"B Paved Surface Parking","Mailable":0,"MaskedOwne":" ","OBJECTID_1":28722,"GlobalID":"59920d8c-e865-4ee9-b076-5b0e2d4edc3e","City":"Richmond","State":"VA","Shape__Are":33376.6640625,"Shape__Len":950.06188051381264,"OBJECTID_1_1":158,"Join_Count":1,"TARGET_FID":158,"OBJECTID_1_12":null,"AddressId":"0109549","BuildingNu":"404 1/2","StreetDire":"N","StreetName":"2nd","StreetType":"St","ExtensionW":" ","UnitType":" ","UnitValue":" ","ZipCode":"23219","Mailable_1":"No","StatePlane":11790437.8424851,"StatePla_1":3724046.2855547699,"Latitude":37.545897009999997,"Longitude":-77.439256439999994,"CreatedBy":" ","CreatedDat":" ","EditBy":"parkerca","EditDate":"2011-11-02T10:26:35Z","Shape_Length_1":344.7095516115877,"Shape_Area_1":5284.3254112950026,"ID":null,"Address":"404 1/2 N 2nd St","Name":"100 East Marshall Street Llc C/o Parkway Corp H Trachtman","Type__Business_or_Residences_":null,"Business_Type":null,"Identification":"Commercial","ID2level":"Parking Lot","Notes":null,"Shape_Length":344.7095516115877,"Shape_Area":5284.3254112950026}},{"type":"Feature","id":154,"geometry":{"type":"Polygon","coordinates":[[[-77.439004426161191,37.545932830621474],[-77.439374932873449,37.546145253429934],[-77.439400527974442,37.546118538579535],[-77.439451930729817,37.546064317794738],[-77.439082498894692,37.545850081912526],[-77.439004426161191,37.545932830621474]]]},"properties":{"OBJECTID":154,"AddressLab":"406 N 2nd St","OwnerName":"100 East Marshall Street Llc C/o Parkway Corp H Trachtman","ParcelID":59788,"PIN":"N0000061029","CountOfPIN":1,"AsrLocatio":"100","MailAddres":"150 N Broad St","LandUse":"Commercial","MailCity":"Philadelphia","MailState":"PA","MailZip":"19102","Assessment":"2026-01-01T00:00:00Z","LandValue":2668000,"DwellingVa":44000,"TotalValue":2712000,"LandSqFt":33398.470000000001,"ProvalAsmt":"411","TaxExemptC":" ","PropertyCl":"406","Property_1":"B Paved Surface Parking","Mailable":0,"MaskedOwne":" ","OBJECTID_1":28722,"GlobalID":"59920d8c-e865-4ee9-b076-5b0e2d4edc3e","City":"Richmond","State":"VA","Shape__Are":33376.6640625,"Shape__Len":950.06188051381264,"OBJECTID_1_1":159,"Join_Count":1,"TARGET_FID":159,"OBJECTID_1_12":null,"AddressId":"2017687","BuildingNu":"406","StreetDire":"N","StreetName":"2nd","StreetType":"St","ExtensionW":" ","UnitType":" ","UnitValue":" ","ZipCode":"23219","Mailable_1":"No","StatePlane":11790453.467453901,"StatePla_1":3724072.3271693601,"Latitude":37.545968049999999,"Longitude":-77.439201539999999,"CreatedBy":" ","CreatedDat":" ","EditBy":"parkerca","EditDate":"2011-11-02T10:26:32Z","Shape_Length_1":339.52095097016854,"Shape_Area_1":4943.1848842540803,"ID":null,"Address":"406 N 2nd St","Name":"100 East Marshall Street Llc C/o Parkway Corp H Trachtman","Type__Business_or_Residences_":null,"Business_Type":null,"Identification":"Commercial","ID2level":"Parking Lot","Notes":null,"Shape_Length":339.52095097016854,"Shape_Area":4943.1848842540803}},{"type":"Feature","id":155,"geometry":{"type":"Polygon","coordinates":[[[-77.438865059518804,37.546080900283314],[-77.438983730477048,37.546146646091451],[-77.439021264413299,37.546106449561464],[-77.438906324044609,37.54603746798395],[-77.438865059518804,37.546080900283314]]]},"properties":{"OBJECTID":155,"AddressLab":"414 N 2nd St","OwnerName":"Thornton Julia M Estate","ParcelID":36178,"PIN":"N0000061011","CountOfPIN":1,"AsrLocatio":"422","MailAddres":"2602 Brook Road","LandUse":"Commercial","MailCity":"Richmond","MailState":"VA","MailZip":"23220","Assessment":"2026-01-01T00:00:00Z","LandValue":243000,"DwellingVa":217000,"TotalValue":460000,"LandSqFt":4446.3500000000004,"ProvalAsmt":"411","TaxExemptC":" ","PropertyCl":"420","Property_1":"B Retail Strip","Mailable":1,"MaskedOwne":" ","OBJECTID_1":33253,"GlobalID":"f870d299-6f12-408e-af49-1068d2dbd8ab","City":"Richmond","State":"VA","Shape__Are":4458.74609375,"Shape__Len":295.82996257768241,"OBJECTID_1_1":160,"Join_Count":1,"TARGET_FID":160,"OBJECTID_1_12":null,"AddressId":"0109551","BuildingNu":"414","StreetDire":"N","StreetName":"2nd","StreetType":"St","ExtensionW":" ","UnitType":" ","UnitValue":" ","ZipCode":"23219","Mailable_1":"Yes","StatePlane":11790540.1762699,"StatePla_1":3724109.6348375198,"Latitude":37.546067819999998,"Longitude":-77.438901029999997,"CreatedBy":" ","CreatedDat":" ","EditBy":"parkerca","EditDate":"2011-10-20T15:20:19Z","Shape_Length_1":121.7102539637482,"Shape_Area_1":795.7570926749197,"ID":null,"Address":"414 N 2nd St","Name":"Thornton Julia M Estate","Type__Business_or_Residences_":null,"Business_Type":"Cherry Bomb Fitness","Identification":"Commercial","ID2level":"Services","Notes":null,"Shape_Length":121.7102539637482,"Shape_Area":795.7570926749197}},{"type":"Feature","id":156,"geometry":{"type":"Polygon","coordinates":[[[-77.438829187383433,37.546118656138432],[-77.438948856653198,37.546183993706336],[-77.438983730477048,37.546146646091451],[-77.438865059518804,37.546080900283314],[-77.438829187383433,37.546118656138432]]]},"properties":{"OBJECTID":156,"AddressLab":"416 N 2nd St","OwnerName":"Thornton Julia M Estate","ParcelID":36178,"PIN":"N0000061011","CountOfPIN":1,"AsrLocatio":"422","MailAddres":"2602 Brook Road","LandUse":"Commercial","MailCity":"Richmond","MailState":"VA","MailZip":"23220","Assessment":"2026-01-01T00:00:00Z","LandValue":243000,"DwellingVa":217000,"TotalValue":460000,"LandSqFt":4446.3500000000004,"ProvalAsmt":"411","TaxExemptC":" ","PropertyCl":"420","Property_1":"B Retail Strip","Mailable":1,"MaskedOwne":" ","OBJECTID_1":33253,"GlobalID":"f870d299-6f12-408e-af49-1068d2dbd8ab","City":"Richmond","State":"VA","Shape__Are":4458.74609375,"Shape__Len":295.82996257768241,"OBJECTID_1_1":161,"Join_Count":1,"TARGET_FID":161,"OBJECTID_1_12":null,"AddressId":"0109552","BuildingNu":"416","StreetDire":"N","StreetName":"2nd","StreetType":"St","ExtensionW":" ","UnitType":" ","UnitValue":" ","ZipCode":"23219","Mailable_1":"Yes","StatePlane":11790550.5755274,"StatePla_1":3724123.2119101002,"Latitude":37.546104790000001,"Longitude":-77.438864629999998,"CreatedBy":" ","CreatedDat":" ","EditBy":"parkerca","EditDate":"2011-10-20T15:20:19Z","Shape_Length_1":118.16450561127679,"Shape_Area_1":717.13477108627569,"ID":null,"Address":"416 N 2nd St","Name":null,"Type__Business_or_Residences_":"Commercial","Business_Type":"Sugar and Salt RVA LLC attorneys ","Identification":"Commercial","ID2level":"Restaurant / Economic & Legal Services","Notes":null,"Shape_Length":118.16450561127679,"Shape_Area":717.13477108627569}},{"type":"Feature","id":157,"geometry":{"type":"Polygon","coordinates":[[[-77.438790771735427,37.546159092519162],[-77.438911789221677,37.546223687068611],[-77.438948856653198,37.546183993706336],[-77.438829187383433,37.546118656138432],[-77.438790771735427,37.546159092519162]]]},"properties":{"OBJECTID":157,"AddressLab":"418 N 2nd St","OwnerName":"Thornton Julia M Estate","ParcelID":36178,"PIN":"N0000061011","CountOfPIN":1,"AsrLocatio":"422","MailAddres":"2602 Brook Road","LandUse":"Commercial","MailCity":"Richmond","MailState":"VA","MailZip":"23220","Assessment":"2026-01-01T00:00:00Z","LandValue":243000,"DwellingVa":217000,"TotalValue":460000,"LandSqFt":4446.3500000000004,"ProvalAsmt":"411","TaxExemptC":" ","PropertyCl":"420","Property_1":"B Retail Strip","Mailable":1,"MaskedOwne":" ","OBJECTID_1":33253,"GlobalID":"f870d299-6f12-408e-af49-1068d2dbd8ab","City":"Richmond","State":"VA","Shape__Are":4458.74609375,"Shape__Len":295.82996257768241,"OBJECTID_1_1":162,"Join_Count":1,"TARGET_FID":162,"OBJECTID_1_12":null,"AddressId":"0109553","BuildingNu":"418","StreetDire":"N","StreetName":"2nd","StreetType":"St","ExtensionW":" ","UnitType":" ","UnitValue":" ","ZipCode":"23219","Mailable_1":"Yes","StatePlane":11790561.359954599,"StatePla_1":3724138.61804727,"Latitude":37.546146759999999,"Longitude":-77.438826840000004,"CreatedBy":" ","CreatedDat":" ","EditBy":"parkerca","EditDate":"2011-10-20T15:20:19Z","Shape_Length_1":120.77796658997102,"Shape_Area_1":767.80570980969651,"ID":null,"Address":"418 N 2nd St","Name":"Thornton Julia M Estate","Type__Business_or_Residences_":null,"Business_Type":"KRS Holdings","Identification":"Commercial","ID2level":"Services","Notes":null,"Shape_Length":120.77796658997102,"Shape_Area":767.80570980969651}},{"type":"Feature","id":158,"geometry":{"type":"Polygon","coordinates":[[[-77.438758600911257,37.546192954484582],[-77.438879584714797,37.546258173227685],[-77.438911789221677,37.546223687068611],[-77.438790771735427,37.546159092519162],[-77.438758600911257,37.546192954484582]]]},"properties":{"OBJECTID":158,"AddressLab":"420 N 2nd St","OwnerName":"Thornton Julia M Estate","ParcelID":36178,"PIN":"N0000061011","CountOfPIN":1,"AsrLocatio":"422","MailAddres":"2602 Brook Road","LandUse":"Commercial","MailCity":"Richmond","MailState":"VA","MailZip":"23220","Assessment":"2026-01-01T00:00:00Z","LandValue":243000,"DwellingVa":217000,"TotalValue":460000,"LandSqFt":4446.3500000000004,"ProvalAsmt":"411","TaxExemptC":" ","PropertyCl":"420","Property_1":"B Retail Strip","Mailable":1,"MaskedOwne":" ","OBJECTID_1":33253,"GlobalID":"f870d299-6f12-408e-af49-1068d2dbd8ab","City":"Richmond","State":"VA","Shape__Are":4458.74609375,"Shape__Len":295.82996257768241,"OBJECTID_1_1":163,"Join_Count":1,"TARGET_FID":163,"OBJECTID_1_12":null,"AddressId":"0109554","BuildingNu":"420","StreetDire":"N","StreetName":"2nd","StreetType":"St","ExtensionW":" ","UnitType":" ","UnitValue":" ","ZipCode":"23219","Mailable_1":"Yes","StatePlane":11790571.614855399,"StatePla_1":3724151.42478019,"Latitude":37.546181619999999,"Longitude":-77.438790979999993,"CreatedBy":" ","CreatedDat":" ","EditBy":"parkerca","EditDate":"2011-10-20T15:20:19Z","Shape_Length_1":115.70439638923574,"Shape_Area_1":657.05075562671129,"ID":null,"Address":"420 N 2nd St","Name":"Thornton Julia M Estate","Type__Business_or_Residences_":null,"Business_Type":"Lomax Barber Shop","Identification":"Commercial","ID2level":"Beauty","Notes":null,"Shape_Length":115.70439638923574,"Shape_Area":657.05075562671129}},{"type":"Feature","id":159,"geometry":{"type":"Polygon","coordinates":[[[-77.438723292657897,37.546230121529447],[-77.438843067657814,37.546297274965568],[-77.438879584714797,37.546258173227685],[-77.438758600911257,37.546192954484582],[-77.438723292657897,37.546230121529447]]]},"properties":{"OBJECTID":159,"AddressLab":"422 N 2nd St","OwnerName":"Thornton Julia M Estate","ParcelID":36178,"PIN":"N0000061011","CountOfPIN":1,"AsrLocatio":"422","MailAddres":"2602 Brook Road","LandUse":"Commercial","MailCity":"Richmond","MailState":"VA","MailZip":"23220","Assessment":"2026-01-01T00:00:00Z","LandValue":243000,"DwellingVa":217000,"TotalValue":460000,"LandSqFt":4446.3500000000004,"ProvalAsmt":"411","TaxExemptC":" ","PropertyCl":"420","Property_1":"B Retail Strip","Mailable":1,"MaskedOwne":" ","OBJECTID_1":33253,"GlobalID":"f870d299-6f12-408e-af49-1068d2dbd8ab","City":"Richmond","State":"VA","Shape__Are":4458.74609375,"Shape__Len":295.82996257768241,"OBJECTID_1_1":164,"Join_Count":1,"TARGET_FID":164,"OBJECTID_1_12":null,"AddressId":"0109555","BuildingNu":"422","StreetDire":"N","StreetName":"2nd","StreetType":"St","ExtensionW":" ","UnitType":" ","UnitValue":" ","ZipCode":"23219","Mailable_1":"Yes","StatePlane":11790581.773299601,"StatePla_1":3724164.6649111798,"Latitude":37.546217660000003,"Longitude":-77.438755420000007,"CreatedBy":" ","CreatedDat":" ","EditBy":"parkerca","EditDate":"2011-10-20T15:20:19Z","Shape_Length_1":119.53831901129973,"Shape_Area_1":735.5083659085418,"ID":null,"Address":"422 N 2nd St","Name":"Thornton Julia M Estate","Type__Business_or_Residences_":null,"Business_Type":"The Loft","Identification":"Commercial","ID2level":"Shop","Notes":null,"Shape_Length":119.53831901129973,"Shape_Area":735.5083659085418}},{"type":"Feature","id":160,"geometry":{"type":"Polygon","coordinates":[[[-77.437980922405572,37.546257355336351],[-77.438257276007917,37.546417875513725],[-77.438366789132203,37.546304695700854],[-77.438090271661778,37.546139366029855],[-77.43808934193315,37.546140368737923],[-77.437980922405572,37.546257355336351]]]},"properties":{"OBJECTID":160,"AddressLab":"200 E Clay St","OwnerName":"United Network For Organ Sharing","ParcelID":400696,"PIN":"N0000039026","CountOfPIN":1,"AsrLocatio":"501","MailAddres":"700 North 4th St","LandUse":"Office","MailCity":"Richmond","MailState":"VA","MailZip":"23219","Assessment":"2026-01-01T00:00:00Z","LandValue":1434000,"DwellingVa":4851000,"TotalValue":6285000,"LandSqFt":40698,"ProvalAsmt":"411","TaxExemptC":" ","PropertyCl":"442","Property_1":"B Professional Office","Mailable":1,"MaskedOwne":" ","OBJECTID_1":34058,"GlobalID":"420f79a0-fc71-4e9c-8852-ba749405a98f","City":"Richmond","State":"VA","Shape__Are":40479.85546875,"Shape__Len":971.3282907974301,"OBJECTID_1_1":165,"Join_Count":1,"TARGET_FID":165,"OBJECTID_1_12":null,"AddressId":"0020261","BuildingNu":"200","StreetDire":"E","StreetName":"Clay","StreetType":"St","ExtensionW":" ","UnitType":" ","UnitValue":" ","ZipCode":"23219","Mailable_1":"Yes","StatePlane":11790738.3051388,"StatePla_1":3724187.0497089298,"Latitude":37.5462743,"Longitude":-77.438214669999994,"CreatedBy":" ","CreatedDat":" ","EditBy":"parkerca","EditDate":"2011-10-20T15:21:38Z","Shape_Length_1":304.8400377253584,"Shape_Area_1":5254.9821203709716,"ID":null,"Address":"200 E Clay St","Name":"United Network For Organ Sharing","Type__Business_or_Residences_":null,"Business_Type":"United Network For Organ Sharing","Identification":"Commercial","ID2level":"Medical","Notes":null,"Shape_Length":304.8400377253584,"Shape_Area":5254.9821203709716}},{"type":"Feature","id":161,"geometry":{"type":"Polygon","coordinates":[[[-77.438330732745356,37.546802874512764],[-77.438371579019829,37.546827404192946],[-77.438686963507521,37.546494515466762],[-77.438645001945133,37.546469308192783],[-77.438330732745356,37.546802874512764]]]},"properties":{"OBJECTID":161,"AddressLab":"114 E Clay St","OwnerName":"Two Street Development Llc C/o Ronald A Stallings","ParcelID":98529,"PIN":"N0000062053","CountOfPIN":1,"AsrLocatio":"112","MailAddres":"402 1/2 N 2nd St","LandUse":"Commercial","MailCity":"Richmond","MailState":"VA","MailZip":"23219","Assessment":"2026-01-01T00:00:00Z","LandValue":374000,"DwellingVa":244000,"TotalValue":618000,"LandSqFt":7344,"ProvalAsmt":"411","TaxExemptC":" ","PropertyCl":"470","Property_1":"B Commercial Condo","Mailable":1,"MaskedOwne":" ","OBJECTID_1":27566,"GlobalID":"10fca4fd-d7ed-4e6b-8c69-dd55e2a9eeda","City":"Richmond","State":"VA","Shape__Are":7715.9375,"Shape__Len":405.2976362099522,"OBJECTID_1_1":166,"Join_Count":1,"TARGET_FID":166,"OBJECTID_1_12":null,"AddressId":"0020260","BuildingNu":"114","StreetDire":"E","StreetName":"Clay","StreetType":"St","ExtensionW":" ","UnitType":" ","UnitValue":" ","ZipCode":"23219","Mailable_1":"No","StatePlane":11790616.204004999,"StatePla_1":3724268.9009231902,"Latitude":37.546502859999997,"Longitude":-77.438632630000001,"CreatedBy":" ","CreatedDat":" ","EditBy":"parkerca","EditDate":"2011-10-20T15:22:10Z","Shape_Length_1":333.73253816622127,"Shape_Area_1":2282.9032994864192,"ID":null,"Address":"114 E Clay St","Name":"Two Street Development Llc C/o Ronald A Stallings","Type__Business_or_Residences_":null,"Business_Type":null,"Identification":"Commercial","ID2level":"Unknown","Notes":null,"Shape_Length":333.73253816622127,"Shape_Area":2282.9032994864192}},{"type":"Feature","id":162,"geometry":{"type":"Polygon","coordinates":[[[-77.438050720135649,37.546934301903512],[-77.438460760682545,37.547181020660652],[-77.438515336288901,37.547123411715987],[-77.438479537577265,37.547101910826584],[-77.438105029211485,37.546876983613771],[-77.438050720135649,37.546934301903512]]]},"properties":{"OBJECTID":162,"AddressLab":"518 N 2nd St","OwnerName":"Hippodrome Taylor Mansion Llc","ParcelID":98550,"PIN":"N0000062013","CountOfPIN":4,"AsrLocatio":"528","MailAddres":"402 1/2 A North 2nd St","LandUse":"Commercial","MailCity":"Richmond","MailState":"VA","MailZip":"23219","Assessment":"2026-01-01T00:00:00Z","LandValue":836000,"DwellingVa":5742000,"TotalValue":6578000,"LandSqFt":22320,"ProvalAsmt":"411","TaxExemptC":" ","PropertyCl":"446","Property_1":"B Theater","Mailable":1,"MaskedOwne":" ","OBJECTID_1":30729,"GlobalID":"eca8563e-81fe-4fa3-963b-d0dba8571158","City":"Richmond","State":"VA","Shape__Are":22311.3828125,"Shape__Len":597.48127065680546,"OBJECTID_1_1":167,"Join_Count":23,"TARGET_FID":167,"OBJECTID_1_12":null,"AddressId":"2017705","BuildingNu":"518","StreetDire":"N","StreetName":"2nd","StreetType":"St","ExtensionW":" ","UnitType":" ","UnitValue":" ","ZipCode":"23219","Mailable_1":"Yes","StatePlane":11790746.235241,"StatePla_1":3724444.9133664402,"Latitude":37.546982210000003,"Longitude":-77.43817731,"CreatedBy":" ","CreatedDat":" ","EditBy":"parkerca","EditDate":"2011-10-20T15:22:10Z","Shape_Length_1":350.41985630820557,"Shape_Area_1":3905.162420572367,"ID":null,"Address":"518 N 2nd St","Name":"Hippodrome Taylor Mansion Llc","Type__Business_or_Residences_":null,"Business_Type":"Box Brown Imports","Identification":"Commercial","ID2level":"Shop","Notes":null,"Shape_Length":350.41985630820557,"Shape_Area":3905.162420572367}},{"type":"Feature","id":163,"geometry":{"type":"Polygon","coordinates":[[[-77.437986922485436,37.547001634713737],[-77.438405493388672,37.54723935868509],[-77.438460760682545,37.547181020660652],[-77.438050720135649,37.546934301903512],[-77.437986922485436,37.547001634713737]]]},"properties":{"OBJECTID":163,"AddressLab":"522 N 2nd St","OwnerName":"Hippodrome Taylor Mansion Llc","ParcelID":98550,"PIN":"N0000062013","CountOfPIN":4,"AsrLocatio":"528","MailAddres":"402 1/2 A North 2nd St","LandUse":"Commercial","MailCity":"Richmond","MailState":"VA","MailZip":"23219","Assessment":"2026-01-01T00:00:00Z","LandValue":836000,"DwellingVa":5742000,"TotalValue":6578000,"LandSqFt":22320,"ProvalAsmt":"411","TaxExemptC":" ","PropertyCl":"446","Property_1":"B Theater","Mailable":1,"MaskedOwne":" ","OBJECTID_1":30729,"GlobalID":"eca8563e-81fe-4fa3-963b-d0dba8571158","City":"Richmond","State":"VA","Shape__Are":22311.3828125,"Shape__Len":597.48127065680546,"OBJECTID_1_1":168,"Join_Count":6,"TARGET_FID":168,"OBJECTID_1_12":null,"AddressId":"0109567","BuildingNu":"522","StreetDire":"N","StreetName":"2nd","StreetType":"St","ExtensionW":" ","UnitType":" ","UnitValue":" ","ZipCode":"23219","Mailable_1":"Yes","StatePlane":11790790.5425671,"StatePla_1":3724443.4327263501,"Latitude":37.546976770000001,"Longitude":-77.438024549999994,"CreatedBy":" ","CreatedDat":" ","EditBy":"parkerca","EditDate":"2011-10-20T15:20:19Z","Shape_Length_1":355.37711951744438,"Shape_Area_1":4270.285700307013,"ID":null,"Address":"522 N 2nd St","Name":null,"Type__Business_or_Residences_":"Commercial","Business_Type":"Cheddar Jackson ","Identification":"Mixed Use","ID2level":"Restaurant / Residential","Notes":"apartment with 3 units","Shape_Length":355.37711951744438,"Shape_Area":4270.285700307013}},{"type":"Feature","id":164,"geometry":{"type":"Polygon","coordinates":[[[-77.437903806431663,37.547089360258866],[-77.438312404206016,37.547337613782666],[-77.438405493388672,37.54723935868509],[-77.437986922485436,37.547001634713737],[-77.437903806431663,37.547089360258866]]]},"properties":{"OBJECTID":164,"AddressLab":"526 N 2nd St","OwnerName":"Hippodrome Taylor Mansion Llc","ParcelID":98550,"PIN":"N0000062013","CountOfPIN":4,"AsrLocatio":"528","MailAddres":"402 1/2 A North 2nd St","LandUse":"Commercial","MailCity":"Richmond","MailState":"VA","MailZip":"23219","Assessment":"2026-01-01T00:00:00Z","LandValue":836000,"DwellingVa":5742000,"TotalValue":6578000,"LandSqFt":22320,"ProvalAsmt":"411","TaxExemptC":" ","PropertyCl":"446","Property_1":"B Theater","Mailable":1,"MaskedOwne":" ","OBJECTID_1":30729,"GlobalID":"eca8563e-81fe-4fa3-963b-d0dba8571158","City":"Richmond","State":"VA","Shape__Are":22311.3828125,"Shape__Len":597.48127065680546,"OBJECTID_1_1":169,"Join_Count":1,"TARGET_FID":169,"OBJECTID_1_12":null,"AddressId":"0109571","BuildingNu":"526","StreetDire":"N","StreetName":"2nd","StreetType":"St","ExtensionW":" ","UnitType":" ","UnitValue":" ","ZipCode":"23219","Mailable_1":"Yes","StatePlane":11790791.8102811,"StatePla_1":3724484.5258200201,"Latitude":37.547089579999998,"Longitude":-77.438018580000005,"CreatedBy":" ","CreatedDat":" ","EditBy":"parkerca","EditDate":"2011-10-20T15:20:19Z","Shape_Length_1":382.88900367621494,"Shape_Area_1":6319.6659007792468,"ID":null,"Address":"526 N 2nd St","Name":null,"Type__Business_or_Residences_":"Commercial","Business_Type":"Speakeasy Gill Restaurant ","Identification":"Commercial","ID2level":"Restaurant","Notes":null,"Shape_Length":382.88900367621494,"Shape_Area":6319.6659007792468}},{"type":"Feature","id":165,"geometry":{"type":"Polygon","coordinates":[[[-77.437737120966631,37.547265297311355],[-77.437827485309597,37.547320424367271],[-77.437884853280082,37.547259867993887],[-77.437793982142324,37.547205287913961],[-77.437737120966631,37.547265297311355]]]},"properties":{"OBJECTID":165,"AddressLab":"538 N 2nd St","OwnerName":"119 Leigh Lp","ParcelID":98552,"PIN":"N0000062010","CountOfPIN":1,"AsrLocatio":"119","MailAddres":"927 Hull St","LandUse":"Mixed-Use","MailCity":"Richmond","MailState":"VA","MailZip":"23224","Assessment":"2026-01-01T00:00:00Z","LandValue":184000,"DwellingVa":494000,"TotalValue":678000,"LandSqFt":3316,"ProvalAsmt":"411","TaxExemptC":" ","PropertyCl":"450","Property_1":"B Mixed Use","Mailable":1,"MaskedOwne":" ","OBJECTID_1":30728,"GlobalID":"49d79352-37d7-43c5-85bd-00520291d7b2","City":"Richmond","State":"VA","Shape__Are":3299.97265625,"Shape__Len":265.99856610752948,"OBJECTID_1_1":170,"Join_Count":1,"TARGET_FID":170,"OBJECTID_1_12":null,"AddressId":"0109584","BuildingNu":"538","StreetDire":"N","StreetName":"2nd","StreetType":"St","ExtensionW":" ","UnitType":" ","UnitValue":" ","ZipCode":"23219","Mailable_1":"Yes","StatePlane":11790860.169724399,"StatePla_1":3724547.32982826,"Latitude":37.547259949999997,"Longitude":-77.437780369999999,"CreatedBy":" ","CreatedDat":" ","EditBy":"parkerca","EditDate":"2011-10-20T15:22:06Z","Shape_Length_1":120.99314899255771,"Shape_Area_1":907.36512690441737,"ID":null,"Address":"538 N 2nd St","Name":"119 Leigh Lp","Type__Business_or_Residences_":null,"Business_Type":"Jackson's Beer Garden & Smokehouse","Identification":"Commercial","ID2level":"Resturant","Notes":null,"Shape_Length":120.99314899255771,"Shape_Area":907.36512690441737}},{"type":"Feature","id":166,"geometry":{"type":"Polygon","coordinates":[[[-77.437680303324697,37.547325262917617],[-77.437772408144411,37.547378560154705],[-77.437827485309597,37.547320424367271],[-77.437737120966631,37.547265297311355],[-77.437680303324697,37.547325262917617]]]},"properties":{"OBJECTID":166,"AddressLab":"536 N 2nd St","OwnerName":"119 Leigh Lp","ParcelID":98552,"PIN":"N0000062010","CountOfPIN":1,"AsrLocatio":"119","MailAddres":"927 Hull St","LandUse":"Mixed-Use","MailCity":"Richmond","MailState":"VA","MailZip":"23224","Assessment":"2026-01-01T00:00:00Z","LandValue":184000,"DwellingVa":494000,"TotalValue":678000,"LandSqFt":3316,"ProvalAsmt":"411","TaxExemptC":" ","PropertyCl":"450","Property_1":"B Mixed Use","Mailable":1,"MaskedOwne":" ","OBJECTID_1":30728,"GlobalID":"49d79352-37d7-43c5-85bd-00520291d7b2","City":"Richmond","State":"VA","Shape__Are":3299.97265625,"Shape__Len":265.99856610752948,"OBJECTID_1_1":171,"Join_Count":1,"TARGET_FID":171,"OBJECTID_1_12":null,"AddressId":"0109582","BuildingNu":"536","StreetDire":"N","StreetName":"2nd","StreetType":"St","ExtensionW":" ","UnitType":" ","UnitValue":" ","ZipCode":"23219","Mailable_1":"Yes","StatePlane":11790860.169724399,"StatePla_1":3724569.8993369299,"Latitude":37.547321930000003,"Longitude":-77.437779489999997,"CreatedBy":" ","CreatedDat":" ","EditBy":"parkerca","EditDate":"2011-10-20T15:22:06Z","Shape_Length_1":119.8786612583559,"Shape_Area_1":888.87618537218475,"ID":null,"Address":"536 N 2nd St","Name":"Rice Jesse","Type__Business_or_Residences_":"Residential","Business_Type":null,"Identification":"Residential","ID2level":"Residential","Notes":null,"Shape_Length":119.8786612583559,"Shape_Area":888.87618537218475}},{"type":"Feature","id":167,"geometry":{"type":"Polygon","coordinates":[[[-77.437291303670165,37.547011133060678],[-77.43753626223284,37.547162986923304],[-77.43758336396786,37.547114307115983],[-77.437337449782362,37.546963449510777],[-77.437291303670165,37.547011133060678]]]},"properties":{"OBJECTID":167,"AddressLab":"535 1/2 N 2nd St","OwnerName":"Eggleston Plaza Ii Lp","ParcelID":400702,"PIN":"N0000039072B","CountOfPIN":1,"AsrLocatio":"537","MailAddres":"927 Hull St","LandUse":"Commercial","MailCity":"Richmond","MailState":"VA","MailZip":"23224","Assessment":"2026-01-01T00:00:00Z","LandValue":480000,"DwellingVa":2327000,"TotalValue":2807000,"LandSqFt":25651,"ProvalAsmt":"507","TaxExemptC":" ","PropertyCl":"470","Property_1":"B Commercial Condo","Mailable":1,"MaskedOwne":" ","OBJECTID_1":27554,"GlobalID":"38f7facf-5e39-484e-aafb-8da18e069e79","City":"Richmond","State":"VA","Shape__Are":8077.5078125,"Shape__Len":359.50013874984393,"OBJECTID_1_1":172,"Join_Count":1,"TARGET_FID":172,"OBJECTID_1_12":null,"AddressId":"0109580","BuildingNu":"535 1/2","StreetDire":"N","StreetName":"2nd","StreetType":"St","ExtensionW":" ","UnitType":" ","UnitValue":" ","ZipCode":"23219","Mailable_1":"No","StatePlane":11790929.654165501,"StatePla_1":3724493.4559202599,"Latitude":37.547109849999998,"Longitude":-77.437542800000003,"CreatedBy":" ","CreatedDat":" ","EditBy":"mortonrf","EditDate":"2017-05-24T10:49:48Z","Shape_Length_1":224.29716370853077,"Shape_Area_1":1993.2457308766088,"ID":null,"Address":"535 1/2 N 2nd St","Name":"Eggleston Plaza Ii Lp","Type__Business_or_Residences_":null,"Business_Type":"Eggleston Plaza Condominiums","Identification":"Commercial","ID2level":"Residential / Services","Notes":null,"Shape_Length":224.29716370853077,"Shape_Area":1993.2457308766088}},{"type":"Feature","id":168,"geometry":{"type":"Polygon","coordinates":[[[-77.43722990168807,37.547074586076143],[-77.43748097846013,37.547220118702683],[-77.43753626223284,37.547162986923304],[-77.437291303670165,37.547011133060678],[-77.43722990168807,37.547074586076143]]]},"properties":{"OBJECTID":168,"AddressLab":"537 N 2nd St","OwnerName":"Eggleston Plaza Ii Lp","ParcelID":400702,"PIN":"N0000039072B","CountOfPIN":1,"AsrLocatio":"537","MailAddres":"927 Hull St","LandUse":"Commercial","MailCity":"Richmond","MailState":"VA","MailZip":"23224","Assessment":"2026-01-01T00:00:00Z","LandValue":480000,"DwellingVa":2327000,"TotalValue":2807000,"LandSqFt":25651,"ProvalAsmt":"507","TaxExemptC":" ","PropertyCl":"470","Property_1":"B Commercial Condo","Mailable":1,"MaskedOwne":" ","OBJECTID_1":27554,"GlobalID":"38f7facf-5e39-484e-aafb-8da18e069e79","City":"Richmond","State":"VA","Shape__Are":8077.5078125,"Shape__Len":359.50013874984393,"OBJECTID_1_1":173,"Join_Count":1,"TARGET_FID":173,"OBJECTID_1_12":null,"AddressId":"0109583","BuildingNu":"537","StreetDire":"N","StreetName":"2nd","StreetType":"St","ExtensionW":" ","UnitType":" ","UnitValue":" ","ZipCode":"23219","Mailable_1":"No","StatePlane":11790948.139364799,"StatePla_1":3724518.0083646001,"Latitude":37.547176700000001,"Longitude":-77.437478089999999,"CreatedBy":" ","CreatedDat":" ","EditBy":"parkerca","EditDate":"2011-10-20T15:21:38Z","Shape_Length_1":235.46604174676622,"Shape_Area_1":2494.2845238490563,"ID":null,"Address":"537 N 2nd St","Name":null,"Type__Business_or_Residences_":"Residential","Business_Type":null,"Identification":"Residential","ID2level":"Residential","Notes":"apartment with 21 units, 4 no current listings ","Shape_Length":235.46604174676622,"Shape_Area":2494.2845238490563}},{"type":"Feature","id":169,"geometry":{"type":"Polygon","coordinates":[[[-77.437338672406113,37.547206369360907],[-77.437188386244003,37.547117485699026],[-77.437148507237879,37.547158705006453],[-77.437299818489919,37.547251532112739],[-77.437338672406113,37.547206369360907]]]},"properties":{"OBJECTID":169,"AddressLab":"201 1/2 E Leigh St","OwnerName":"Eggleston Plaza Ii Lp","ParcelID":400702,"PIN":"N0000039072B","CountOfPIN":1,"AsrLocatio":"537","MailAddres":"927 Hull St","LandUse":"Commercial","MailCity":"Richmond","MailState":"VA","MailZip":"23224","Assessment":"2026-01-01T00:00:00Z","LandValue":480000,"DwellingVa":2327000,"TotalValue":2807000,"LandSqFt":25651,"ProvalAsmt":"507","TaxExemptC":" ","PropertyCl":"470","Property_1":"B Commercial Condo","Mailable":1,"MaskedOwne":" ","OBJECTID_1":27554,"GlobalID":"38f7facf-5e39-484e-aafb-8da18e069e79","City":"Richmond","State":"VA","Shape__Are":8077.5078125,"Shape__Len":359.50013874984393,"OBJECTID_1_1":174,"Join_Count":1,"TARGET_FID":174,"OBJECTID_1_12":null,"AddressId":"1061469","BuildingNu":"201 1/2","StreetDire":"E","StreetName":"Leigh","StreetType":"St","ExtensionW":" ","UnitType":" ","UnitValue":" ","ZipCode":"23219","Mailable_1":"No","StatePlane":11791013.797369899,"StatePla_1":3724522.53033718,"Latitude":37.547187090000001,"Longitude":-77.437251450000005,"CreatedBy":" ","CreatedDat":" ","EditBy":"parkerca","EditDate":"2011-10-20T15:18:01Z","Shape_Length_1":148.53045432464791,"Shape_Area_1":1065.0924633637096,"ID":null,"Address":"201 1/2 E Leigh St","Name":"Eggleston Plaza Ii Lp","Type__Business_or_Residences_":null,"Business_Type":null,"Identification":"Commercial","ID2level":"Unknown","Notes":null,"Shape_Length":148.53045432464791,"Shape_Area":1065.0924633637096}},{"type":"Feature","id":170,"geometry":{"type":"Polygon","coordinates":[[[-77.437299818489919,37.547251532112739],[-77.437394420551314,37.547309562986733],[-77.437437639192922,37.547264906092437],[-77.437338672406113,37.547206369360907],[-77.437299818489919,37.547251532112739]]]},"properties":{"OBJECTID":170,"AddressLab":"541 N 2nd St","OwnerName":"Eggleston Plaza Ii Lp","ParcelID":400702,"PIN":"N0000039072B","CountOfPIN":1,"AsrLocatio":"537","MailAddres":"927 Hull St","LandUse":"Commercial","MailCity":"Richmond","MailState":"VA","MailZip":"23224","Assessment":"2026-01-01T00:00:00Z","LandValue":480000,"DwellingVa":2327000,"TotalValue":2807000,"LandSqFt":25651,"ProvalAsmt":"507","TaxExemptC":" ","PropertyCl":"470","Property_1":"B Commercial Condo","Mailable":1,"MaskedOwne":" ","OBJECTID_1":27554,"GlobalID":"38f7facf-5e39-484e-aafb-8da18e069e79","City":"Richmond","State":"VA","Shape__Are":8077.5078125,"Shape__Len":359.50013874984393,"OBJECTID_1_1":175,"Join_Count":1,"TARGET_FID":175,"OBJECTID_1_12":null,"AddressId":"0109587","BuildingNu":"541","StreetDire":"N","StreetName":"2nd","StreetType":"St","ExtensionW":" ","UnitType":" ","UnitValue":" ","ZipCode":"23219","Mailable_1":"Yes","StatePlane":11790974.1160188,"StatePla_1":3724549.67792064,"Latitude":37.547262869999997,"Longitude":-77.437387259999994,"CreatedBy":" ","CreatedDat":" ","EditBy":"MORTONRF","EditDate":"2024-10-08T14:42:12Z","Shape_Length_1":110.82407518146923,"Shape_Area_1":711.30486953278682,"ID":null,"Address":"541 N 2nd St","Name":null,"Type__Business_or_Residences_":"Commercial","Business_Type":"Southern Kitchen Restaurant ","Identification":"Commercial","ID2level":"Restaurant","Notes":null,"Shape_Length":110.82407518146923,"Shape_Area":711.30486953278682}},{"type":"Feature","id":171,"geometry":{"type":"Polygon","coordinates":[[[-77.437297005902025,37.547738618624741],[-77.437207590982652,37.547834442185952],[-77.437369703604006,37.547930655017112],[-77.437399104394913,37.547899337641809],[-77.437426454105477,37.547870205068662],[-77.437358317929991,37.547830293790014],[-77.437393306652467,37.547792214176553],[-77.437297005902025,37.547738618624741]]]},"properties":{"OBJECTID":171,"AddressLab":"600 1/2 N 2nd St","OwnerName":"United States Of America","ParcelID":61022,"PIN":"N0000064017","CountOfPIN":2,"AsrLocatio":"600","MailAddres":"3215 E Broad St","LandUse":"Government","MailCity":"Richmond","MailState":"VA","MailZip":"23223","Assessment":"2026-01-01T00:00:00Z","LandValue":245000,"DwellingVa":729000,"TotalValue":974000,"LandSqFt":4739.0699999999997,"ProvalAsmt":"411","TaxExemptC":"350","PropertyCl":"458","Property_1":"B Library/Museum/Capitol/Court","Mailable":1,"MaskedOwne":" ","OBJECTID_1":30233,"GlobalID":"e2c9ae8c-2585-475c-91ff-4b5791e205aa","City":"Richmond","State":"VA","Shape__Are":4739.046875,"Shape__Len":356.7387892737554,"OBJECTID_1_1":176,"Join_Count":3,"TARGET_FID":176,"OBJECTID_1_12":null,"AddressId":"1084272","BuildingNu":"600 1/2","StreetDire":"N","StreetName":"2nd","StreetType":"St","ExtensionW":" ","UnitType":" ","UnitValue":" ","ZipCode":"23219","Mailable_1":"Yes","StatePlane":11791013.34953614,"StatePla_1":3724754.3274457301,"Latitude":37.54782368,"Longitude":-77.437244000000007,"CreatedBy":" ","CreatedDat":" ","EditBy":"MORTONRF","EditDate":"2026-05-18T13:52:26Z","Shape_Length_1":205.33020088261662,"Shape_Area_1":2173.1068755562774,"ID":null,"Address":"600 1/2 N 2nd St","Name":"United States Of America","Type__Business_or_Residences_":null,"Business_Type":"Maggie Walker National Historic Site","Identification":"Institutional","ID2level":"Government Office","Notes":null,"Shape_Length":205.33020088261662,"Shape_Area":2173.1068755562774}},{"type":"Feature","id":172,"geometry":{"type":"Polygon","coordinates":[[[-77.437346693474851,37.547766275420912],[-77.437393306652467,37.547792214176553],[-77.437546800731923,37.547625128958799],[-77.437504312772901,37.547599593077436],[-77.437346693474851,37.547766275420912]]]},"properties":{"OBJECTID":172,"AddressLab":"116 E Leigh St","OwnerName":"United States Of America","ParcelID":61022,"PIN":"N0000064017","CountOfPIN":2,"AsrLocatio":"600","MailAddres":"3215 E Broad St","LandUse":"Government","MailCity":"Richmond","MailState":"VA","MailZip":"23223","Assessment":"2026-01-01T00:00:00Z","LandValue":245000,"DwellingVa":729000,"TotalValue":974000,"LandSqFt":4739.0699999999997,"ProvalAsmt":"411","TaxExemptC":"350","PropertyCl":"458","Property_1":"B Library/Museum/Capitol/Court","Mailable":1,"MaskedOwne":" ","OBJECTID_1":30233,"GlobalID":"e2c9ae8c-2585-475c-91ff-4b5791e205aa","City":"Richmond","State":"VA","Shape__Are":4739.046875,"Shape__Len":356.7387892737554,"OBJECTID_1_1":177,"Join_Count":1,"TARGET_FID":177,"OBJECTID_1_12":null,"AddressId":"0060634","BuildingNu":"116","StreetDire":"E","StreetName":"Leigh","StreetType":"St","ExtensionW":" ","UnitType":" ","UnitValue":" ","ZipCode":"23219","Mailable_1":"Yes","StatePlane":11790945.78864764,"StatePla_1":3724690.5588724799,"Latitude":37.547650640000001,"Longitude":-77.437479499999995,"CreatedBy":" ","CreatedDat":" ","EditBy":"MORTONRF","EditDate":"2026-05-18T13:52:40Z","Shape_Length_1":183.26622578279415,"Shape_Area_1":1207.4413156873511,"ID":null,"Address":"116 E Leigh St","Name":"United States Of America","Type__Business_or_Residences_":null,"Business_Type":null,"Identification":"Institutional","ID2level":"Government Office","Notes":null,"Shape_Length":183.26622578279415,"Shape_Area":1207.4413156873511}},{"type":"Feature","id":173,"geometry":{"type":"Polygon","coordinates":[[[-77.437070229266126,37.54797036375016],[-77.437015224274319,37.548030603003269],[-77.437191682095104,37.548135374482293],[-77.437199083856726,37.548139768819361],[-77.437205444086729,37.548143545576622],[-77.437352066398986,37.548230600445955],[-77.437407321114307,37.548169739716798],[-77.437070229266126,37.54797036375016]]]},"properties":{"OBJECTID":173,"AddressLab":"606 N 2nd St","OwnerName":"Alx Family Properties Llc","ParcelID":9471,"PIN":"N0000064011","CountOfPIN":1,"AsrLocatio":"606","MailAddres":"9211 Quioccasin Rd","LandUse":"Vacant","MailCity":"Richmond","MailState":"VA","MailZip":"23229","Assessment":"2026-01-01T00:00:00Z","LandValue":373000,"DwellingVa":0,"TotalValue":373000,"LandSqFt":7320,"ProvalAsmt":"411","TaxExemptC":" ","PropertyCl":"401","Property_1":"B Commercial Vacant Land","Mailable":0,"MaskedOwne":" ","OBJECTID_1":34661,"GlobalID":"cbba1a0b-cd05-4313-b35b-5c70ebc09f00","City":"Richmond","State":"VA","Shape__Are":7183.23046875,"Shape__Len":361.4985869905355,"OBJECTID_1_1":178,"Join_Count":1,"TARGET_FID":178,"OBJECTID_1_12":null,"AddressId":"2017729","BuildingNu":"606","StreetDire":"N","StreetName":"2nd","StreetType":"St","ExtensionW":" ","UnitType":" ","UnitValue":" ","ZipCode":"23219","Mailable_1":"No","StatePlane":11791047.185754601,"StatePla_1":3724833.7305021901,"Latitude":37.54804068,"Longitude":-77.437124209999993,"CreatedBy":" ","CreatedDat":" ","EditBy":"parkerca","EditDate":"2011-11-01T08:51:39Z","Shape_Length_1":298.01755073343526,"Shape_Area_1":3315.8683181325596,"ID":null,"Address":"606 N 2nd St","Name":"Alx Family Properties Llc","Type__Business_or_Residences_":null,"Business_Type":null,"Identification":"Vacant","ID2level":"Vacant","Notes":null,"Shape_Length":298.01755073343526,"Shape_Area":3315.8683181325596}},{"type":"Feature","id":174,"geometry":{"type":"Polygon","coordinates":[[[-77.436745666001727,37.547648777409059],[-77.436968429473595,37.547782166251515],[-77.437003902435094,37.547745149886254],[-77.437028598955152,37.547721812924642],[-77.437290142142714,37.547442836516289],[-77.437068306192756,37.547309274557264],[-77.436745666001727,37.547648777409059]]]},"properties":{"OBJECTID":174,"AddressLab":"603 N 2nd St","OwnerName":"212 E Leigh Llc","ParcelID":22631,"PIN":"N0000040021","CountOfPIN":2,"AsrLocatio":"210","MailAddres":"212 E Leigh St Apt 1","LandUse":"Multi-Family","MailCity":"Richmond","MailState":"VA","MailZip":"23219","Assessment":"2026-01-01T00:00:00Z","LandValue":945000,"DwellingVa":2371000,"TotalValue":3316000,"LandSqFt":39976.120000000003,"ProvalAsmt":"507","TaxExemptC":" ","PropertyCl":"335","Property_1":"R Apt/Comm Mixed Use 5-49 Unit","Mailable":1,"MaskedOwne":" ","OBJECTID_1":30879,"GlobalID":"72486fa5-fde5-46f8-a792-d93a06699b01","City":"Richmond","State":"VA","Shape__Are":40127.82421875,"Shape__Len":913.44030146090734,"OBJECTID_1_1":179,"Join_Count":1,"TARGET_FID":179,"OBJECTID_1_12":null,"AddressId":"1109592","BuildingNu":"603","StreetDire":"N","StreetName":"2nd","StreetType":"St","ExtensionW":" ","UnitType":" ","UnitValue":" ","ZipCode":"23219","Mailable_1":"No","StatePlane":11791121.610474501,"StatePla_1":3724706.7448637602,"Latitude":37.547689650000002,"Longitude":-77.436872440000002,"CreatedBy":" ","CreatedDat":" ","EditBy":"parkerca","EditDate":"2011-10-20T15:16:58Z","Shape_Length_1":471.2777676816649,"Shape_Area_1":12552.436473471469,"ID":null,"Address":"603 N 2nd St","Name":"212 E Leigh Llc","Type__Business_or_Residences_":null,"Business_Type":null,"Identification":"Residential","ID2level":"Residential","Notes":null,"Shape_Length":471.2777676816649,"Shape_Area":12552.436473471469}},{"type":"Feature","id":175,"geometry":{"type":"Polygon","coordinates":[[[-77.436510055003737,37.547073284641776],[-77.43700826450015,37.547372461212689],[-77.437068306192756,37.547309274557264],[-77.437015564631878,37.547277524489246],[-77.436918633889434,37.547219166055044],[-77.436763169300363,37.547125566813044],[-77.436570474682398,37.547009551951454],[-77.436510055003737,37.547073284641776]]]},"properties":{"OBJECTID":175,"AddressLab":"212 E Leigh St","OwnerName":"212 E Leigh Llc","ParcelID":22631,"PIN":"N0000040021","CountOfPIN":2,"AsrLocatio":"210","MailAddres":"212 E Leigh St Apt 1","LandUse":"Multi-Family","MailCity":"Richmond","MailState":"VA","MailZip":"23219","Assessment":"2026-01-01T00:00:00Z","LandValue":945000,"DwellingVa":2371000,"TotalValue":3316000,"LandSqFt":39976.120000000003,"ProvalAsmt":"507","TaxExemptC":" ","PropertyCl":"335","Property_1":"R Apt/Comm Mixed Use 5-49 Unit","Mailable":1,"MaskedOwne":" ","OBJECTID_1":30879,"GlobalID":"72486fa5-fde5-46f8-a792-d93a06699b01","City":"Richmond","State":"VA","Shape__Are":40127.82421875,"Shape__Len":913.44030146090734,"OBJECTID_1_1":181,"Join_Count":19,"TARGET_FID":181,"OBJECTID_1_12":null,"AddressId":"3000534","BuildingNu":"212","StreetDire":"E","StreetName":"Leigh","StreetType":"St","ExtensionW":" ","UnitType":" ","UnitValue":" ","ZipCode":"23219","Mailable_1":"Yes","StatePlane":11791149.2590413,"StatePla_1":3724523.8433266901,"Latitude":37.547186510000003,"Longitude":-77.436784180000004,"CreatedBy":" ","CreatedDat":" ","EditBy":"parkerca","EditDate":"2011-10-20T15:18:01Z","Shape_Length_1":419.77911285479712,"Shape_Area_1":5240.0102093342311,"ID":null,"Address":"212 E Leigh St","Name":"212 E Leigh Llc","Type__Business_or_Residences_":null,"Business_Type":null,"Identification":"Residential","ID2level":"Residential","Notes":null,"Shape_Length":419.77911285479712,"Shape_Area":5240.0102093342311}},{"type":"Feature","id":176,"geometry":{"type":"Polygon","coordinates":[[[-77.436628714948824,37.548437522728506],[-77.436576266711597,37.548493144940991],[-77.436801498398594,37.548626700366142],[-77.436856277333092,37.548569123742659],[-77.436628714948824,37.548437522728506]]]},"properties":{"OBJECTID":176,"AddressLab":"702 N 2nd St","OwnerName":"700 N 2nd Street Llc","ParcelID":60104,"PIN":"N0000065023","CountOfPIN":2,"AsrLocatio":"700","MailAddres":"208 Westham Parkway","LandUse":"Multi-Family","MailCity":"Richmond","MailState":"VA","MailZip":"23229","Assessment":"2026-01-01T00:00:00Z","LandValue":205000,"DwellingVa":1385000,"TotalValue":1590000,"LandSqFt":4212,"ProvalAsmt":"507","TaxExemptC":" ","PropertyCl":"335","Property_1":"R Apt/Comm Mixed Use 5-49 Unit","Mailable":1,"MaskedOwne":" ","OBJECTID_1":29246,"GlobalID":"1517b9a3-35ec-40f0-a60d-34fbbac40909","City":"Richmond","State":"VA","Shape__Are":4380.75390625,"Shape__Len":270.52486543891467,"OBJECTID_1_1":182,"Join_Count":1,"TARGET_FID":182,"OBJECTID_1_12":null,"AddressId":"0109603","BuildingNu":"702","StreetDire":"N","StreetName":"2nd","StreetType":"St","ExtensionW":" ","UnitType":" ","UnitValue":" ","ZipCode":"23219","Mailable_1":"Yes","StatePlane":11791189.7609288,"StatePla_1":3724993.63897502,"Latitude":37.548475410000002,"Longitude":-77.436626230000002,"CreatedBy":" ","CreatedDat":" ","EditBy":"parkerca","EditDate":"2011-10-20T15:20:23Z","Shape_Length_1":214.57867304665706,"Shape_Area_1":2102.9469112656475,"ID":null,"Address":"702 N 2nd St","Name":"700 N 2nd Street Llc","Type__Business_or_Residences_":null,"Business_Type":null,"Identification":"Residential","ID2level":"Re","Notes":null,"Shape_Length":214.57867304665706,"Shape_Area":2102.9469112656475}},{"type":"Feature","id":177,"geometry":{"type":"Polygon","coordinates":[[[-77.436245622145179,37.548846883192873],[-77.436073698132176,37.549030635714011],[-77.436180506442696,37.549094984735824],[-77.43619992588431,37.549074551703626],[-77.436409417834511,37.549200763224405],[-77.436568151563975,37.549033747009091],[-77.436245622145179,37.548846883192873]]]},"properties":{"OBJECTID":177,"AddressLab":"726 N 2nd St","OwnerName":"Jackson Ward Multifamily Llc C/o Community Housing Inc","ParcelID":514271,"PIN":"N0000065012","CountOfPIN":1,"AsrLocatio":"726","MailAddres":"8403 Colesville Rd #1150","LandUse":"Multi-Family","MailCity":"Silver Spring","MailState":"MC","MailZip":"20910","Assessment":"2026-01-01T00:00:00Z","LandValue":925000,"DwellingVa":7120000,"TotalValue":8045000,"LandSqFt":26341,"ProvalAsmt":"503","TaxExemptC":"620","PropertyCl":"321","Property_1":"R Apartment 25-99 Units","Mailable":1,"MaskedOwne":" ","OBJECTID_1":31609,"GlobalID":"68ab283e-d5fa-4d16-99dc-8fcbfd53fc83","City":"Richmond","State":"VA","Shape__Are":26341.1171875,"Shape__Len":710.21835487531155,"OBJECTID_1_1":183,"Join_Count":1,"TARGET_FID":184,"OBJECTID_1_12":null,"AddressId":"2017748","BuildingNu":"726","StreetDire":"N","StreetName":"2nd","StreetType":"St","ExtensionW":" ","UnitType":" ","UnitValue":" ","ZipCode":"23219","Mailable_1":"No","StatePlane":11791289.241044801,"StatePla_1":3725210.06636369,"Latitude":37.549066689999997,"Longitude":-77.436274699999998,"CreatedBy":" ","CreatedDat":" ","EditBy":"parkerca","EditDate":"2011-11-01T08:52:03Z","Shape_Length_1":399.6512392846945,"Shape_Area_1":9034.1456198327451,"ID":null,"Address":"726 N 2nd St","Name":"Jackson Ward Multifamily Llc C/o Community Housing Inc","Type__Business_or_Residences_":null,"Business_Type":null,"Identification":"Residential","ID2level":"Residential","Notes":null,"Shape_Length":399.6512392846945,"Shape_Area":9034.1456198327451}},{"type":"Feature","id":178,"geometry":{"type":"Polygon","coordinates":[[[-77.435891530367599,37.548762363382387],[-77.435811017535258,37.5488493656187],[-77.435915319633807,37.548911317089711],[-77.436001671862726,37.548819549001692],[-77.435891530367599,37.548762363382387]]]},"properties":{"OBJECTID":178,"AddressLab":"201 Maggie L Walker Pl","OwnerName":"Richmond Redevelopment And Housing Authority","ParcelID":6604,"PIN":"N0000041110","CountOfPIN":1,"AsrLocatio":"723","MailAddres":"600 E Broad St 4th Fl","LandUse":"Vacant","MailCity":"Richmond","MailState":"VA","MailZip":"23219","Assessment":"2026-01-01T00:00:00Z","LandValue":95000,"DwellingVa":0,"TotalValue":95000,"LandSqFt":3990,"ProvalAsmt":"218","TaxExemptC":"150","PropertyCl":"101","Property_1":"R Single Family Vacant (R1-R7)","Mailable":0,"MaskedOwne":" ","OBJECTID_1":27559,"GlobalID":"33f08f23-a935-4f26-93a1-8208f16437d6","City":"Richmond","State":"VA","Shape__Are":4020.87890625,"Shape__Len":287.11947921598374,"OBJECTID_1_1":184,"Join_Count":1,"TARGET_FID":185,"OBJECTID_1_12":null,"AddressId":"3000026","BuildingNu":"201","StreetDire":" ","StreetName":"Maggie L Walker","StreetType":"Pl","ExtensionW":" ","UnitType":" ","UnitValue":" ","ZipCode":"23219","Mailable_1":"No","StatePlane":11791391.502323139,"StatePla_1":3725114.2994948202,"Latitude":37.548800530000001,"Longitude":-77.435925699999999,"CreatedBy":" ","CreatedDat":" ","EditBy":"MORTONRF","EditDate":"2025-05-29T14:54:48Z","Shape_Length_1":156.94556067459331,"Shape_Area_1":1536.3042345827118,"ID":null,"Address":"201 Maggie L Walker Pl","Name":"Richmond Redevelopment And Housing Authority","Type__Business_or_Residences_":null,"Business_Type":null,"Identification":"Vacant","ID2level":"Vacant","Notes":null,"Shape_Length":156.94556067459331,"Shape_Area":1536.3042345827118}},{"type":"Feature","id":179,"geometry":{"type":"Polygon","coordinates":[[[-77.435962565536443,37.5486856026506],[-77.436070621620317,37.54874627207078],[-77.436133143615407,37.548679817328377],[-77.436026906661979,37.548616085227046],[-77.435962565536443,37.5486856026506]]]},"properties":{"OBJECTID":179,"AddressLab":"723 N 2nd St","OwnerName":"Richmond Redevelopment And Housing Authority","ParcelID":6604,"PIN":"N0000041110","CountOfPIN":1,"AsrLocatio":"723","MailAddres":"600 E Broad St 4th Fl","LandUse":"Vacant","MailCity":"Richmond","MailState":"VA","MailZip":"23219","Assessment":"2026-01-01T00:00:00Z","LandValue":95000,"DwellingVa":0,"TotalValue":95000,"LandSqFt":3990,"ProvalAsmt":"218","TaxExemptC":"150","PropertyCl":"101","Property_1":"R Single Family Vacant (R1-R7)","Mailable":0,"MaskedOwne":" ","OBJECTID_1":27559,"GlobalID":"33f08f23-a935-4f26-93a1-8208f16437d6","City":"Richmond","State":"VA","Shape__Are":4020.87890625,"Shape__Len":287.11947921598374,"OBJECTID_1_1":185,"Join_Count":1,"TARGET_FID":186,"OBJECTID_1_12":null,"AddressId":"2028086","BuildingNu":"723","StreetDire":"N","StreetName":"2nd","StreetType":"St","ExtensionW":" ","UnitType":" ","UnitValue":" ","ZipCode":"23219","Mailable_1":"No","StatePlane":11791350.7035203,"StatePla_1":3725076.1050174399,"Latitude":37.548696900000003,"Longitude":-77.436067910000006,"CreatedBy":" ","CreatedDat":" ","EditBy":"parkerca","EditDate":"2011-11-01T08:52:25Z","Shape_Length_1":138.57008582650246,"Shape_Area_1":1185.4255791415021,"ID":null,"Address":"723 N 2nd St","Name":"Richmond Redevelopment And Housing Authority","Type__Business_or_Residences_":null,"Business_Type":null,"Identification":"Vacant","ID2level":"Vacant","Notes":null,"Shape_Length":138.57008582650246,"Shape_Area":1185.4255791415021}},{"type":"Feature","id":180,"geometry":{"type":"Polygon","coordinates":[[[-77.434925198932604,37.550373350325756],[-77.43482119914681,37.550344604485858],[-77.434761052790932,37.550408242312216],[-77.434883557291371,37.550446176257651],[-77.434925198932604,37.550373350325756]]]},"properties":{"OBJECTID":180,"AddressLab":"900 N 2nd St","OwnerName":"Richmond Redevelopment And Housing Authority","ParcelID":62209,"PIN":"N0000068021","CountOfPIN":1,"AsrLocatio":"900","MailAddres":"600 E Broad St 4th Fl","LandUse":"Vacant","MailCity":"Richmond","MailState":"VA","MailZip":"23219","Assessment":"2026-01-01T00:00:00Z","LandValue":33000,"DwellingVa":0,"TotalValue":33000,"LandSqFt":3712,"ProvalAsmt":"430","TaxExemptC":"150","PropertyCl":"401","Property_1":"B Commercial Vacant Land","Mailable":0,"MaskedOwne":" ","OBJECTID_1":32060,"GlobalID":"35a3c754-09ff-4f86-8729-d256af93cacc","City":"Richmond","State":"VA","Shape__Are":3948.39453125,"Shape__Len":256.30669144240858,"OBJECTID_1_1":186,"Join_Count":1,"TARGET_FID":187,"OBJECTID_1_12":null,"AddressId":"0109657","BuildingNu":"900","StreetDire":"N","StreetName":"2nd","StreetType":"St","ExtensionW":" ","UnitType":" ","UnitValue":" ","ZipCode":"23219","Mailable_1":"No","StatePlane":11791706.191654401,"StatePla_1":3725700.6713536102,"Latitude":37.550401090000001,"Longitude":-77.434817460000005,"CreatedBy":" ","CreatedDat":" ","EditBy":"parkerca","EditDate":"2011-10-20T15:22:22Z","Shape_Length_1":128.15477807498863,"Shape_Area_1":994.78922218518949,"ID":null,"Address":"900 N 2nd St","Name":"Richmond Redevelopment And Housing Authority","Type__Business_or_Residences_":null,"Business_Type":null,"Identification":"Vacant","ID2level":"Vacant","Notes":null,"Shape_Length":128.15477807498863,"Shape_Area":994.78922218518949}},{"type":"Feature","id":181,"geometry":{"type":"Polygon","coordinates":[[[-77.434883557291371,37.550446176257651],[-77.434984398453238,37.550477396024803],[-77.435028123220548,37.550401803467764],[-77.434925198932604,37.550373350325756],[-77.434883557291371,37.550446176257651]]]},"properties":{"OBJECTID":181,"AddressLab":"118 E Baker St","OwnerName":"Richmond Redevelopment And Housing Authority","ParcelID":62209,"PIN":"N0000068021","CountOfPIN":1,"AsrLocatio":"900","MailAddres":"600 E Broad St 4th Fl","LandUse":"Vacant","MailCity":"Richmond","MailState":"VA","MailZip":"23219","Assessment":"2026-01-01T00:00:00Z","LandValue":33000,"DwellingVa":0,"TotalValue":33000,"LandSqFt":3712,"ProvalAsmt":"430","TaxExemptC":"150","PropertyCl":"401","Property_1":"B Commercial Vacant Land","Mailable":0,"MaskedOwne":" ","OBJECTID_1":32060,"GlobalID":"35a3c754-09ff-4f86-8729-d256af93cacc","City":"Richmond","State":"VA","Shape__Are":3948.39453125,"Shape__Len":256.30669144240858,"OBJECTID_1_1":187,"Join_Count":1,"TARGET_FID":188,"OBJECTID_1_12":null,"AddressId":"1031286","BuildingNu":"118","StreetDire":"E","StreetName":"Baker","StreetType":"St","ExtensionW":" ","UnitType":" ","UnitValue":" ","ZipCode":"23219","Mailable_1":"No","StatePlane":11791670.775058599,"StatePla_1":3725710.0463348501,"Latitude":37.550427929999998,"Longitude":-77.434939259999993,"CreatedBy":" ","CreatedDat":" ","EditBy":"parkerca","EditDate":"2011-10-20T15:22:22Z","Shape_Length_1":122.38985988322716,"Shape_Area_1":932.5048523737712,"ID":null,"Address":"118 E Baker St","Name":"Richmond Redevelopment And Housing Authority","Type__Business_or_Residences_":null,"Business_Type":null,"Identification":"Vacant","ID2level":"Vacant","Notes":null,"Shape_Length":122.38985988322716,"Shape_Area":932.5048523737712}},{"type":"Feature","id":182,"geometry":{"type":"Polygon","coordinates":[[[-77.434551704691103,37.55062975312093],[-77.434514914026835,37.550668684364354],[-77.434677002104294,37.550758117086446],[-77.434903929278477,37.55082466649629],[-77.434926543518358,37.550797119348957],[-77.434551704691103,37.55062975312093]]]},"properties":{"OBJECTID":182,"AddressLab":"912 N 2nd St","OwnerName":"M T A Investments Llc","ParcelID":60338,"PIN":"N0000068017","CountOfPIN":1,"AsrLocatio":"912","MailAddres":"3257 E Weyburn Rd","LandUse":"Vacant","MailCity":"Richmond","MailState":"VA","MailZip":"23235","Assessment":"2026-01-01T00:00:00Z","LandValue":41000,"DwellingVa":0,"TotalValue":41000,"LandSqFt":4821.2799999999997,"ProvalAsmt":"430","TaxExemptC":" ","PropertyCl":"401","Property_1":"B Commercial Vacant Land","Mailable":0,"MaskedOwne":" ","OBJECTID_1":32059,"GlobalID":"9521e0b5-fc16-4fe5-bdea-1c99704b5882","City":"Richmond","State":"VA","Shape__Are":4831.2421875,"Shape__Len":329.02890872461882,"OBJECTID_1_1":188,"Join_Count":1,"TARGET_FID":189,"OBJECTID_1_12":null,"AddressId":"0109669","BuildingNu":"912","StreetDire":"N","StreetName":"2nd","StreetType":"St","ExtensionW":" ","UnitType":" ","UnitValue":" ","ZipCode":"23219","Mailable_1":"No","StatePlane":11791779.535339801,"StatePla_1":3725795.0382908601,"Latitude":37.550657960000002,"Longitude":-77.434560809999994,"CreatedBy":" ","CreatedDat":" ","EditBy":"parkerca","EditDate":"2011-10-20T15:19:23Z","Shape_Length_1":281.58559954176138,"Shape_Area_1":2348.7285438562294,"ID":null,"Address":"912 N 2nd St","Name":"M T A Investments Llc","Type__Business_or_Residences_":null,"Business_Type":null,"Identification":"Vacant","ID2level":"Vacant","Notes":null,"Shape_Length":281.58559954176138,"Shape_Area":2348.7285438562294}},{"type":"Feature","id":183,"geometry":{"type":"Polygon","coordinates":[[[-77.433188626633552,37.552079425904282],[-77.433396033383431,37.552202475427755],[-77.433681471356749,37.55187848760778],[-77.433444916753217,37.551805427149262],[-77.433188626633552,37.552079425904282]]]},"properties":{"OBJECTID":183,"AddressLab":"1100 N 2nd St","OwnerName":"Richmond Redevelopment And Housing Authority","ParcelID":27468,"PIN":"N0000111001","CountOfPIN":1,"AsrLocatio":"1100","MailAddres":"600 E Broad St 4th Fl","LandUse":"Multi-Family","MailCity":"Richmond","MailState":"VA","MailZip":"23219","Assessment":"2026-01-01T00:00:00Z","LandValue":385000,"DwellingVa":2565000,"TotalValue":2950000,"LandSqFt":151550,"ProvalAsmt":"510","TaxExemptC":"150","PropertyCl":"315","Property_1":"R Apartment 12-24 Units","Mailable":1,"MaskedOwne":" ","OBJECTID_1":32487,"GlobalID":"85d9923b-bc34-441e-ab32-c3a6fd2a46d9","City":"Richmond","State":"VA","Shape__Are":151549.62109375,"Shape__Len":1716.9257481296227,"OBJECTID_1_1":189,"Join_Count":5,"TARGET_FID":190,"OBJECTID_1_12":null,"AddressId":"1109693","BuildingNu":"1100","StreetDire":"N","StreetName":"2nd","StreetType":"St","ExtensionW":" ","UnitType":" ","UnitValue":" ","ZipCode":"23219","Mailable_1":"Yes","StatePlane":11792105.8739259,"StatePla_1":3726287.9976067701,"Latitude":37.552001609999998,"Longitude":-77.433415969999999,"CreatedBy":" ","CreatedDat":" ","EditBy":"parkerca","EditDate":"2011-10-20T15:17:50Z","Shape_Length_1":417.02686020344925,"Shape_Area_1":9809.2237093106014,"ID":null,"Address":"1100 N 2nd St","Name":"Richmond Redevelopment And Housing Authority","Type__Business_or_Residences_":null,"Business_Type":null,"Identification":"Residential","ID2level":"Residential","Notes":null,"Shape_Length":417.02686020344925,"Shape_Area":9809.2237093106014}},{"type":"Feature","id":184,"geometry":{"type":"Polygon","coordinates":[[[-77.433544337636633,37.552034137631765],[-77.43391240258326,37.552167371835345],[-77.434021947676811,37.551983649189616],[-77.433681471356749,37.55187848760778],[-77.433544337636633,37.552034137631765]]]},"properties":{"OBJECTID":184,"AddressLab":"102 E Federal St","OwnerName":"Richmond Redevelopment And Housing Authority","ParcelID":27468,"PIN":"N0000111001","CountOfPIN":1,"AsrLocatio":"1100","MailAddres":"600 E Broad St 4th Fl","LandUse":"Multi-Family","MailCity":"Richmond","MailState":"VA","MailZip":"23219","Assessment":"2026-01-01T00:00:00Z","LandValue":385000,"DwellingVa":2565000,"TotalValue":2950000,"LandSqFt":151550,"ProvalAsmt":"510","TaxExemptC":"150","PropertyCl":"315","Property_1":"R Apartment 12-24 Units","Mailable":1,"MaskedOwne":" ","OBJECTID_1":32487,"GlobalID":"85d9923b-bc34-441e-ab32-c3a6fd2a46d9","City":"Richmond","State":"VA","Shape__Are":151549.62109375,"Shape__Len":1716.9257481296227,"OBJECTID_1_1":190,"Join_Count":5,"TARGET_FID":191,"OBJECTID_1_12":null,"AddressId":"0033520","BuildingNu":"102","StreetDire":"E","StreetName":"Federal","StreetType":"St","ExtensionW":" ","UnitType":" ","UnitValue":" ","ZipCode":"23219","Mailable_1":"Yes","StatePlane":11791997.709772199,"StatePla_1":3726289.5881547602,"Latitude":37.552009339999998,"Longitude":-77.433789000000004,"CreatedBy":" ","CreatedDat":" ","EditBy":"parkerca","EditDate":"2011-10-20T15:17:50Z","Shape_Length_1":366.35765030603903,"Shape_Area_1":7897.2435332950281,"ID":null,"Address":"102 E Federal St","Name":"Richmond Redevelopment And Housing Authority","Type__Business_or_Residences_":null,"Business_Type":null,"Identification":"Residential","ID2level":"Residential","Notes":null,"Shape_Length":366.35765030603903,"Shape_Area":7897.2435332950281}},{"type":"Feature","id":185,"geometry":{"type":"Polygon","coordinates":[[[-77.432808937447462,37.552485333947857],[-77.433194146254678,37.552711513663105],[-77.433313850579196,37.55257661368006],[-77.432934537841817,37.552351064109942],[-77.432808937447462,37.552485333947857]]]},"properties":{"OBJECTID":185,"AddressLab":"1106 N 2nd St","OwnerName":"Richmond Redevelopment And Housing Authority","ParcelID":27468,"PIN":"N0000111001","CountOfPIN":1,"AsrLocatio":"1100","MailAddres":"600 E Broad St 4th Fl","LandUse":"Multi-Family","MailCity":"Richmond","MailState":"VA","MailZip":"23219","Assessment":"2026-01-01T00:00:00Z","LandValue":385000,"DwellingVa":2565000,"TotalValue":2950000,"LandSqFt":151550,"ProvalAsmt":"510","TaxExemptC":"150","PropertyCl":"315","Property_1":"R Apartment 12-24 Units","Mailable":1,"MaskedOwne":" ","OBJECTID_1":32487,"GlobalID":"85d9923b-bc34-441e-ab32-c3a6fd2a46d9","City":"Richmond","State":"VA","Shape__Are":151549.62109375,"Shape__Len":1716.9257481296227,"OBJECTID_1_1":191,"Join_Count":3,"TARGET_FID":192,"OBJECTID_1_12":null,"AddressId":"1109696","BuildingNu":"1106","StreetDire":"N","StreetName":"2nd","StreetType":"St","ExtensionW":" ","UnitType":" ","UnitValue":" ","ZipCode":"23219","Mailable_1":"Yes","StatePlane":11792210.856983701,"StatePla_1":3726453.4254255099,"Latitude":37.552452649999999,"Longitude":-77.433047400000007,"CreatedBy":" ","CreatedDat":" ","EditBy":"parkerca","EditDate":"2011-10-20T15:17:50Z","Shape_Length_1":397.09499928086086,"Shape_Area_1":8354.5205280876635,"ID":null,"Address":"1106 N 2nd St","Name":"n/a","Type__Business_or_Residences_":"n/a","Business_Type":"n/a","Identification":"No Current Listing","ID2level":"Residential","Notes":"apartment with 2 units","Shape_Length":397.09499928086086,"Shape_Area":8354.5205280876635}},{"type":"Feature","id":186,"geometry":{"type":"Polygon","coordinates":[[[-77.433092890483451,37.55218177292722],[-77.433469880474021,37.552400773539055],[-77.433560927644038,37.552298161473423],[-77.433396030013995,37.552202473595251],[-77.433188626633552,37.552079425904282],[-77.433092890483451,37.55218177292722]]]},"properties":{"OBJECTID":186,"AddressLab":"1102 N 2nd St","OwnerName":"Richmond Redevelopment And Housing Authority","ParcelID":27468,"PIN":"N0000111001","CountOfPIN":1,"AsrLocatio":"1100","MailAddres":"600 E Broad St 4th Fl","LandUse":"Multi-Family","MailCity":"Richmond","MailState":"VA","MailZip":"23219","Assessment":"2026-01-01T00:00:00Z","LandValue":385000,"DwellingVa":2565000,"TotalValue":2950000,"LandSqFt":151550,"ProvalAsmt":"510","TaxExemptC":"150","PropertyCl":"315","Property_1":"R Apartment 12-24 Units","Mailable":1,"MaskedOwne":" ","OBJECTID_1":32487,"GlobalID":"85d9923b-bc34-441e-ab32-c3a6fd2a46d9","City":"Richmond","State":"VA","Shape__Are":151549.62109375,"Shape__Len":1716.9257481296227,"OBJECTID_1_1":192,"Join_Count":3,"TARGET_FID":193,"OBJECTID_1_12":null,"AddressId":"1109694","BuildingNu":"1102","StreetDire":"N","StreetName":"2nd","StreetType":"St","ExtensionW":" ","UnitType":" ","UnitValue":" ","ZipCode":"23219","Mailable_1":"Yes","StatePlane":11792152.7980447,"StatePla_1":3726373.8927761898,"Latitude":37.552236039999997,"Longitude":-77.433250760000007,"CreatedBy":" ","CreatedDat":" ","EditBy":"parkerca","EditDate":"2011-10-20T15:17:50Z","Shape_Length_1":361.63051613121422,"Shape_Area_1":6186.7323820097317,"ID":null,"Address":"1102 N 2nd St","Name":"Richmond Redevelopment And Housing Authority","Type__Business_or_Residences_":null,"Business_Type":null,"Identification":"Residential","ID2level":"Residential","Notes":null,"Shape_Length":361.63051613121422,"Shape_Area":6186.7323820097317}},{"type":"Feature","id":187,"geometry":{"type":"Polygon","coordinates":[[[-77.432934537841817,37.552351064109942],[-77.433313850579196,37.55257661368006],[-77.433469880474021,37.552400773539055],[-77.433092890483451,37.55218177292722],[-77.432934537841817,37.552351064109942]]]},"properties":{"OBJECTID":187,"AddressLab":"1104 N 2nd St","OwnerName":"Richmond Redevelopment And Housing Authority","ParcelID":27468,"PIN":"N0000111001","CountOfPIN":1,"AsrLocatio":"1100","MailAddres":"600 E Broad St 4th Fl","LandUse":"Multi-Family","MailCity":"Richmond","MailState":"VA","MailZip":"23219","Assessment":"2026-01-01T00:00:00Z","LandValue":385000,"DwellingVa":2565000,"TotalValue":2950000,"LandSqFt":151550,"ProvalAsmt":"510","TaxExemptC":"150","PropertyCl":"315","Property_1":"R Apartment 12-24 Units","Mailable":1,"MaskedOwne":" ","OBJECTID_1":32487,"GlobalID":"85d9923b-bc34-441e-ab32-c3a6fd2a46d9","City":"Richmond","State":"VA","Shape__Are":151549.62109375,"Shape__Len":1716.9257481296227,"OBJECTID_1_1":193,"Join_Count":5,"TARGET_FID":194,"OBJECTID_1_12":null,"AddressId":"0109695","BuildingNu":"1104","StreetDire":"N","StreetName":"2nd","StreetType":"St","ExtensionW":" ","UnitType":" ","UnitValue":" ","ZipCode":"23219","Mailable_1":"Yes","StatePlane":11792135.3010324,"StatePla_1":3726451.8348775199,"Latitude":37.552450630000003,"Longitude":-77.433308080000003,"CreatedBy":" ","CreatedDat":" ","EditBy":"parkerca","EditDate":"2011-10-20T15:17:50Z","Shape_Length_1":427.77772226849311,"Shape_Area_1":10576.057870513263,"ID":null,"Address":"1104 N 2nd St","Name":"Richmond Redevelopment And Housing Authority","Type__Business_or_Residences_":null,"Business_Type":null,"Identification":"Residential","ID2level":"Residential","Notes":null,"Shape_Length":427.77772226849311,"Shape_Area":10576.057870513263}},{"type":"Feature","id":188,"geometry":{"type":"Polygon","coordinates":[[[-77.433496299505236,37.552088662759481],[-77.433997272049695,37.55243337736426],[-77.434159533496029,37.552255422502576],[-77.43391240258326,37.552167371835345],[-77.433544337636633,37.552034137631765],[-77.433496299505236,37.552088662759481]]]},"properties":{"OBJECTID":188,"AddressLab":"1107 N 1st St","OwnerName":"Richmond Redevelopment And Housing Authority","ParcelID":27468,"PIN":"N0000111001","CountOfPIN":1,"AsrLocatio":"1100","MailAddres":"600 E Broad St 4th Fl","LandUse":"Multi-Family","MailCity":"Richmond","MailState":"VA","MailZip":"23219","Assessment":"2026-01-01T00:00:00Z","LandValue":385000,"DwellingVa":2565000,"TotalValue":2950000,"LandSqFt":151550,"ProvalAsmt":"510","TaxExemptC":"150","PropertyCl":"315","Property_1":"R Apartment 12-24 Units","Mailable":1,"MaskedOwne":" ","OBJECTID_1":32487,"GlobalID":"85d9923b-bc34-441e-ab32-c3a6fd2a46d9","City":"Richmond","State":"VA","Shape__Are":151549.62109375,"Shape__Len":1716.9257481296227,"OBJECTID_1_1":194,"Join_Count":3,"TARGET_FID":195,"OBJECTID_1_12":null,"AddressId":"0108155","BuildingNu":"1107","StreetDire":"N","StreetName":"1st","StreetType":"St","ExtensionW":" ","UnitType":" ","UnitValue":" ","ZipCode":"23219","Mailable_1":"Yes","StatePlane":11791967.4870636,"StatePla_1":3726396.1620886,"Latitude":37.552302949999998,"Longitude":-77.433889100000002,"CreatedBy":" ","CreatedDat":" ","EditBy":"parkerca","EditDate":"2011-10-20T15:17:50Z","Shape_Length_1":491.97009632452608,"Shape_Area_1":9961.1856437070091,"ID":null,"Address":"1107 N 1st St","Name":"Richmond Redevelopment And Housing Authority","Type__Business_or_Residences_":null,"Business_Type":null,"Identification":"Residential","ID2level":"Residential","Notes":null,"Shape_Length":491.97009632452608,"Shape_Area":9961.1856437070091}},{"type":"Feature","id":189,"geometry":{"type":"Polygon","coordinates":[[[-77.433469877104571,37.552400771706523],[-77.433838584270205,37.552607411911943],[-77.433997272049695,37.55243337736426],[-77.433496299505236,37.552088662759481],[-77.433396030013995,37.552202473595251],[-77.433560927644038,37.552298161473423],[-77.433469877104571,37.552400771706523]]]},"properties":{"OBJECTID":189,"AddressLab":"1109 N 1st St","OwnerName":"Richmond Redevelopment And Housing Authority","ParcelID":27468,"PIN":"N0000111001","CountOfPIN":1,"AsrLocatio":"1100","MailAddres":"600 E Broad St 4th Fl","LandUse":"Multi-Family","MailCity":"Richmond","MailState":"VA","MailZip":"23219","Assessment":"2026-01-01T00:00:00Z","LandValue":385000,"DwellingVa":2565000,"TotalValue":2950000,"LandSqFt":151550,"ProvalAsmt":"510","TaxExemptC":"150","PropertyCl":"315","Property_1":"R Apartment 12-24 Units","Mailable":1,"MaskedOwne":" ","OBJECTID_1":32487,"GlobalID":"85d9923b-bc34-441e-ab32-c3a6fd2a46d9","City":"Richmond","State":"VA","Shape__Are":151549.62109375,"Shape__Len":1716.9257481296227,"OBJECTID_1_1":195,"Join_Count":5,"TARGET_FID":196,"OBJECTID_1_12":null,"AddressId":"1108157","BuildingNu":"1109","StreetDire":"N","StreetName":"1st","StreetType":"St","ExtensionW":" ","UnitType":" ","UnitValue":" ","ZipCode":"23219","Mailable_1":"Yes","StatePlane":11792051.791685,"StatePla_1":3726425.5888670199,"Latitude":37.552381140000001,"Longitude":-77.433597160000005,"CreatedBy":" ","CreatedDat":" ","EditBy":"parkerca","EditDate":"2011-10-20T15:17:50Z","Shape_Length_1":556.48493674251949,"Shape_Area_1":13990.14997558556,"ID":null,"Address":"1109 N 1st St","Name":"Richmond Redevelopment And Housing Authority","Type__Business_or_Residences_":null,"Business_Type":null,"Identification":"Residential","ID2level":"Residential","Notes":null,"Shape_Length":556.48493674251949,"Shape_Area":13990.14997558556}},{"type":"Feature","id":190,"geometry":{"type":"Polygon","coordinates":[[[-77.433331052225256,37.552557216355225],[-77.433691649275019,37.552768554471541],[-77.433838584270205,37.552607411911943],[-77.433469877104571,37.552400771706523],[-77.433331052225256,37.552557216355225]]]},"properties":{"OBJECTID":190,"AddressLab":"1111 N 1st St","OwnerName":"Richmond Redevelopment And Housing Authority","ParcelID":27468,"PIN":"N0000111001","CountOfPIN":1,"AsrLocatio":"1100","MailAddres":"600 E Broad St 4th Fl","LandUse":"Multi-Family","MailCity":"Richmond","MailState":"VA","MailZip":"23219","Assessment":"2026-01-01T00:00:00Z","LandValue":385000,"DwellingVa":2565000,"TotalValue":2950000,"LandSqFt":151550,"ProvalAsmt":"510","TaxExemptC":"150","PropertyCl":"315","Property_1":"R Apartment 12-24 Units","Mailable":1,"MaskedOwne":" ","OBJECTID_1":32487,"GlobalID":"85d9923b-bc34-441e-ab32-c3a6fd2a46d9","City":"Richmond","State":"VA","Shape__Are":151549.62109375,"Shape__Len":1716.9257481296227,"OBJECTID_1_1":196,"Join_Count":3,"TARGET_FID":197,"OBJECTID_1_12":null,"AddressId":"1108158","BuildingNu":"1111","StreetDire":"N","StreetName":"1st","StreetType":"St","ExtensionW":" ","UnitType":" ","UnitValue":" ","ZipCode":"23219","Mailable_1":"Yes","StatePlane":11792044.633890901,"StatePla_1":3726501.9400922698,"Latitude":37.552591040000003,"Longitude":-77.433618870000004,"CreatedBy":" ","CreatedDat":" ","EditBy":"parkerca","EditDate":"2011-10-20T15:17:50Z","Shape_Length_1":402.76616499639317,"Shape_Area_1":9263.9043435069507,"ID":null,"Address":"1111 N 1st St","Name":"Richmond Redevelopment And Housing Authority","Type__Business_or_Residences_":null,"Business_Type":null,"Identification":"Residential","ID2level":"Residential","Notes":null,"Shape_Length":402.76616499639317,"Shape_Area":9263.9043435069507}},{"type":"Feature","id":191,"geometry":{"type":"Polygon","coordinates":[[[-77.433204240698004,37.552700129874026],[-77.433573896856487,37.552897692725594],[-77.433691649275019,37.552768554471541],[-77.433331052225256,37.552557216355225],[-77.433204240698004,37.552700129874026]]]},"properties":{"OBJECTID":191,"AddressLab":"1201 N 1st St","OwnerName":"Richmond Redevelopment And Housing Authority","ParcelID":27468,"PIN":"N0000111001","CountOfPIN":1,"AsrLocatio":"1100","MailAddres":"600 E Broad St 4th Fl","LandUse":"Multi-Family","MailCity":"Richmond","MailState":"VA","MailZip":"23219","Assessment":"2026-01-01T00:00:00Z","LandValue":385000,"DwellingVa":2565000,"TotalValue":2950000,"LandSqFt":151550,"ProvalAsmt":"510","TaxExemptC":"150","PropertyCl":"315","Property_1":"R Apartment 12-24 Units","Mailable":1,"MaskedOwne":" ","OBJECTID_1":32487,"GlobalID":"85d9923b-bc34-441e-ab32-c3a6fd2a46d9","City":"Richmond","State":"VA","Shape__Are":151549.62109375,"Shape__Len":1716.9257481296227,"OBJECTID_1_1":197,"Join_Count":3,"TARGET_FID":198,"OBJECTID_1_12":null,"AddressId":"1108160","BuildingNu":"1201","StreetDire":"N","StreetName":"1st","StreetType":"St","ExtensionW":" ","UnitType":" ","UnitValue":" ","ZipCode":"23219","Mailable_1":"Yes","StatePlane":11792089.172187701,"StatePla_1":3726571.9291255199,"Latitude":37.552781869999997,"Longitude":-77.433462509999998,"CreatedBy":" ","CreatedDat":" ","EditBy":"parkerca","EditDate":"2011-10-20T15:17:50Z","Shape_Length_1":380.68620735144918,"Shape_Area_1":7881.3982319170973,"ID":null,"Address":"1201 N 1st St","Name":"Richmond Redevelopment And Housing Authority","Type__Business_or_Residences_":null,"Business_Type":null,"Identification":"Residential","ID2level":"Residential","Notes":null,"Shape_Length":380.68620735144918,"Shape_Area":7881.3982319170973}},{"type":"Feature","id":192,"geometry":{"type":"Polygon","coordinates":[[[-77.433099467066555,37.552818200881603],[-77.433470541959082,37.553011040630501],[-77.433573896856487,37.552897692725594],[-77.433204240698004,37.552700129874026],[-77.433099467066555,37.552818200881603]]]},"properties":{"OBJECTID":192,"AddressLab":"1203 N 1st St","OwnerName":"Richmond Redevelopment And Housing Authority","ParcelID":27468,"PIN":"N0000111001","CountOfPIN":1,"AsrLocatio":"1100","MailAddres":"600 E Broad St 4th Fl","LandUse":"Multi-Family","MailCity":"Richmond","MailState":"VA","MailZip":"23219","Assessment":"2026-01-01T00:00:00Z","LandValue":385000,"DwellingVa":2565000,"TotalValue":2950000,"LandSqFt":151550,"ProvalAsmt":"510","TaxExemptC":"150","PropertyCl":"315","Property_1":"R Apartment 12-24 Units","Mailable":1,"MaskedOwne":" ","OBJECTID_1":32487,"GlobalID":"85d9923b-bc34-441e-ab32-c3a6fd2a46d9","City":"Richmond","State":"VA","Shape__Are":151549.62109375,"Shape__Len":1716.9257481296227,"OBJECTID_1_1":198,"Join_Count":3,"TARGET_FID":200,"OBJECTID_1_12":null,"AddressId":"1108161","BuildingNu":"1203","StreetDire":"N","StreetName":"1st","StreetType":"St","ExtensionW":" ","UnitType":" ","UnitValue":" ","ZipCode":"23219","Mailable_1":"Yes","StatePlane":11792159.160564801,"StatePla_1":3726580.6774676,"Latitude":37.55280372,"Longitude":-77.433220759999998,"CreatedBy":" ","CreatedDat":" ","EditBy":"parkerca","EditDate":"2011-10-20T15:17:50Z","Shape_Length_1":361.16348059665131,"Shape_Area_1":6667.6261628875127,"ID":null,"Address":"1203 N 1st St","Name":"Richmond Redevelopment And Housing Authority","Type__Business_or_Residences_":null,"Business_Type":null,"Identification":"Residential","ID2level":"Residential","Notes":null,"Shape_Length":361.16348059665131,"Shape_Area":6667.6261628875127}},{"type":"Feature","id":193,"geometry":{"type":"Polygon","coordinates":[[[-77.432975614234934,37.552957776069469],[-77.433327450129255,37.553167961410892],[-77.433470541959082,37.553011040630501],[-77.433099467066555,37.552818200881603],[-77.432975614234934,37.552957776069469]]]},"properties":{"OBJECTID":193,"AddressLab":"1205 N 1st St","OwnerName":"Richmond Redevelopment And Housing Authority","ParcelID":27468,"PIN":"N0000111001","CountOfPIN":1,"AsrLocatio":"1100","MailAddres":"600 E Broad St 4th Fl","LandUse":"Multi-Family","MailCity":"Richmond","MailState":"VA","MailZip":"23219","Assessment":"2026-01-01T00:00:00Z","LandValue":385000,"DwellingVa":2565000,"TotalValue":2950000,"LandSqFt":151550,"ProvalAsmt":"510","TaxExemptC":"150","PropertyCl":"315","Property_1":"R Apartment 12-24 Units","Mailable":1,"MaskedOwne":" ","OBJECTID_1":32487,"GlobalID":"85d9923b-bc34-441e-ab32-c3a6fd2a46d9","City":"Richmond","State":"VA","Shape__Are":151549.62109375,"Shape__Len":1716.9257481296227,"OBJECTID_1_1":199,"Join_Count":3,"TARGET_FID":201,"OBJECTID_1_12":null,"AddressId":"0108162","BuildingNu":"1205","StreetDire":"N","StreetName":"1st","StreetType":"St","ExtensionW":" ","UnitType":" ","UnitValue":" ","ZipCode":"23219","Mailable_1":"Yes","StatePlane":11792146.4355246,"StatePla_1":3726649.87122685,"Latitude":37.552994130000002,"Longitude":-77.433261950000002,"CreatedBy":" ","CreatedDat":" ","EditBy":"parkerca","EditDate":"2011-10-20T15:17:50Z","Shape_Length_1":388.80433011693782,"Shape_Area_1":8495.0691602238294,"ID":null,"Address":"1205 N 1st St","Name":"Richmond Redevelopment And Housing Authority","Type__Business_or_Residences_":null,"Business_Type":null,"Identification":"Residential","ID2level":"Residential","Notes":null,"Shape_Length":388.80433011693782,"Shape_Area":8495.0691602238294}},{"type":"Feature","id":194,"geometry":{"type":"Polygon","coordinates":[[[-77.432893507270236,37.553315605662796],[-77.433129260595379,37.553385292537492],[-77.433327450129255,37.553167961410892],[-77.433138381342829,37.553055008744948],[-77.432893507270236,37.553315605662796]]]},"properties":{"OBJECTID":194,"AddressLab":"1207 N 1st St","OwnerName":"Richmond Redevelopment And Housing Authority","ParcelID":27468,"PIN":"N0000111001","CountOfPIN":1,"AsrLocatio":"1100","MailAddres":"600 E Broad St 4th Fl","LandUse":"Multi-Family","MailCity":"Richmond","MailState":"VA","MailZip":"23219","Assessment":"2026-01-01T00:00:00Z","LandValue":385000,"DwellingVa":2565000,"TotalValue":2950000,"LandSqFt":151550,"ProvalAsmt":"510","TaxExemptC":"150","PropertyCl":"315","Property_1":"R Apartment 12-24 Units","Mailable":1,"MaskedOwne":" ","OBJECTID_1":32487,"GlobalID":"85d9923b-bc34-441e-ab32-c3a6fd2a46d9","City":"Richmond","State":"VA","Shape__Are":151549.62109375,"Shape__Len":1716.9257481296227,"OBJECTID_1_1":200,"Join_Count":5,"TARGET_FID":202,"OBJECTID_1_12":null,"AddressId":"0108164","BuildingNu":"1207","StreetDire":"N","StreetName":"1st","StreetType":"St","ExtensionW":" ","UnitType":" ","UnitValue":" ","ZipCode":"23219","Mailable_1":"Yes","StatePlane":11792184.611301299,"StatePla_1":3726719.85960394,"Latitude":37.553185149999997,"Longitude":-77.433127540000001,"CreatedBy":" ","CreatedDat":" ","EditBy":"parkerca","EditDate":"2011-10-20T15:17:50Z","Shape_Length_1":357.71644730780531,"Shape_Area_1":7493.0743858406495,"ID":null,"Address":"1207 N 1st St","Name":"Richmond Redevelopment And Housing Authority","Type__Business_or_Residences_":null,"Business_Type":null,"Identification":"Residential","ID2level":"Residential","Notes":null,"Shape_Length":357.71644730780531,"Shape_Area":7493.0743858406495}},{"type":"Feature","id":195,"geometry":{"type":"Polygon","coordinates":[[[-77.432415993695827,37.552905438116547],[-77.432218880586291,37.553116174180673],[-77.432464447312569,37.553188770307941],[-77.432620654569632,37.55301246700737],[-77.432415993695827,37.552905438116547]]]},"properties":{"OBJECTID":195,"AddressLab":"1206 N 2nd St","OwnerName":"Richmond Redevelopment And Housing Authority","ParcelID":27468,"PIN":"N0000111001","CountOfPIN":1,"AsrLocatio":"1100","MailAddres":"600 E Broad St 4th Fl","LandUse":"Multi-Family","MailCity":"Richmond","MailState":"VA","MailZip":"23219","Assessment":"2026-01-01T00:00:00Z","LandValue":385000,"DwellingVa":2565000,"TotalValue":2950000,"LandSqFt":151550,"ProvalAsmt":"510","TaxExemptC":"150","PropertyCl":"315","Property_1":"R Apartment 12-24 Units","Mailable":1,"MaskedOwne":" ","OBJECTID_1":32487,"GlobalID":"85d9923b-bc34-441e-ab32-c3a6fd2a46d9","City":"Richmond","State":"VA","Shape__Are":151549.62109375,"Shape__Len":1716.9257481296227,"OBJECTID_1_1":201,"Join_Count":3,"TARGET_FID":203,"OBJECTID_1_12":null,"AddressId":"1087225","BuildingNu":"1206","StreetDire":"N","StreetName":"2nd","StreetType":"St","ExtensionW":" ","UnitType":" ","UnitValue":" ","ZipCode":"23219","Mailable_1":"Yes","StatePlane":11792380.2615005,"StatePla_1":3726663.39154102,"Latitude":37.553024000000001,"Longitude":-77.432454879999995,"CreatedBy":" ","CreatedDat":" ","EditBy":"parkerca","EditDate":"2011-10-20T15:17:50Z","Shape_Length_1":321.14968074168132,"Shape_Area_1":6273.0474481015508,"ID":null,"Address":"1206 N 2nd St","Name":"Richmond Redevelopment And Housing Authority","Type__Business_or_Residences_":null,"Business_Type":null,"Identification":"Residential","ID2level":"Residential","Notes":null,"Shape_Length":321.14968074168132,"Shape_Area":6273.0474481015508}},{"type":"Feature","id":196,"geometry":{"type":"Polygon","coordinates":[[[-77.432543312734552,37.552769317087609],[-77.432415993695827,37.552905438116547],[-77.432620654569632,37.55301246700737],[-77.432896942004916,37.553073857867801],[-77.432916433700342,37.553024477277951],[-77.43292788072867,37.553011581023512],[-77.432543312734552,37.552769317087609]]]},"properties":{"OBJECTID":196,"AddressLab":"1204 N 2nd St","OwnerName":"Richmond Redevelopment And Housing Authority","ParcelID":27468,"PIN":"N0000111001","CountOfPIN":1,"AsrLocatio":"1100","MailAddres":"600 E Broad St 4th Fl","LandUse":"Multi-Family","MailCity":"Richmond","MailState":"VA","MailZip":"23219","Assessment":"2026-01-01T00:00:00Z","LandValue":385000,"DwellingVa":2565000,"TotalValue":2950000,"LandSqFt":151550,"ProvalAsmt":"510","TaxExemptC":"150","PropertyCl":"315","Property_1":"R Apartment 12-24 Units","Mailable":1,"MaskedOwne":" ","OBJECTID_1":32487,"GlobalID":"85d9923b-bc34-441e-ab32-c3a6fd2a46d9","City":"Richmond","State":"VA","Shape__Are":151549.62109375,"Shape__Len":1716.9257481296227,"OBJECTID_1_1":202,"Join_Count":3,"TARGET_FID":204,"OBJECTID_1_12":null,"AddressId":"1109700","BuildingNu":"1204","StreetDire":"N","StreetName":"2nd","StreetType":"St","ExtensionW":" ","UnitType":" ","UnitValue":" ","ZipCode":"23219","Mailable_1":"Yes","StatePlane":11792329.360355601,"StatePla_1":3726616.4670941802,"Latitude":37.55289672,"Longitude":-77.432632280000007,"CreatedBy":" ","CreatedDat":" ","EditBy":"parkerca","EditDate":"2011-10-20T15:17:50Z","Shape_Length_1":382.69154302618409,"Shape_Area_1":7127.3617881445944,"ID":null,"Address":"1204 N 2nd St","Name":"McCuthen Donte,McCuthen Chalaina,James Kota","Type__Business_or_Residences_":null,"Business_Type":null,"Identification":"Residential","ID2level":"Residential","Notes":null,"Shape_Length":382.69154302618409,"Shape_Area":7127.3617881445944}},{"type":"Feature","id":197,"geometry":{"type":"Polygon","coordinates":[[[-77.432713692040778,37.552587162443288],[-77.432543312734552,37.552769317087609],[-77.43292788072867,37.553011581023512],[-77.43309947268655,37.552818203635475],[-77.432713692040778,37.552587162443288]]]},"properties":{"OBJECTID":197,"AddressLab":"1202 N 2nd St","OwnerName":"Richmond Redevelopment And Housing Authority","ParcelID":27468,"PIN":"N0000111001","CountOfPIN":1,"AsrLocatio":"1100","MailAddres":"600 E Broad St 4th Fl","LandUse":"Multi-Family","MailCity":"Richmond","MailState":"VA","MailZip":"23219","Assessment":"2026-01-01T00:00:00Z","LandValue":385000,"DwellingVa":2565000,"TotalValue":2950000,"LandSqFt":151550,"ProvalAsmt":"510","TaxExemptC":"150","PropertyCl":"315","Property_1":"R Apartment 12-24 Units","Mailable":1,"MaskedOwne":" ","OBJECTID_1":32487,"GlobalID":"85d9923b-bc34-441e-ab32-c3a6fd2a46d9","City":"Richmond","State":"VA","Shape__Are":151549.62109375,"Shape__Len":1716.9257481296227,"OBJECTID_1_1":203,"Join_Count":5,"TARGET_FID":205,"OBJECTID_1_12":null,"AddressId":"0109699","BuildingNu":"1202","StreetDire":"N","StreetName":"2nd","StreetType":"St","ExtensionW":" ","UnitType":" ","UnitValue":" ","ZipCode":"23219","Mailable_1":"Yes","StatePlane":11792250.6233084,"StatePla_1":3726603.7420540201,"Latitude":37.552864219999996,"Longitude":-77.432904370000003,"CreatedBy":" ","CreatedDat":" ","EditBy":"parkerca","EditDate":"2011-10-20T15:17:50Z","Shape_Length_1":451.00907849334681,"Shape_Area_1":11905.044242286847,"ID":null,"Address":"1202 N 2nd St","Name":"Richmond Redevelopment And Housing Authority","Type__Business_or_Residences_":null,"Business_Type":null,"Identification":"Residential","ID2level":"Residential","Notes":null,"Shape_Length":451.00907849334681,"Shape_Area":11905.044242286847}},{"type":"Feature","id":198,"geometry":{"type":"Polygon","coordinates":[[[-77.432808937447462,37.552485333947857],[-77.432713692040778,37.552587162443288],[-77.43309947268655,37.552818203635475],[-77.433194146254678,37.552711513663105],[-77.432808937447462,37.552485333947857]]]},"properties":{"OBJECTID":198,"AddressLab":"1200 N 2nd St","OwnerName":"Richmond Redevelopment And Housing Authority","ParcelID":27468,"PIN":"N0000111001","CountOfPIN":1,"AsrLocatio":"1100","MailAddres":"600 E Broad St 4th Fl","LandUse":"Multi-Family","MailCity":"Richmond","MailState":"VA","MailZip":"23219","Assessment":"2026-01-01T00:00:00Z","LandValue":385000,"DwellingVa":2565000,"TotalValue":2950000,"LandSqFt":151550,"ProvalAsmt":"510","TaxExemptC":"150","PropertyCl":"315","Property_1":"R Apartment 12-24 Units","Mailable":1,"MaskedOwne":" ","OBJECTID_1":32487,"GlobalID":"85d9923b-bc34-441e-ab32-c3a6fd2a46d9","City":"Richmond","State":"VA","Shape__Are":151549.62109375,"Shape__Len":1716.9257481296227,"OBJECTID_1_1":204,"Join_Count":3,"TARGET_FID":206,"OBJECTID_1_12":null,"AddressId":"0109698","BuildingNu":"1200","StreetDire":"N","StreetName":"2nd","StreetType":"St","ExtensionW":" ","UnitType":" ","UnitValue":" ","ZipCode":"23219","Mailable_1":"Yes","StatePlane":11792260.9625265,"StatePla_1":3726524.2094046902,"Latitude":37.552645490000003,"Longitude":-77.432871809999995,"CreatedBy":" ","CreatedDat":" ","EditBy":"parkerca","EditDate":"2011-10-20T15:17:50Z","Shape_Length_1":372.48833043846349,"Shape_Area_1":6533.7857901376619,"ID":null,"Address":"1200 N 2nd St","Name":"Richmond Redevelopment And Housing Authority","Type__Business_or_Residences_":null,"Business_Type":null,"Identification":"Residential","ID2level":"Residential","Notes":null,"Shape_Length":372.48833043846349,"Shape_Area":6533.7857901376619}},{"type":"Feature","id":199,"geometry":{"type":"Polygon","coordinates":[[[-77.439544719350295,37.545367252244361],[-77.439595864263509,37.545398486811635],[-77.439652575216215,37.545333838113919],[-77.439603740720685,37.545304728306185],[-77.439544719350295,37.545367252244361]]]},"properties":{"OBJECTID":199,"AddressLab":"320 N 2nd St","OwnerName":"Jemals Standard Drug Store Llc","ParcelID":48585,"PIN":"N0000060009","CountOfPIN":1,"AsrLocatio":"320","MailAddres":"655 New York Ave Nw, Suite 830","LandUse":"Mixed-Use","MailCity":"Washington","MailState":"DC","MailZip":"20001","Assessment":"2026-01-01T00:00:00Z","LandValue":879000,"DwellingVa":258000,"TotalValue":1137000,"LandSqFt":11153.940000000001,"ProvalAsmt":"446","TaxExemptC":" ","PropertyCl":"450","Property_1":"B Mixed Use","Mailable":1,"MaskedOwne":" ","OBJECTID_1":31280,"GlobalID":"8a269037-5ea8-4a50-845e-425d75eefacf","City":"Richmond","State":"VA","Shape__Are":11153.921875,"Shape__Len":496.2154953656555,"OBJECTID_1_1":205,"Join_Count":1,"TARGET_FID":207,"OBJECTID_1_12":null,"AddressId":"0109538","BuildingNu":"320","StreetDire":"N","StreetName":"2nd","StreetType":"St","ExtensionW":" ","UnitType":" ","UnitValue":" ","ZipCode":"23219","Mailable_1":"Yes","StatePlane":11790349.099880399,"StatePla_1":3723848.7255824399,"Latitude":37.545357209999999,"Longitude":-77.439570169999996,"CreatedBy":" ","CreatedDat":" ","EditBy":"parkerca","EditDate":"2011-10-20T15:20:19Z","Shape_Length_1":93.565759596475203,"Shape_Area_1":519.86037166675487,"ID":null,"Address":"320 N 2nd St","Name":"Jemals Standard Drug Store Llc","Type__Business_or_Residences_":null,"Business_Type":null,"Identification":"Residential","ID2level":"Residential","Notes":null,"Shape_Length":93.565759596475203,"Shape_Area":519.86037166675487}},{"type":"Feature","id":200,"geometry":{"type":"Polygon","coordinates":[[[-77.439556945936658,37.545442843239321],[-77.43958878149779,37.545462297110895],[-77.439686402633612,37.545354009028884],[-77.439652575216215,37.545333838113919],[-77.439556945936658,37.545442843239321]]]},"properties":{"OBJECTID":200,"AddressLab":"121 E Marshall St","OwnerName":"Jemals Standard Drug Store Llc","ParcelID":48585,"PIN":"N0000060009","CountOfPIN":1,"AsrLocatio":"320","MailAddres":"655 New York Ave Nw, Suite 830","LandUse":"Mixed-Use","MailCity":"Washington","MailState":"DC","MailZip":"20001","Assessment":"2026-01-01T00:00:00Z","LandValue":879000,"DwellingVa":258000,"TotalValue":1137000,"LandSqFt":11153.940000000001,"ProvalAsmt":"446","TaxExemptC":" ","PropertyCl":"450","Property_1":"B Mixed Use","Mailable":1,"MaskedOwne":" ","OBJECTID_1":31280,"GlobalID":"8a269037-5ea8-4a50-845e-425d75eefacf","City":"Richmond","State":"VA","Shape__Are":11153.921875,"Shape__Len":496.2154953656555,"OBJECTID_1_1":210,"Join_Count":1,"TARGET_FID":213,"OBJECTID_1_12":null,"AddressId":"3000661","BuildingNu":"121","StreetDire":"E","StreetName":"Marshall","StreetType":"St","ExtensionW":" ","UnitType":" ","UnitValue":" ","ZipCode":"23219","Mailable_1":"Yes","StatePlane":11790343.4410991,"StatePla_1":3723873.8712014402,"Latitude":37.54542644,"Longitude":-77.439588709999995,"CreatedBy":" ","CreatedDat":" ","EditBy":"mortonrf","EditDate":"2017-04-21T08:02:33Z","Shape_Length_1":120.83714186586174,"Shape_Area_1":578.63755893068412,"ID":null,"Address":"121 E Marshall St","Name":"n/a","Type__Business_or_Residences_":"n/a","Business_Type":"n/a","Identification":"Vacant","ID2level":"Vacant","Notes":null,"Shape_Length":120.83714186586174,"Shape_Area":578.63755893068412}},{"type":"Feature","id":201,"geometry":{"type":"Polygon","coordinates":[[[-77.439544719350295,37.545367252244361],[-77.439503947754304,37.545410451284347],[-77.439556945936658,37.545442843239321],[-77.439595864263509,37.545398486811635],[-77.439544719350295,37.545367252244361]]]},"properties":{"OBJECTID":201,"AddressLab":"123 E Marshall St","OwnerName":"Jemals Standard Drug Store Llc","ParcelID":48585,"PIN":"N0000060009","CountOfPIN":1,"AsrLocatio":"320","MailAddres":"655 New York Ave Nw, Suite 830","LandUse":"Mixed-Use","MailCity":"Washington","MailState":"DC","MailZip":"20001","Assessment":"2026-01-01T00:00:00Z","LandValue":879000,"DwellingVa":258000,"TotalValue":1137000,"LandSqFt":11153.940000000001,"ProvalAsmt":"446","TaxExemptC":" ","PropertyCl":"450","Property_1":"B Mixed Use","Mailable":1,"MaskedOwne":" ","OBJECTID_1":31280,"GlobalID":"8a269037-5ea8-4a50-845e-425d75eefacf","City":"Richmond","State":"VA","Shape__Are":11153.921875,"Shape__Len":496.2154953656555,"OBJECTID_1_1":211,"Join_Count":1,"TARGET_FID":214,"OBJECTID_1_12":null,"AddressId":"3000662","BuildingNu":"123","StreetDire":"E","StreetName":"Marshall","StreetType":"St","ExtensionW":" ","UnitType":" ","UnitValue":" ","ZipCode":"23219","Mailable_1":"Yes","StatePlane":11790352.2340605,"StatePla_1":3723863.5526525201,"Latitude":37.545397829999999,"Longitude":-77.439558790000007,"CreatedBy":" ","CreatedDat":" ","EditBy":"mortonrf","EditDate":"2017-04-21T08:02:25Z","Shape_Length_1":77.434689518597381,"Shape_Area_1":374.45262998288996,"ID":null,"Address":"123 E Marshall St","Name":"Jemals Standard Drug Store Llc","Type__Business_or_Residences_":null,"Business_Type":null,"Identification":"Mixed Use","ID2level":"Shop","Notes":null,"Shape_Length":77.434689518597381,"Shape_Area":374.45262998288996}}]}