{"type":"FeatureCollection","features":[{"type":"Feature","id":1,"geometry":{"type":"Polygon","coordinates":[[[-77.439845392473657,37.544748379119994],[-77.439948695138057,37.544645437674227],[-77.43990327631731,37.54462029435286],[-77.439800006890565,37.544725609064805],[-77.439845392473657,37.544748379119994]]]},"properties":{"OBJECTID":1,"Address":"200 E Broad Street","ID":null,"Address_1":"200 E Broad Street","Name":"Bianchini Paul, Moriconi Frank, Moriconi Frank, Moriconi Aurelio, Kaufman J C, Ryan Edward","Business_Type":"n/a","Identification":"Residential","ID2level":"Residential","Notes":"5 residents","Shape_Length":49.344076386934354,"Shape_Area":112.56182798620038}},{"type":"Feature","id":2,"geometry":{"type":"Polygon","coordinates":[[[-77.439704077598009,37.544745378393344],[-77.439652463096721,37.544799489033132],[-77.439746494249079,37.544851561165153],[-77.439798268650478,37.544797548141979],[-77.439845392473657,37.544748379119994],[-77.4397504863622,37.544696732844137],[-77.439704077598009,37.544745378393344]]]},"properties":{"OBJECTID":2,"Address":"305 N 2nd Street","ID":null,"Address_1":"305 N 2nd Street","Name":"Anderson M E Mrs, Andersin H N, Anderson Charles","Business_Type":"n/a","Identification":"Residential","ID2level":"Residential","Notes":null,"Shape_Length":61.865839605175239,"Shape_Area":231.84089172046049}},{"type":"Feature","id":3,"geometry":{"type":"Polygon","coordinates":[[[-77.439746494249079,37.544851561165153],[-77.439652463096721,37.544799489033132],[-77.439565886164587,37.544895012866796],[-77.439654786140039,37.544945970257402],[-77.439746494249079,37.544851561165153]]]},"properties":{"OBJECTID":3,"Address":"307 N 2nd Street","ID":null,"Address_1":"307 N 2nd Street","Name":"Massie Washington, Massie W H, Massie W R","Business_Type":"n/a","Identification":"Residential","ID2level":"Residential","Notes":null,"Shape_Length":58.225366389775481,"Shape_Area":207.52957389624322}},{"type":"Feature","id":4,"geometry":{"type":"Polygon","coordinates":[[[-77.439634245262752,37.544968880558962],[-77.439438666754043,37.54485697428877],[-77.439126972011707,37.545177988195441],[-77.43932329252884,37.545289458087396],[-77.439634245262752,37.544968880558962]]]},"properties":{"OBJECTID":4,"Address":"309 N 2nd Street","ID":null,"Address_1":"309 N 2nd Street","Name":"Watkins Parthenia, Woodson T H","Business_Type":"n/a","Identification":"Residential","ID2level":"Residential","Notes":null,"Shape_Length":167.38892382364912,"Shape_Area":1525.8979843814795}},{"type":"Feature","id":5,"geometry":{"type":"Polygon","coordinates":[[[-77.439198198532253,37.545422379291232],[-77.439047689399686,37.545334793431138],[-77.438947075392903,37.545441200433608],[-77.439098090277,37.545527106691068],[-77.439198198532253,37.545422379291232]]]},"properties":{"OBJECTID":5,"Address":"200 E Marshall Street","ID":null,"Address_1":"200 E Marshall Street","Name":"Cray Addie Mrs","Business_Type":"n/a","Identification":"Residential","ID2level":"Residential","Notes":"1 resident","Shape_Length":78.594713329498916,"Shape_Area":384.81673495827528}},{"type":"Feature","id":6,"geometry":{"type":"Polygon","coordinates":[[[-77.439098090277,37.545527106691068],[-77.438947075392903,37.545441200433608],[-77.438859389041397,37.545533546825169],[-77.438913642792983,37.545566571556506],[-77.438861635727918,37.545622082587606],[-77.438954422713607,37.545677177626175],[-77.439098090277,37.545527106691068]]]},"properties":{"OBJECTID":6,"Address":"403 N 2nd Street","ID":null,"Address_1":"403 N 2nd Street","Name":"Moseley William, Thornton Samuel","Business_Type":"n/a","Identification":"Residential","ID2level":"Residential","Notes":null,"Shape_Length":93.598920063103463,"Shape_Area":466.8280319623791}},{"type":"Feature","id":7,"geometry":{"type":"Polygon","coordinates":[[[-77.438954422713607,37.545677177626175],[-77.438861635727918,37.545622082587606],[-77.438684615514646,37.54551831329313],[-77.4386317793046,37.54557496680313],[-77.438903717307397,37.545733098115655],[-77.438954422713607,37.545677177626175]]]},"properties":{"OBJECTID":7,"Address":"405 N 2nd Street","ID":null,"Address_1":"405 N 2nd Street","Name":"Umlauf Jacob, Holzbach H E","Business_Type":"n/a","Identification":"Residential","ID2level":"Residential","Notes":null,"Shape_Length":94.514387177856591,"Shape_Area":367.51545973448071}},{"type":"Feature","id":8,"geometry":{"type":"Polygon","coordinates":[[[-77.438903717307397,37.545733098115655],[-77.4386317793046,37.54557496680313],[-77.438581669481422,37.545544678526674],[-77.438527047420578,37.545602509359178],[-77.438847793587698,37.545786745079745],[-77.438903717307397,37.545733098115655]]]},"properties":{"OBJECTID":8,"Address":"407 N 2nd Street","ID":null,"Address_1":"407 N 2nd Street","Name":"Gill J A, Gill J H","Business_Type":"n/a","Identification":"Residential","ID2level":"Residential","Notes":null,"Shape_Length":108.56122988293814,"Shape_Area":438.51157998721089}},{"type":"Feature","id":9,"geometry":{"type":"Polygon","coordinates":[[[-77.438847793587698,37.545786745079745],[-77.438527047420578,37.545602509359178],[-77.438474787928911,37.545658135747317],[-77.438794059960671,37.545841774470205],[-77.438847793587698,37.545786745079745]]]},"properties":{"OBJECTID":9,"Address":"409 N 2nd Street","ID":null,"Address_1":"409 N 2nd Street","Name":"Cox K H Mrs, Tucker W T,","Business_Type":"n/a","Identification":"Residential","ID2level":"Residential","Notes":null,"Shape_Length":107.50840743038665,"Shape_Area":429.08084708802551}},{"type":"Feature","id":10,"geometry":{"type":"Polygon","coordinates":[[[-77.438794059960671,37.545841774470205],[-77.438474787928911,37.545658135747317],[-77.438429520923421,37.54570561614868],[-77.438747237971427,37.545891164278679],[-77.438794059960671,37.545841774470205]]]},"properties":{"OBJECTID":10,"Address":"411 N 2nd Street","ID":null,"Address_1":"411 N 2nd Street","Name":"Poitiaux B E, Lockwood E L Mrs, Poitiaux F G Mrs","Business_Type":"n/a","Identification":"Residential","ID2level":"Residential","Notes":null,"Shape_Length":104.86661910542936,"Shape_Area":373.94626914462026}},{"type":"Feature","id":11,"geometry":{"type":"Polygon","coordinates":[[[-77.438747237971427,37.545891164278679],[-77.438429520923421,37.54570561614868],[-77.438381055017217,37.545754303774245],[-77.438702267410008,37.545940431548637],[-77.438747237971427,37.545891164278679]]]},"properties":{"OBJECTID":11,"Address":"413 N 2nd Street","ID":null,"Address_1":"413 N 2nd Street","Name":"Ball O W","Business_Type":"n/a","Identification":"Residential","ID2level":"Residential","Notes":null,"Shape_Length":105.46262149951275,"Shape_Area":380.24140242782579}},{"type":"Feature","id":12,"geometry":{"type":"Polygon","coordinates":[[[-77.438702267410008,37.545940431548637],[-77.438455922409631,37.545797685861984],[-77.438409108505226,37.545849264424227],[-77.438655758034471,37.545991563436218],[-77.438702267410008,37.545940431548637]]]},"properties":{"OBJECTID":12,"Address":"415 N 2nd Street","ID":null,"Address_1":"415 N 2nd Street","Name":"Reams W W","Business_Type":"n/a","Identification":"Residential","ID2level":"Residential","Notes":null,"Shape_Length":85.695554190130139,"Shape_Area":301.79240502059145}},{"type":"Feature","id":13,"geometry":{"type":"Polygon","coordinates":[[[-77.438655758034471,37.545991563436218],[-77.438409108505226,37.545849264424227],[-77.438358034789744,37.545904312286851],[-77.438602867027186,37.546045540694486],[-77.438655758034471,37.545991563436218]]]},"properties":{"OBJECTID":13,"Address":"417 N 2nd Street","ID":null,"Address_1":"417 N 2nd Street","Name":"Stubs W G","Business_Type":"n/a","Identification":"Residential","ID2level":"Residential","Notes":null,"Shape_Length":86.852546709237743,"Shape_Area":324.54794963609237}},{"type":"Feature","id":14,"geometry":{"type":"Polygon","coordinates":[[[-77.438602867027186,37.546045540694486],[-77.438358034789744,37.545904312286851],[-77.438305363869702,37.545958573793044],[-77.438551104303869,37.546102881116497],[-77.438602867027186,37.546045540694486]]]},"properties":{"OBJECTID":14,"Address":"419 N 2nd Street","ID":null,"Address_1":"419 N 2nd Street","Name":"Collins B F, Chick C H","Business_Type":"n/a","Identification":"Residential","ID2level":"Residential","Notes":null,"Shape_Length":87.260017446502189,"Shape_Area":330.43926469258088}},{"type":"Feature","id":15,"geometry":{"type":"Polygon","coordinates":[[[-77.438551104303869,37.546102881116497],[-77.438305363869702,37.545958573793044],[-77.438254620734241,37.546011503367154],[-77.438502717449424,37.546154074145377],[-77.438551104303869,37.546102881116497]]]},"properties":{"OBJECTID":15,"Address":"421 N 2nd Street","ID":null,"Address_1":"421 N 2nd Street","Name":"Sheppard E F Mrs, Sheppard W D","Business_Type":"n/a","Identification":"Residential","ID2level":"Residential","Notes":null,"Shape_Length":86.467498069215281,"Shape_Area":312.03362131882091}},{"type":"Feature","id":16,"geometry":{"type":"Polygon","coordinates":[[[-77.438278540175304,37.54624045322084],[-77.43807482562508,37.546460966627862],[-77.438160048796078,37.546514777594972],[-77.438368303431758,37.546294510781912],[-77.438278540175304,37.54624045322084]]]},"properties":{"OBJECTID":16,"Address":"200 E Clay Street","ID":null,"Address_1":"200 E Clay Street","Name":"Burress S T Mrs, Burress E A, Burress J W","Business_Type":"n/a","Identification":"Residential","ID2level":"Residential","Notes":"3 residents","Shape_Length":101.70372093788677,"Shape_Area":475.01664125746186}},{"type":"Feature","id":17,"geometry":{"type":"Polygon","coordinates":[[[-77.43814141594045,37.546536752247171],[-77.437959954456417,37.546425667404407],[-77.437867324675892,37.546525444771277],[-77.438048332510718,37.546634990323241],[-77.43814141594045,37.546536752247171]]]},"properties":{"OBJECTID":17,"Address":"513 N 2nd Street","ID":null,"Address_1":"513 N 2nd Street","Name":"Hoffheimer Sigmund, Einstein Adolf","Business_Type":"n/a","Identification":"Residential","ID2level":"Residential","Notes":null,"Shape_Length":85.515914468574422,"Shape_Area":440.55224041582903}},{"type":"Feature","id":18,"geometry":{"type":"Polygon","coordinates":[[[-77.438028049449926,37.546659004071259],[-77.437672230359141,37.546446957622244],[-77.437622831103354,37.546494848482183],[-77.437980305789196,37.546706587109306],[-77.438028049449926,37.546659004071259]]]},"properties":{"OBJECTID":18,"Address":"517 N 2nd Street","ID":null,"Address_1":"517 N 2nd Street","Name":"Smith J H","Business_Type":"n/a","Identification":"Residential","ID2level":"Residential","Notes":null,"Shape_Length":116.44659119635241,"Shape_Area":426.95539388905502}},{"type":"Feature","id":19,"geometry":{"type":"Polygon","coordinates":[[[-77.437980305789196,37.546706587109306],[-77.437622831103354,37.546494848482183],[-77.437580349773569,37.54654249501408],[-77.437936070947984,37.546754212851027],[-77.437980305789196,37.546706587109306]]]},"properties":{"OBJECTID":19,"Address":"519 N 2nd Street","ID":null,"Address_1":"519 N 2nd Street","Name":"Spindle C M","Business_Type":"n/a","Identification":"Residential","ID2level":"Residential","Notes":null,"Shape_Length":115.68355748677295,"Shape_Area":408.98032325615202}},{"type":"Feature","id":20,"geometry":{"type":"Polygon","coordinates":[[[-77.437936070947984,37.546754212851027],[-77.437580349773569,37.54654249501408],[-77.437524232017765,37.546601677609473],[-77.437881029373884,37.546811117552757],[-77.437936070947984,37.546754212851027]]]},"properties":{"OBJECTID":20,"Address":"521 N 2nd Street","ID":null,"Address_1":"521 N 2nd Street","Name":"Robins A H, Robins Bunyan, Robins Claiborne","Business_Type":"n/a","Identification":"Residential","ID2level":"Residential","Notes":null,"Shape_Length":119.39809999248979,"Shape_Area":506.12494067432726}},{"type":"Feature","id":21,"geometry":{"type":"Polygon","coordinates":[[[-77.437881029373884,37.546811117552757],[-77.437524232017765,37.546601677609473],[-77.437468008260751,37.546659910035267],[-77.437824537918914,37.546873597577481],[-77.437881029373884,37.546811117552757]]]},"properties":{"OBJECTID":21,"Address":"523 N 2nd Street","ID":null,"Address_1":"523 N 2nd Street","Name":"Robins A H","Business_Type":"n/a","Identification":"Residential","ID2level":"Residential","Notes":null,"Shape_Length":120.26227245236001,"Shape_Area":522.81148667222624}},{"type":"Feature","id":22,"geometry":{"type":"Polygon","coordinates":[[[-77.437824537918914,37.546873597577481],[-77.437468008260751,37.546659910035267],[-77.437406834786543,37.546728602302373],[-77.437763104831589,37.546940993383309],[-77.437824537918914,37.546873597577481]]]},"properties":{"OBJECTID":22,"Address":"525 N 2nd Street","ID":null,"Address_1":"525 N 2nd Street","Name":"Stack H J, Carr J W, Carr Virginia Miss","Business_Type":"n/a","Identification":"Residential","ID2level":"Residential","Notes":null,"Shape_Length":122.85442836346775,"Shape_Area":583.15478630434336}},{"type":"Feature","id":23,"geometry":{"type":"Polygon","coordinates":[[[-77.437763104831589,37.546940993383309],[-77.437406834786543,37.546728602302373],[-77.437341402399568,37.546795143557787],[-77.437698631845322,37.547007411945181],[-77.437763104831589,37.546940993383309]]]},"properties":{"OBJECTID":23,"Address":"527 N 2nd Street","ID":null,"Address_1":"527 N 2nd Street","Name":"Lukhard H A","Business_Type":"n/a","Identification":"Residential","ID2level":"Residential","Notes":null,"Shape_Length":122.92930313002654,"Shape_Area":586.23722869393214}},{"type":"Feature","id":24,"geometry":{"type":"Polygon","coordinates":[[[-77.437698631845322,37.547007411945181],[-77.437341402399568,37.546795143557787],[-77.437289384554717,37.546852110904865],[-77.437642672193022,37.547068020059832],[-77.437698631845322,37.547007411945181]]]},"properties":{"OBJECTID":24,"Address":"529 N 2nd Street","ID":null,"Address_1":"529 N 2nd Street","Name":"Redd B W Mrs, Redd W S, Redd E W, Johnson Anthony","Business_Type":"n/a","Identification":"Residential","ID2level":"Residential","Notes":null,"Shape_Length":119.77091448548069,"Shape_Area":507.07597684507732}},{"type":"Feature","id":25,"geometry":{"type":"Polygon","coordinates":[[[-77.437642672193022,37.547068020059832],[-77.437404817170417,37.546922656938236],[-77.437349807037364,37.546981688238446],[-77.437587427599681,37.547126902388541],[-77.437642672193022,37.547068020059832]]]},"properties":{"OBJECTID":25,"Address":"533 N 2nd Street","ID":null,"Address_1":"533 N 2nd Street","Name":"Noble P H C Dr, Noble P H C Jr, Noble C E","Business_Type":"n/a","Identification":"Residential","ID2level":"Residential","Notes":null,"Shape_Length":87.437268050954231,"Shape_Area":344.25328210401631}},{"type":"Feature","id":26,"geometry":{"type":"Polygon","coordinates":[[[-77.437587427599681,37.547126902388541],[-77.437349807037364,37.546981688238446],[-77.437296016816461,37.547038983782016],[-77.437533591564701,37.5471857526204],[-77.437587427599681,37.547126902388541]]]},"properties":{"OBJECTID":26,"Address":"535 N 2nd Street","ID":null,"Address_1":"535 N 2nd Street","Name":"Ralston J W","Business_Type":"n/a","Identification":"Residential","ID2level":"Residential","Notes":null,"Shape_Length":87.160434929206161,"Shape_Area":338.44867375651427}},{"type":"Feature","id":27,"geometry":{"type":"Polygon","coordinates":[[[-77.437533591564701,37.5471857526204],[-77.437296016816461,37.547038983782016],[-77.437242272409634,37.547095891827524],[-77.437481934842609,37.547239097265695],[-77.437533591564701,37.5471857526204]]]},"properties":{"OBJECTID":27,"Address":"537 N 2nd Street","ID":null,"Address_1":"537 N 2nd Street","Name":"Redford D S","Business_Type":"n/a","Identification":"Residential","ID2level":"Residential","Notes":null,"Shape_Length":86.35896064265728,"Shape_Area":325.02042754650637}},{"type":"Feature","id":28,"geometry":{"type":"Polygon","coordinates":[[[-77.437481934842609,37.547239097265695],[-77.437242272409634,37.547095891827524],[-77.437209159609949,37.547134074558315],[-77.437447488943036,37.547279896655915],[-77.437481934842609,37.547239097265695]]]},"properties":{"OBJECTID":28,"Address":"539 N 2nd Street","ID":null,"Address_1":"539 N 2nd Street","Name":"Nicholson John","Business_Type":"n/a","Identification":"Residential","ID2level":"Residential","Notes":null,"Shape_Length":80.318756205999819,"Shape_Area":223.81380413557986}},{"type":"Feature","id":29,"geometry":{"type":"Polygon","coordinates":[[[-77.437447488943036,37.547279896655915],[-77.437209159609949,37.547134074558315],[-77.437178689653834,37.547167581473168],[-77.437416015568743,37.547313446951215],[-77.437447488943036,37.547279896655915]]]},"properties":{"OBJECTID":29,"Address":"541 N 2nd Street","ID":null,"Address_1":"541 N 2nd Street","Name":"Carneal L J, Ford Victoria Miss","Business_Type":"n/a","Identification":"Residential","ID2level":"Residential","Notes":null,"Shape_Length":78.610087119065668,"Shape_Area":195.23142914946089}},{"type":"Feature","id":30,"geometry":{"type":"Polygon","coordinates":[[[-77.437290680823679,37.547425339562686],[-77.437204416505253,37.547374735707997],[-77.436940584001235,37.547661113899871],[-77.437024452512816,37.547712543029803],[-77.437290680823679,37.547425339562686]]]},"properties":{"OBJECTID":30,"Address":"200 E Leigh Street","ID":null,"Address_1":"200 E Leigh Street","Name":"Chamblee R E, Chamblee M Mrs, Morris Horace","Business_Type":"n/a","Identification":"Residential","ID2level":"Residential","Notes":"3 residents","Shape_Length":123.58516703035674,"Shape_Area":592.63687454270348}},{"type":"Feature","id":31,"geometry":{"type":"Polygon","coordinates":[[[-77.437024452512816,37.547712543029803],[-77.436940584001235,37.547661113899871],[-77.436671270875706,37.547505376201421],[-77.436648135663873,37.547526750153779],[-77.43700144576006,37.547735077138192],[-77.437024452512816,37.547712543029803]]]},"properties":{"OBJECTID":31,"Address":"601 N 2nd Street","ID":null,"Address_1":"601 N 2nd Street","Name":"Jones F K","Business_Type":"n/a","Identification":"Residential","ID2level":"Residential","Notes":null,"Shape_Length":105.94955988075351,"Shape_Area":202.29052288283711}},{"type":"Feature","id":32,"geometry":{"type":"Polygon","coordinates":[[[-77.43700144576006,37.547735077138192],[-77.436648135663873,37.547526750153779],[-77.436616606594029,37.547560168575934],[-77.436971595641495,37.547767676407929],[-77.43700144576006,37.547735077138192]]]},"properties":{"OBJECTID":32,"Address":"603 N 2nd Street","ID":null,"Address_1":"603 N 2nd Street","Name":"Miller A O, Miller John","Business_Type":"n/a","Identification":"Residential","ID2level":"Residential","Notes":null,"Shape_Length":109.62683647026728,"Shape_Area":282.44545068289767}},{"type":"Feature","id":33,"geometry":{"type":"Polygon","coordinates":[[[-77.436971595641495,37.547767676407929],[-77.436616606594029,37.547560168575934],[-77.436585421578954,37.547594029988261],[-77.436941184974188,37.547800548445579],[-77.436971595641495,37.547767676407929]]]},"properties":{"OBJECTID":33,"Address":"605 N 2nd Street","ID":null,"Address_1":"605 N 2nd Street","Name":"Bibbs Eustoce, Bowling John, Bowling William, Bowling Freeman","Business_Type":"n/a","Identification":"Residential","ID2level":"Residential","Notes":null,"Shape_Length":109.79080833779506,"Shape_Area":284.98274590642239}},{"type":"Feature","id":34,"geometry":{"type":"Polygon","coordinates":[[[-77.436941184974188,37.547800548445579],[-77.436585421578954,37.547594029988261],[-77.436552148879144,37.547631661912796],[-77.436906018625749,37.547839715109795],[-77.436941184974188,37.547800548445579]]]},"properties":{"OBJECTID":34,"Address":"607 N 2nd Street","ID":null,"Address_1":"607 N 2nd Street","Name":"Jackson Junius","Business_Type":"n/a","Identification":"Residential","ID2level":"Residential","Notes":null,"Shape_Length":111.32840463510081,"Shape_Area":323.81716897606469}},{"type":"Feature","id":35,"geometry":{"type":"Polygon","coordinates":[[[-77.436906018625749,37.547839715109795],[-77.436552148879144,37.547631661912796],[-77.436483646050533,37.547703905154883],[-77.436836310258016,37.547914381135868],[-77.436906018625749,37.547839715109795]]]},"properties":{"OBJECTID":35,"Address":"609 N 2nd Street","ID":null,"Address_1":"609 N 2nd Street","Name":"Wicker T B, Wright W T, Viar J R","Business_Type":"n/a","Identification":"Residential","ID2level":"Residential","Notes":null,"Shape_Length":123.91282584109223,"Shape_Area":631.60792257864273}},{"type":"Feature","id":36,"geometry":{"type":"Polygon","coordinates":[[[-77.436836310258016,37.547914381135868],[-77.436483646050533,37.547703905154883],[-77.436429949254418,37.547763422998543],[-77.436784291514854,37.547973079754719],[-77.436836310258016,37.547914381135868]]]},"properties":{"OBJECTID":36,"Address":"611 N 2nd Street","ID":null,"Address_1":"611 N 2nd Street","Name":"Volkman Adolph","Business_Type":"n/a","Identification":"Residential","ID2level":"Residential","Notes":null,"Shape_Length":118.70332106768166,"Shape_Area":500.13252260066696}},{"type":"Feature","id":37,"geometry":{"type":"Polygon","coordinates":[[[-77.436784291514854,37.547973079754719],[-77.436429949254418,37.547763422998543],[-77.436365832001016,37.547831558001263],[-77.436721651091787,37.548040751621038],[-77.436784291514854,37.547973079754719]]]},"properties":{"OBJECTID":37,"Address":"613 N 2nd Street","ID":null,"Address_1":"613 N 2nd Street","Name":"Meador J D, Meador J H","Business_Type":"n/a","Identification":"Residential","ID2level":"Residential","Notes":null,"Shape_Length":122.25142333715979,"Shape_Area":584.3110948378378}},{"type":"Feature","id":38,"geometry":{"type":"Polygon","coordinates":[[[-77.436721651091787,37.548040751621038],[-77.436365832001016,37.547831558001263],[-77.436319275913078,37.547879704372356],[-77.43667536270182,37.548087590217087],[-77.436721651091787,37.548040751621038]]]},"properties":{"OBJECTID":38,"Address":"615 N 2nd Street","ID":null,"Address_1":"615 N 2nd Street","Name":"Robertson W E, Eldridge T W","Business_Type":"n/a","Identification":"Residential","ID2level":"Residential","Notes":null,"Shape_Length":115.41065275443626,"Shape_Area":415.53486375917419}},{"type":"Feature","id":39,"geometry":{"type":"Polygon","coordinates":[[[-77.43667536270182,37.548087590217087],[-77.436319275913078,37.547879704372356],[-77.436265739017102,37.547936465770142],[-77.436623911693928,37.548146088565154],[-77.43667536270182,37.548087590217087]]]},"properties":{"OBJECTID":39,"Address":"617 N 2nd Street","ID":null,"Address_1":"617 N 2nd Street","Name":"Allen William, Risse C E Mrs","Business_Type":"n/a","Identification":"Residential","ID2level":"Residential","Notes":null,"Shape_Length":118.74923284593896,"Shape_Area":492.96099277419603}},{"type":"Feature","id":40,"geometry":{"type":"Polygon","coordinates":[[[-77.436538987661905,37.548236430265518],[-77.436279529055028,37.548084447892613],[-77.436207066452639,37.54815556467365],[-77.436470505494555,37.548310192086959],[-77.436538987661905,37.548236430265518]]]},"properties":{"OBJECTID":40,"Address":"701 N 2nd Street","ID":null,"Address_1":"701 N 2nd Street","Name":"Robertson William, Robertson R W, Brown C W","Business_Type":"Robertson William & Co","Identification":"Mixed use","ID2level":"Mixed use","Notes":"Could be a shop","Shape_Length":98.094691564048063,"Shape_Area":464.87919770930768}},{"type":"Feature","id":41,"geometry":{"type":"Polygon","coordinates":[[[-77.436470505494555,37.548310192086959],[-77.436207066452639,37.54815556467365],[-77.436172875674615,37.54819199266079],[-77.436436861790526,37.54834676885249],[-77.436470505494555,37.548310192086959]]]},"properties":{"OBJECTID":41,"Address":"705 N 2nd Street","ID":null,"Address_1":"705 N 2nd Street","Name":"Hope Virginia","Business_Type":"n/a","Identification":"Residential","ID2level":"Residential","Notes":null,"Shape_Length":85.768596301057869,"Shape_Area":232.46677960165476}},{"type":"Feature","id":42,"geometry":{"type":"Polygon","coordinates":[[[-77.436436861790526,37.54834676885249],[-77.436172875674615,37.54819199266079],[-77.436136140867703,37.548230848591032],[-77.436399829641246,37.548386933761201],[-77.436436861790526,37.54834676885249]]]},"properties":{"OBJECTID":42,"Address":"707 N 2nd Street","ID":null,"Address_1":"707 N 2nd Street","Name":"Williams Lindsey","Business_Type":"n/a","Identification":"Residential","ID2level":"Residential","Notes":null,"Shape_Length":86.984947353573915,"Shape_Area":252.53506873713215}},{"type":"Feature","id":43,"geometry":{"type":"Polygon","coordinates":[[[-77.436399829641246,37.548386933761201],[-77.436136140867703,37.548230848591032],[-77.436094609955475,37.548275455681065],[-77.43635522559245,37.548432894686037],[-77.436399829641246,37.548386933761201]]]},"properties":{"OBJECTID":43,"Address":"709 N 2nd Street","ID":null,"Address_1":"709 N 2nd Street","Name":"Copeland Polly","Business_Type":"n/a","Identification":"Residential","ID2level":"Residential","Notes":null,"Shape_Length":89.0327858057708,"Shape_Area":291.07078663767538}},{"type":"Feature","id":44,"geometry":{"type":"Polygon","coordinates":[[[-77.43635522559245,37.548432894686037],[-77.436094609955475,37.548275455681065],[-77.436002614385558,37.548222573296648],[-77.435926019532843,37.548304266415634],[-77.436276316679567,37.548514672328473],[-77.43635522559245,37.548432894686037]]]},"properties":{"OBJECTID":44,"Address":"711 N 2nd Street","ID":null,"Address_1":"711 N 2nd Street","Name":"n/a","Business_Type":"n/a","Identification":"n/a","ID2level":null,"Notes":"blank","Shape_Length":126.79381068048403,"Shape_Area":710.11945021321162}},{"type":"Feature","id":45,"geometry":{"type":"Polygon","coordinates":[[[-77.435926019532843,37.548304266415634],[-77.435880285403414,37.548353173132043],[-77.436234864819099,37.548563630186514],[-77.436276316679567,37.548514672328473],[-77.435926019532843,37.548304266415634]]]},"properties":{"OBJECTID":45,"Address":"713 N 2nd Street","ID":null,"Address_1":"713 N 2nd Street","Name":"Sykes Charles","Business_Type":"n/a","Identification":"Residential","ID2level":"Residential","Notes":null,"Shape_Length":115.05626738615868,"Shape_Area":412.92698721531889}},{"type":"Feature","id":46,"geometry":{"type":"Polygon","coordinates":[[[-77.435880285403414,37.548353173132043],[-77.435842988251139,37.548393073091759],[-77.436194340020009,37.548606327622963],[-77.436234864819099,37.548563630186514],[-77.435880285403414,37.548353173132043]]]},"properties":{"OBJECTID":46,"Address":"715 N 2nd Street","ID":null,"Address_1":"715 N 2nd Street","Name":"Bowles Marcus","Business_Type":"n/a","Identification":"Residential","ID2level":"Residential","Notes":null,"Shape_Length":113.04036433859051,"Shape_Area":356.6841543738193}},{"type":"Feature","id":47,"geometry":{"type":"Polygon","coordinates":[[[-77.436194340020009,37.548606327622963],[-77.435842988251139,37.548393073091759],[-77.435812255986946,37.548427019592019],[-77.436166275752214,37.548637749217036],[-77.436194340020009,37.548606327622963]]]},"properties":{"OBJECTID":47,"Address":"717 N 2nd Street","ID":null,"Address_1":"717 N 2nd Street","Name":"Adams B A Mrs, Adams W F","Business_Type":"n/a","Identification":"Residential","ID2level":"Residential","Notes":null,"Shape_Length":109.81065653227787,"Shape_Area":277.57887680119086}},{"type":"Feature","id":48,"geometry":{"type":"Polygon","coordinates":[[[-77.436166275752214,37.548637749217036],[-77.435812255986946,37.548427019592019],[-77.435778402077148,37.548463405425622],[-77.43613196998983,37.548674050194002],[-77.436166275752214,37.548637749217036]]]},"properties":{"OBJECTID":48,"Address":"719 N 2nd Street","ID":null,"Address_1":"719 N 2nd Street","Name":"Goode Lewis, Brown Edward","Business_Type":"n/a","Identification":"Residential","ID2level":"Residential","Notes":null,"Shape_Length":111.23014780775665,"Shape_Area":313.19755330346965}},{"type":"Feature","id":49,"geometry":{"type":"Polygon","coordinates":[[[-77.43613196998983,37.548674050194002],[-77.435778402077148,37.548463405425622],[-77.435718808739523,37.548528245068134],[-77.436070589903096,37.548740066234089],[-77.43613196998983,37.548674050194002]]]},"properties":{"OBJECTID":49,"Address":"721 N 2nd Street","ID":null,"Address_1":"721 N 2nd Street","Name":"Schutte Caroline Mrs","Business_Type":"n/a","Identification":"Residential","ID2level":"Residential","Notes":null,"Shape_Length":121.18627986445907,"Shape_Area":560.35891707622727}},{"type":"Feature","id":50,"geometry":{"type":"Polygon","coordinates":[[[-77.436070589903096,37.548740066234089],[-77.435718808739523,37.548528245068134],[-77.435591150052801,37.548665415991586],[-77.435939695484734,37.548878512344224],[-77.436070589903096,37.548740066234089]]]},"properties":{"OBJECTID":50,"Address":"723 N 2nd Street","ID":null,"Address_1":"723 N 2nd Street","Name":"Bland Richard, Mickian W M, Harris Simon","Business_Type":"n/a","Identification":"Residential","ID2level":"Residential","Notes":null,"Shape_Length":146.39880261290227,"Shape_Area":1183.5266490603362}},{"type":"Feature","id":51,"geometry":{"type":"Polygon","coordinates":[[[-77.435939695484734,37.548878512344224],[-77.435859794831785,37.548829662237502],[-77.435814953627755,37.548877681189708],[-77.435894572209705,37.54892494445172],[-77.435939695484734,37.548878512344224]]]},"properties":{"OBJECTID":51,"Address":"725 N 2nd Street","ID":null,"Address_1":"725 N 2nd Street","Name":"Payne C T, Smith John","Business_Type":"n/a","Identification":"Residential","ID2level":"Residential","Notes":null,"Shape_Length":38.923105343083243,"Shape_Area":92.6609785609851}},{"type":"Feature","id":52,"geometry":{"type":"Polygon","coordinates":[[[-77.435894572209705,37.54892494445172],[-77.435814953627755,37.548877681189708],[-77.435548787300647,37.548712681524869],[-77.435494293698866,37.548771670098994],[-77.435843386204795,37.548984496218836],[-77.435894572209705,37.54892494445172]]]},"properties":{"OBJECTID":52,"Address":"729 N 2nd Street","ID":null,"Address_1":"729 N 2nd Street","Name":"Frayser Charles","Business_Type":"n/a","Identification":"Residential","ID2level":"Residential","Notes":null,"Shape_Length":118.08985907004761,"Shape_Area":493.04960371055324}},{"type":"Feature","id":53,"geometry":{"type":"Polygon","coordinates":[[[-77.435843386204795,37.548984496218836],[-77.435494293698866,37.548771670098994],[-77.435450002263792,37.548818956219073],[-77.435800299410516,37.549029359966873],[-77.435843386204795,37.548984496218836]]]},"properties":{"OBJECTID":53,"Address":"733 N 2nd Street","ID":null,"Address_1":"733 N 2nd Street","Name":"n/a","Business_Type":"n/a","Identification":"n/a","ID2level":null,"Notes":"blank","Shape_Length":114.13061844859257,"Shape_Area":396.33803589463889}},{"type":"Feature","id":54,"geometry":{"type":"Polygon","coordinates":[[[-77.435800299410516,37.549029359966873],[-77.435450002263792,37.548818956219073],[-77.435431127761348,37.548838863344045],[-77.435781188651163,37.549048465083757],[-77.435800299410516,37.549029359966873]]]},"properties":{"OBJECTID":54,"Address":"735 N 2nd Street","ID":null,"Address_1":"735 N 2nd Street","Name":"Smith J W, Smith J H","Business_Type":"n/a","Identification":"Residential","ID2level":"Residential","Notes":null,"Shape_Length":104.67515336734385,"Shape_Area":169.10378101531995}},{"type":"Feature","id":55,"geometry":{"type":"Polygon","coordinates":[[[-77.435781188651163,37.549048465083757],[-77.435431127761348,37.548838863344045],[-77.435397941299811,37.54887461724217],[-77.435746452595751,37.549086198120378],[-77.435781188651163,37.549048465083757]]]},"properties":{"OBJECTID":55,"Address":"737 N 2nd Street","ID":null,"Address_1":"737 N 2nd Street","Name":"Munroe William","Business_Type":"n/a","Identification":"Residential","ID2level":"Residential","Notes":null,"Shape_Length":110.48868335322805,"Shape_Area":312.38136944729854}},{"type":"Feature","id":56,"geometry":{"type":"Polygon","coordinates":[[[-77.435746452595751,37.549086198120378],[-77.435397941299811,37.54887461724217],[-77.435349432274464,37.548926406627444],[-77.435697383920001,37.549138260135905],[-77.435746452595751,37.549086198120378]]]},"properties":{"OBJECTID":56,"Address":"739 N 2nd Street","ID":null,"Address_1":"739 N 2nd Street","Name":"Hayes Arthur","Business_Type":"n/a","Identification":"Residential","ID2level":"Residential","Notes":null,"Shape_Length":115.8842054968655,"Shape_Area":444.07545439582543}},{"type":"Feature","id":57,"geometry":{"type":"Polygon","coordinates":[[[-77.435697383920001,37.549138260135905],[-77.435349432274464,37.548926406627444],[-77.435303052256359,37.548977463108848],[-77.435650853883232,37.549186637843995],[-77.435697383920001,37.549138260135905]]]},"properties":{"OBJECTID":57,"Address":"741 N 2nd Street","ID":null,"Address_1":"741 N 2nd Street","Name":"Clarkson W P, Jackson Wilson","Business_Type":"n/a","Identification":"Residential","ID2level":"Residential","Notes":null,"Shape_Length":114.8104982853136,"Shape_Area":423.18228301376655}},{"type":"Feature","id":58,"geometry":{"type":"Polygon","coordinates":[[[-77.435650853883232,37.549186637843995],[-77.435303052256359,37.548977463108848],[-77.435263431162426,37.549020330527235],[-77.435611103431896,37.549228345662087],[-77.435650853883232,37.549186637843995]]]},"properties":{"OBJECTID":58,"Address":"743 N 2nd Street","ID":null,"Address_1":"743 N 2nd Street","Name":"Johnson Henry, Barrett Winston","Business_Type":"n/a","Identification":"Residential","ID2level":"Residential","Notes":null,"Shape_Length":111.88460613705411,"Shape_Area":359.22988301681056}},{"type":"Feature","id":59,"geometry":{"type":"Polygon","coordinates":[[[-77.435611103431896,37.549228345662087],[-77.435263431162426,37.549020330527235],[-77.435223896306795,37.54906132195223],[-77.435571610797069,37.549272373127742],[-77.435611103431896,37.549228345662087]]]},"properties":{"OBJECTID":59,"Address":"745 N 2nd Street","ID":null,"Address_1":"745 N 2nd Street","Name":"Dyson H M","Business_Type":"n/a","Identification":"Residential","ID2level":"Residential","Notes":null,"Shape_Length":112.06570336591022,"Shape_Area":360.42539965763888}},{"type":"Feature","id":60,"geometry":{"type":"Polygon","coordinates":[[[-77.435571610797069,37.549272373127742],[-77.435223896306795,37.54906132195223],[-77.435169274245922,37.5491191493443],[-77.435517979577966,37.549328494612347],[-77.435571610797069,37.549272373127742]]]},"properties":{"OBJECTID":60,"Address":"747 N 2nd Street","ID":null,"Address_1":"747 N 2nd Street","Name":"n/a","Business_Type":"n/a","Identification":"n/a","ID2level":null,"Notes":"blank","Shape_Length":117.46910114001112,"Shape_Area":487.91569900411127}},{"type":"Feature","id":61,"geometry":{"type":"Polygon","coordinates":[[[-77.435517979577966,37.549328494612347],[-77.435169274245922,37.5491191493443],[-77.435129545354187,37.549162375636051],[-77.435482037983462,37.549368650445558],[-77.435517979577966,37.549328494612347]]]},"properties":{"OBJECTID":61,"Address":"749 N 2nd Street","ID":null,"Address_1":"749 N 2nd Street","Name":"Bolling William, Duncan George","Business_Type":"n/a","Identification":"Residential","ID2level":"Residential","Notes":null,"Shape_Length":111.88459945574255,"Shape_Area":351.35561410833566}},{"type":"Feature","id":62,"geometry":{"type":"Polygon","coordinates":[[[-77.435482037983462,37.549368650445558],[-77.435129545354187,37.549162375636051],[-77.435090160517163,37.549206044898263],[-77.435443427494221,37.549411330327857],[-77.435482037983462,37.549368650445558]]]},"properties":{"OBJECTID":62,"Address":"751 N 2nd Street","ID":null,"Address_1":"751 N 2nd Street","Name":"Harris J E, Funn M E","Business_Type":"Harris R W & Co","Identification":"Mixed use","ID2level":"Mixed use","Notes":"Might be a shop ?","Shape_Length":112.44034365630093,"Shape_Area":363.56281571807517}},{"type":"Feature","id":63,"geometry":{"type":"Polygon","coordinates":[[[-77.435041615559228,37.5495394203949],[-77.435339474449549,37.549514047968621],[-77.435157934812096,37.549410549746177],[-77.435041615559228,37.5495394203949]]]},"properties":{"OBJECTID":63,"Address":"803 N 2nd Street","ID":null,"Address_1":"803 N 2nd Street","Name":"King Albert","Business_Type":"n/a","Identification":"Residential","ID2level":"Residential","Notes":null,"Shape_Length":80.489998296694921,"Shape_Area":276.91949807806128}},{"type":"Feature","id":64,"geometry":{"type":"Polygon","coordinates":[[[-77.435216562460795,37.549688001862023],[-77.435338009297325,37.549558751151025],[-77.43503718596655,37.549582569524432],[-77.435216562460795,37.549688001862023]]]},"properties":{"OBJECTID":64,"Address":"805 N 2nd Street","ID":null,"Address_1":"805 N 2nd Street","Name":"Payne Thomas, Brown Jeter","Business_Type":"n/a","Identification":"Residential","ID2level":"Residential","Notes":null,"Shape_Length":81.1411799018897,"Shape_Area":281.25743591182584}},{"type":"Feature","id":65,"geometry":{"type":"Polygon","coordinates":[[[-77.435216562460795,37.549688001862023],[-77.43503718596655,37.549582569524432],[-77.43494254845136,37.54959081689173],[-77.435177500118982,37.549730596096673],[-77.435216562460795,37.549688001862023]]]},"properties":{"OBJECTID":65,"Address":"807 N 2nd Street","ID":null,"Address_1":"807 N 2nd Street","Name":"Blunt L E Miss","Business_Type":"n/a","Identification":"Residential","ID2level":"Residential","Notes":null,"Shape_Length":75.549289064123883,"Shape_Area":210.42117633309377}},{"type":"Feature","id":66,"geometry":{"type":"Polygon","coordinates":[[[-77.435177500118982,37.549730596096673],[-77.43494254845136,37.54959081689173],[-77.434863706013829,37.549600532830546],[-77.435142979659261,37.549767612308621],[-77.435177500118982,37.549730596096673]]]},"properties":{"OBJECTID":66,"Address":"809 N 2nd Street","ID":null,"Address_1":"809 N 2nd Street","Name":"Johnson W E","Business_Type":"n/a","Identification":"Residential","ID2level":"Residential","Notes":null,"Shape_Length":86.992009010235449,"Shape_Area":229.83159169029452}},{"type":"Feature","id":67,"geometry":{"type":"Polygon","coordinates":[[[-77.435142979659261,37.549767612308621],[-77.434863706013829,37.549600532830546],[-77.434761795738112,37.549612327702171],[-77.435102604878807,37.549812987661184],[-77.435142979659261,37.549767612308621]]]},"properties":{"OBJECTID":67,"Address":"811 N 2nd Street","ID":null,"Address_1":"811 N 2nd Street","Name":"Johnson Martha A","Business_Type":"n/a","Identification":"Residential","ID2level":"Residential","Notes":null,"Shape_Length":105.46454690654653,"Shape_Area":342.98221600304146}},{"type":"Feature","id":68,"geometry":{"type":"Polygon","coordinates":[[[-77.435102604878807,37.549812987661184],[-77.434761795738112,37.549612327702171],[-77.434719849804225,37.549658163235115],[-77.435060401128439,37.549856502705858],[-77.435102604878807,37.549812987661184]]]},"properties":{"OBJECTID":68,"Address":"815 N 2nd Street","ID":null,"Address_1":"815 N 2nd Street","Name":"Duncan John, Goode Armistead","Business_Type":"n/a","Identification":"Residential","ID2level":"Residential","Notes":null,"Shape_Length":109.9541412636278,"Shape_Area":369.09072577523682}},{"type":"Feature","id":69,"geometry":{"type":"Polygon","coordinates":[[[-77.434686318389623,37.549693473747595],[-77.434657221957565,37.549723564481468],[-77.434996891136151,37.549923251269483],[-77.435026224723444,37.549893962558926],[-77.435060401128439,37.549856502705858],[-77.434719849804225,37.549658163235115],[-77.434686318389623,37.549693473747595]]]},"properties":{"OBJECTID":69,"Address":"817 N 2nd Street","ID":null,"Address_1":"817 N 2nd Street","Name":"Watkins Edward, Motley Ferdinand","Business_Type":"n/a","Identification":"Residential","ID2level":"Residential","Notes":null,"Shape_Length":117.38453632612342,"Shape_Area":548.05882729454186}},{"type":"Feature","id":70,"geometry":{"type":"Polygon","coordinates":[[[-77.434996891136151,37.549923251269483],[-77.434657221957565,37.549723564481468],[-77.434624702045966,37.549758687652741],[-77.434965382727569,37.549958186324659],[-77.434996891136151,37.549923251269483]]]},"properties":{"OBJECTID":70,"Address":"819 N 2nd Street","ID":null,"Address_1":"819 N 2nd Street","Name":"Ford Royall","Business_Type":"n/a","Identification":"Residential","ID2level":"Residential","Notes":null,"Shape_Length":106.36832911909909,"Shape_Area":286.12453257446896}},{"type":"Feature","id":71,"geometry":{"type":"Polygon","coordinates":[[[-77.434965382727569,37.549958186324659],[-77.434624702045966,37.549758687652741],[-77.434584865356371,37.549802271100873],[-77.43492541757891,37.55000061018815],[-77.434965382727569,37.549958186324659]]]},"properties":{"OBJECTID":71,"Address":"823 N 2nd Street","ID":null,"Address_1":"823 N 2nd Street","Name":"Pace T C","Business_Type":"n/a","Identification":"Residential","ID2level":"Residential","Notes":null,"Shape_Length":109.17927867763474,"Shape_Area":353.00622458035701}},{"type":"Feature","id":72,"geometry":{"type":"Polygon","coordinates":[[[-77.434537454072313,37.549851995870554],[-77.434504353849036,37.549885873334659],[-77.434846282290579,37.550085986297496],[-77.434880028402546,37.550049959494253],[-77.43492541757891,37.55000061018815],[-77.434584865356371,37.549802271100873],[-77.434537454072313,37.549851995870554]]]},"properties":{"OBJECTID":72,"Address":"825 N 2nd Street","ID":null,"Address_1":"825 N 2nd Street","Name":"Eubank G W","Business_Type":"n/a","Identification":"Residential","ID2level":"Residential","Notes":null,"Shape_Length":123.99578709448664,"Shape_Area":699.12965856522919}},{"type":"Feature","id":73,"geometry":{"type":"Polygon","coordinates":[[[-77.434846282290579,37.550085986297496],[-77.434504353849036,37.549885873334659],[-77.434445362382647,37.549953475092849],[-77.434785805909016,37.550152172015622],[-77.434846282290579,37.550085986297496]]]},"properties":{"OBJECTID":73,"Address":"827 N 2nd Street","ID":null,"Address_1":"827 N 2nd Street","Name":"Jackson Andrew","Business_Type":"n/a","Identification":"Residential","ID2level":"Residential","Notes":null,"Shape_Length":117.38772607437642,"Shape_Area":542.90935100349566}},{"type":"Feature","id":74,"geometry":{"type":"Polygon","coordinates":[[[-77.434654173973797,37.550215397051801],[-77.434341717460114,37.550028695232619],[-77.43429967899975,37.550075027627337],[-77.434612755350997,37.55025966608293],[-77.434654173973797,37.550215397051801]]]},"properties":{"OBJECTID":74,"Address":"901 N 2nd Street","ID":null,"Address_1":"901 N 2nd Street","Name":"Boschen H Mrs, Kumlehn E A","Business_Type":"n/a","Identification":"Residential","ID2level":"Residential","Notes":null,"Shape_Length":102.74445265661564,"Shape_Area":342.55841824673564}},{"type":"Feature","id":75,"geometry":{"type":"Polygon","coordinates":[[[-77.43429967899975,37.550075027627337],[-77.434253523560457,37.550124701648656],[-77.434570968418925,37.550306182081961],[-77.434612755350997,37.55025966608293],[-77.43429967899975,37.550075027627337]]]},"properties":{"OBJECTID":75,"Address":"903 N 2nd Street","ID":null,"Address_1":"903 N 2nd Street","Name":"Oliver G W","Business_Type":"n/a","Identification":"Residential","ID2level":"Residential","Notes":null,"Shape_Length":103.68477522998811,"Shape_Area":362.80796954315053}},{"type":"Feature","id":76,"geometry":{"type":"Polygon","coordinates":[[[-77.434253523560457,37.550124701648656],[-77.434210401731875,37.550168038460775],[-77.434525725667967,37.550352112623059],[-77.434570968418925,37.550306182081961],[-77.434253523560457,37.550124701648656]]]},"properties":{"OBJECTID":76,"Address":"905 N 2nd Street","ID":null,"Address_1":"905 N 2nd Street","Name":"Brooks M H Mrs, Heisler A D Mrs","Business_Type":"n/a","Identification":"Residential","ID2level":"Residential","Notes":null,"Shape_Length":103.09049335477056,"Shape_Area":346.9452320429823}},{"type":"Feature","id":77,"geometry":{"type":"Polygon","coordinates":[[[-77.434210401731875,37.550168038460775],[-77.434177165862991,37.550202958444991],[-77.434490818932645,37.550388038147801],[-77.434525725667967,37.550352112623059],[-77.434210401731875,37.550168038460775]]]},"properties":{"OBJECTID":77,"Address":"907 N 2nd Street","ID":null,"Address_1":"907 N 2nd Street","Name":"Gehrmann W F","Business_Type":"n/a","Identification":"Residential","ID2level":"Residential","Notes":null,"Shape_Length":99.625423293705055,"Shape_Area":272.41849317497366}},{"type":"Feature","id":78,"geometry":{"type":"Polygon","coordinates":[[[-77.434177165862991,37.550202958444991],[-77.434143970418305,37.550236782334501],[-77.434459735427183,37.550421367686546],[-77.434490818932645,37.550388038147801],[-77.434177165862991,37.550202958444991]]]},"properties":{"OBJECTID":78,"Address":"911 N 2nd Street","ID":null,"Address_1":"911 N 2nd Street","Name":"McKenney Amb'se, McKenney R H, Lewis Z D Rev","Business_Type":"n/a","Identification":"Residential","ID2level":"Residential","Notes":null,"Shape_Length":99.035289636596573,"Shape_Area":258.01509841423126}},{"type":"Feature","id":79,"geometry":{"type":"Polygon","coordinates":[[[-77.434143970418305,37.550236782334501],[-77.434104565818359,37.550278768035653],[-77.434422311612451,37.550463126092104],[-77.434459735427183,37.550421367686546],[-77.434143970418305,37.550236782334501]]]},"properties":{"OBJECTID":79,"Address":"913 N 2nd Street","ID":null,"Address_1":"913 N 2nd Street","Name":"Easley P C, Perkins Williams","Business_Type":"n/a","Identification":"Residential","ID2level":"Residential","Notes":null,"Shape_Length":102.04486796335185,"Shape_Area":318.07045906958331}},{"type":"Feature","id":80,"geometry":{"type":"Polygon","coordinates":[[[-77.434422311612451,37.550463126092104],[-77.434266951577314,37.550372985082277],[-77.434195227390106,37.550444450082033],[-77.434351449807892,37.550538165531229],[-77.434422311612451,37.550463126092104]]]},"properties":{"OBJECTID":80,"Address":"915 N 2nd Street","ID":null,"Address_1":"915 N 2nd Street","Name":"Mesco H J, Whittaker J L","Business_Type":"n/a","Identification":"Residential","ID2level":"Residential","Notes":null,"Shape_Length":69.22438261302247,"Shape_Area":280.81369355343054}},{"type":"Feature","id":81,"geometry":{"type":"Polygon","coordinates":[[[-77.434351449807892,37.550538165531229],[-77.434195227390106,37.550444450082033],[-77.434138951530798,37.550499927568282],[-77.43429699124043,37.550597211060939],[-77.434351449807892,37.550538165531229]]]},"properties":{"OBJECTID":81,"Address":"917 N 2nd Street","ID":null,"Address_1":"917 N 2nd Street","Name":"Payne Robert, Pleasants Timothy","Business_Type":"n/a","Identification":"Residential","ID2level":"Residential","Notes":null,"Shape_Length":64.347790175714081,"Shape_Area":223.28173657106038}},{"type":"Feature","id":82,"geometry":{"type":"Polygon","coordinates":[[[-77.43429699124043,37.550597211060939],[-77.434138951530798,37.550499927568282],[-77.434109609858666,37.550532124660819],[-77.434270118138713,37.550626057932419],[-77.43429699124043,37.550597211060939]]]},"properties":{"OBJECTID":82,"Address":"919 N 2nd Street","ID":null,"Address_1":"919 N 2nd Street","Name":"Brightwell T H, Ferrell Boston, Johnson Junius, Pryor Pleasant","Business_Type":"n/a","Identification":"Residential","ID2level":"Residential","Notes":null,"Shape_Length":55.094173528714848,"Shape_Area":117.9885788323937}},{"type":"Feature","id":83,"geometry":{"type":"Polygon","coordinates":[[[-77.434270118138713,37.550626057932419],[-77.434109609858666,37.550532124660819],[-77.433937574396936,37.550431599149725],[-77.43390162022601,37.550469156997309],[-77.434234584379325,37.550662299540797],[-77.434270118138713,37.550626057932419]]]},"properties":{"OBJECTID":83,"Address":"921 N 2nd Street","ID":null,"Address_1":"921 N 2nd Street","Name":"Bundy Albert B","Business_Type":"n/a","Identification":"Residential","ID2level":"Residential","Notes":null,"Shape_Length":104.99144370468836,"Shape_Area":300.3862818179403}},{"type":"Feature","id":84,"geometry":{"type":"Polygon","coordinates":[[[-77.434234584379325,37.550662299540797],[-77.43390162022601,37.550469156997309],[-77.433803450535123,37.550568773692468],[-77.434139265042845,37.550762764916215],[-77.434234584379325,37.550662299540797]]]},"properties":{"OBJECTID":84,"Address":"923 N 2nd Street","ID":null,"Address_1":"923 N 2nd Street","Name":"Brown Philip, Daniel Walter H, Carter Charles","Business_Type":"n/a","Identification":"Residential","ID2level":"Residential","Notes":null,"Shape_Length":127.58248653875127,"Shape_Area":815.58223101126327}},{"type":"Feature","id":85,"geometry":{"type":"Polygon","coordinates":[[[-77.434022080712339,37.55088697333224],[-77.434070396599893,37.550837420180081],[-77.433897561637551,37.550732468776928],[-77.433846984690419,37.550789544929707],[-77.434022080712339,37.55088697333224]]]},"properties":{"OBJECTID":85,"Address":"1001 N 2nd Street","ID":null,"Address_1":"1001 N 2nd Street","Name":"Baker P E Mrs","Business_Type":"n/a","Identification":"Residential","ID2level":"Residential","Notes":null,"Shape_Length":66.636465052377758,"Shape_Area":223.17766666590376}},{"type":"Feature","id":86,"geometry":{"type":"Polygon","coordinates":[[[-77.434022080712339,37.55088697333224],[-77.433846984690419,37.550789544929707],[-77.433665091116737,37.550681367917072],[-77.433604099102212,37.550742912432099],[-77.433961799265205,37.550950923471689],[-77.434022080712339,37.55088697333224]]]},"properties":{"OBJECTID":86,"Address":"1003 N 2nd Street","ID":null,"Address_1":"1003 N 2nd Street","Name":"Morris W H","Business_Type":"n/a","Identification":"Residential","ID2level":"Residential","Notes":null,"Shape_Length":120.70697089176142,"Shape_Area":536.94895988948645}},{"type":"Feature","id":87,"geometry":{"type":"Polygon","coordinates":[[[-77.433961799265205,37.550950923471689],[-77.433604099102212,37.550742912432099],[-77.433492467258489,37.550856978502246],[-77.433855568092966,37.551064494961047],[-77.433961799265205,37.550950923471689]]]},"properties":{"OBJECTID":87,"Address":"1005 N 2nd Street","ID":null,"Address_1":"1005 N 2nd Street","Name":"Shocks rufus, Davis W H","Business_Type":"n/a","Identification":"Residential","ID2level":"Residential","Notes":null,"Shape_Length":139.33451171894927,"Shape_Area":994.91651956687178}},{"type":"Feature","id":88,"geometry":{"type":"Polygon","coordinates":[[[-77.433855568092966,37.551064494961047],[-77.433492467258489,37.550856978502246],[-77.433446554364323,37.550901458674275],[-77.433808757781819,37.551116982910727],[-77.433855568092966,37.551064494961047]]]},"properties":{"OBJECTID":88,"Address":"1009 N 2nd Street","ID":null,"Address_1":"1009 N 2nd Street","Name":"Merriweather Israel, Merriweather Geo, Allen Washington","Business_Type":"n/a","Identification":"Residential","ID2level":"Residential","Notes":null,"Shape_Length":117.33731027330606,"Shape_Area":428.10773374332803}},{"type":"Feature","id":89,"geometry":{"type":"Polygon","coordinates":[[[-77.433732422542235,37.551195448049796],[-77.431990997041481,37.550153836432798],[-77.430218506001538,37.552023951237665],[-77.431969918971646,37.553064592375478],[-77.433732422542235,37.551195448049796]]]},"properties":{"OBJECTID":89,"Address":"209 Hospital Street","ID":null,"Address_1":"209 Hospital Street","Name":null,"Business_Type":"Shockoe Hill Cemetary","Identification":"Institutional","ID2level":"Funeral","Notes":null,"Shape_Length":1142.6211282432389,"Shape_Area":79799.711872558866}},{"type":"Feature","id":90,"geometry":{"type":"Polygon","coordinates":[[[-77.440125124259865,37.544748568579607],[-77.439901880335341,37.54498101305866],[-77.439965980520768,37.545016867097935],[-77.440187586816521,37.544784029566586],[-77.440125124259865,37.544748568579607]]]},"properties":{"OBJECTID":90,"Address":"124 E Broad Street","ID":null,"Address_1":"124 E Broad Street","Name":"Hutzler David, Ullman E B, Hutzler C D, Hutzler Ellis","Business_Type":"n/a","Identification":"Residential","ID2level":"Residential","Notes":"4 residents","Shape_Length":99.258367469744513,"Shape_Area":354.04799656279823}},{"type":"Feature","id":91,"geometry":{"type":"Polygon","coordinates":[[[-77.439901880335341,37.54498101305866],[-77.439868329157804,37.545017896301438],[-77.439968120307768,37.545071789506785],[-77.439998284836705,37.545037507432689],[-77.439965980520768,37.545016867097935],[-77.439901880335341,37.54498101305866]]]},"properties":{"OBJECTID":91,"Address":"306 N 2nd Street","ID":null,"Address_1":"306 N 2nd Street","Name":"Scott Massie","Business_Type":"n/a","Identification":"Residential","ID2level":"Residential","Notes":null,"Shape_Length":39.045329519903461,"Shape_Area":83.324821758098253}},{"type":"Feature","id":92,"geometry":{"type":"Polygon","coordinates":[[[-77.439868329157804,37.545017896301438],[-77.439837225889406,37.545049731089371],[-77.439935352461148,37.545105580824419],[-77.439968120307768,37.545071789506785],[-77.439868329157804,37.545017896301438]]]},"properties":{"OBJECTID":92,"Address":"308 N 2nd Street","ID":null,"Address_1":"308 N 2nd Street","Name":"Johnson R R, Foster John, Allen Robert","Business_Type":"n/a","Identification":"Residential","ID2level":"Residential","Notes":null,"Shape_Length":38.525589459924461,"Shape_Area":78.138318980685483}},{"type":"Feature","id":93,"geometry":{"type":"Polygon","coordinates":[[[-77.439837225889406,37.545049731089371],[-77.439773275722658,37.545112038801236],[-77.439965024713302,37.545221434008781],[-77.440028534705576,37.545158558724943],[-77.439935352461148,37.545105580824419],[-77.439837225889406,37.545049731089371]]]},"properties":{"OBJECTID":93,"Address":"310 N 2nd Street","ID":null,"Address_1":"310 N 2nd Street","Name":"Stubbs W D","Business_Type":"n/a","Identification":"Residential","ID2level":"Residential","Notes":null,"Shape_Length":75.095927236681788,"Shape_Area":296.00152652872049}},{"type":"Feature","id":94,"geometry":{"type":"Polygon","coordinates":[[[-77.439773275722658,37.545112038801236],[-77.4397249427671,37.545162031656801],[-77.439915631745706,37.545272923226378],[-77.439965024713302,37.545221434008781],[-77.439773275722658,37.545112038801236]]]},"properties":{"OBJECTID":94,"Address":"312 N 2nd Street","ID":null,"Address_1":"312 N 2nd Street","Name":"Richardson E F Mrs, Leigh W P R, Richardson C E","Business_Type":"n/a","Identification":"Residential","ID2level":"Residential","Notes":null,"Shape_Length":70.548316385002721,"Shape_Area":235.76107549123913}},{"type":"Feature","id":95,"geometry":{"type":"Polygon","coordinates":[[[-77.4397249427671,37.545162031656801],[-77.439666867582304,37.545222648394343],[-77.439858573453833,37.545331550563574],[-77.439915631745706,37.545272923226378],[-77.4397249427671,37.545162031656801]]]},"properties":{"OBJECTID":95,"Address":"314 N 2nd Street","ID":null,"Address_1":"314 N 2nd Street","Name":"Miller John, Miller John E","Business_Type":"n/a","Identification":"Residential","ID2level":"Residential","Notes":null,"Shape_Length":73.662261171273002,"Shape_Area":277.04448501930437}},{"type":"Feature","id":96,"geometry":{"type":"Polygon","coordinates":[[[-77.439666867582304,37.545222648394343],[-77.439625029446248,37.545268128365237],[-77.439814820109589,37.545377047562006],[-77.439858573453833,37.545331550563574],[-77.439666867582304,37.545222648394343]]]},"properties":{"OBJECTID":96,"Address":"316 N 2nd Street","ID":null,"Address_1":"316 N 2nd Street","Name":"Wagner C H","Business_Type":"n/a","Identification":"Residential","ID2level":"Residential","Notes":null,"Shape_Length":68.27003267995687,"Shape_Area":208.45986478645432}},{"type":"Feature","id":97,"geometry":{"type":"Polygon","coordinates":[[[-77.439625029446248,37.545268128365237],[-77.439563520900435,37.545332987168877],[-77.439750622007821,37.545442912676577],[-77.439814820109589,37.545377047562006],[-77.439625029446248,37.545268128365237]]]},"properties":{"OBJECTID":97,"Address":"318 N 2nd Street","ID":null,"Address_1":"318 N 2nd Street","Name":"Tyack Mary Mrs, Fitzwilson M D Mrs","Business_Type":"n/a","Identification":"Residential","ID2level":"Residential","Notes":null,"Shape_Length":75.084395476109293,"Shape_Area":300.00069486220531}},{"type":"Feature","id":98,"geometry":{"type":"Polygon","coordinates":[[[-77.439563520900435,37.545332987168877],[-77.439501794064,37.545395140086228],[-77.439692321345873,37.545504817640357],[-77.439750622007821,37.545442912676577],[-77.439563520900435,37.545332987168877]]]},"properties":{"OBJECTID":98,"Address":"320 N 2nd Street","ID":null,"Address_1":"320 N 2nd Street","Name":"Wiglesworth R L Mrs, Wiglesworth C G, Wiglesworth J W, Wiglesworth J H Miss","Business_Type":"n/a","Identification":"Residential","ID2level":"Residential","Notes":null,"Shape_Length":74.087126727567636,"Shape_Area":286.04076379911999}},{"type":"Feature","id":99,"geometry":{"type":"Polygon","coordinates":[[[-77.439378461663694,37.545522683639099],[-77.439218920869237,37.545693775787406],[-77.439438416124077,37.545822707704858],[-77.439598257854158,37.545655301010484],[-77.439378461663694,37.545522683639099]]]},"properties":{"OBJECTID":99,"Address":"115 E Marshall Street","ID":null,"Address_1":"115 E Marshall Street","Name":"Talley W R, Bull G B, Bull C H, Bull N F","Business_Type":"n/a","Identification":"Residential","ID2level":"Residential","Notes":"4 residents","Shape_Length":120.50929737861108,"Shape_Area":907.41778748313618}},{"type":"Feature","id":100,"geometry":{"type":"Polygon","coordinates":[[[-77.439218920869237,37.545693775787406],[-77.439131378248163,37.545787323422047],[-77.439351103471736,37.545915978115168],[-77.439438416124077,37.545822707704858],[-77.439218920869237,37.545693775787406]]]},"properties":{"OBJECTID":100,"Address":"400 N 2nd Street","ID":null,"Address_1":"400 N 2nd Street","Name":"Keiley E M Miss","Business_Type":"n/a","Identification":"Residential","ID2level":"Residential","Notes":null,"Shape_Length":93.478600103069056,"Shape_Area":496.60353783528302}},{"type":"Feature","id":101,"geometry":{"type":"Polygon","coordinates":[[[-77.439131378248163,37.545787323422047],[-77.439033895768489,37.545889439225625],[-77.439373424809915,37.546093179678884],[-77.439719218702109,37.545728398012734],[-77.439598257854158,37.545655301010484],[-77.439351103471736,37.545915978115168],[-77.439131378248163,37.545787323422047]]]},"properties":{"OBJECTID":101,"Address":"402 N 2nd Street","ID":null,"Address_1":"402 N 2nd Street","Name":"Wharton J C, Wharton E B, Wharton A D","Business_Type":"n/a","Identification":"Residential","ID2level":"Residential","Notes":null,"Shape_Length":222.57504756381559,"Shape_Area":1638.056995150482}},{"type":"Feature","id":102,"geometry":{"type":"Polygon","coordinates":[[[-77.439033895768489,37.545889439225625],[-77.438986033530142,37.545936915918446],[-77.439327917055934,37.546139604974542],[-77.439373424809915,37.546093179678884],[-77.439033895768489,37.545889439225625]]]},"properties":{"OBJECTID":102,"Address":"404 N 2nd Street","ID":null,"Address_1":"404 N 2nd Street","Name":"Lloyd W Vaughan","Business_Type":"n/a","Identification":"Residential","ID2level":"Residential","Notes":null,"Shape_Length":111.71094941383191,"Shape_Area":398.29425034720202}},{"type":"Feature","id":103,"geometry":{"type":"Polygon","coordinates":[[[-77.438986033530142,37.545936915918446],[-77.438946007296039,37.545977573572941],[-77.439289369448773,37.546181278885534],[-77.439327917055934,37.546139604974542],[-77.438986033530142,37.545936915918446]]]},"properties":{"OBJECTID":103,"Address":"406 N 2nd Street","ID":null,"Address_1":"406 N 2nd Street","Name":"Tiller A F","Business_Type":"n/a","Identification":"Residential","ID2level":"Residential","Notes":null,"Shape_Length":109.75758037867629,"Shape_Area":345.21295482547862}},{"type":"Feature","id":104,"geometry":{"type":"Polygon","coordinates":[[[-77.438946007296039,37.545977573572941],[-77.438900693578148,37.546025209039556],[-77.439243663167119,37.546229247550301],[-77.439289369448773,37.546181278885534],[-77.438946007296039,37.545977573572941]]]},"properties":{"OBJECTID":104,"Address":"410 N 2nd Street","ID":null,"Address_1":"410 N 2nd Street","Name":"Earnest J S, Clarke Edward, Fitchet James","Business_Type":"n/a","Identification":"Residential","ID2level":"Residential","Notes":null,"Shape_Length":112.28837267818676,"Shape_Area":401.39982454130046}},{"type":"Feature","id":105,"geometry":{"type":"Polygon","coordinates":[[[-77.438884238238785,37.546045145400335],[-77.438678643514649,37.546261206462916],[-77.438730721546605,37.546293334874754],[-77.438936036894702,37.546077476181821],[-77.438884238238785,37.546045145400335]]]},"properties":{"OBJECTID":105,"Address":"117 E Clay Street","ID":null,"Address_1":"117 E Clay Street","Name":"Tucker A M Mrs, Goins J H","Business_Type":"n/a","Identification":"Residential","ID2level":"Residential","Notes":"2 residents","Shape_Length":90.643672122648042,"Shape_Area":278.80383890270286}},{"type":"Feature","id":106,"geometry":{"type":"Polygon","coordinates":[[[-77.438545609309287,37.546402371517388],[-77.438230635716153,37.54673411856372],[-77.438321751835417,37.54678888586475],[-77.438635638467048,37.546457828508274],[-77.438545609309287,37.546402371517388]]]},"properties":{"OBJECTID":106,"Address":"114 E Clay Street","ID":null,"Address_1":"114 E Clay Street","Name":null,"Business_Type":null,"Identification":"No data available","ID2level":null,"Notes":null,"Shape_Length":141.86993281921417,"Shape_Area":739.98023187684703}},{"type":"Feature","id":107,"geometry":{"type":"Polygon","coordinates":[[[-77.43820587455366,37.546763575178865],[-77.438160356019907,37.546811767110547],[-77.438579588983217,37.547070921692729],[-77.438631323858743,37.547016726521584],[-77.43820587455366,37.546763575178865]]]},"properties":{"OBJECTID":107,"Address":"500 N 2nd Street","ID":null,"Address_1":"500 N 2nd Street","Name":"Marcuse Jones, Marcuse I J, Marcuse M E, Marcuse M M","Business_Type":"n/a","Identification":"Residential","ID2level":"Residential","Notes":null,"Shape_Length":136.38796406125658,"Shape_Area":532.61141690857744}},{"type":"Feature","id":108,"geometry":{"type":"Polygon","coordinates":[[[-77.438160356019907,37.546811767110547],[-77.438097800936788,37.546877184386858],[-77.438521050267738,37.54713352329123],[-77.438579588983217,37.547070921692729],[-77.438160356019907,37.546811767110547]]]},"properties":{"OBJECTID":108,"Address":"502 N 2nd Street","ID":null,"Address_1":"502 N 2nd Street","Name":"Held Isaac, Held Rosalie Mrs","Business_Type":"n/a","Identification":"Residential","ID2level":"Residential","Notes":null,"Shape_Length":140.93451948671628,"Shape_Area":665.34121963892312}},{"type":"Feature","id":109,"geometry":{"type":"Polygon","coordinates":[[[-77.438097800936788,37.546877184386858],[-77.437988655629752,37.54699702616972],[-77.438414990673706,37.547252569813111],[-77.438521050267738,37.54713352329123],[-77.438097800936788,37.546877184386858]]]},"properties":{"OBJECTID":109,"Address":"502 1/2 N 2nd Street","ID":null,"Address_1":"502 1/2 N 2nd Street","Name":"McLelland Benj, McLelland Bruce, McLelland W S, McLelland M W Miss","Business_Type":"n/a","Identification":"Residential","ID2level":"Residential","Notes":null,"Shape_Length":160.00336785950793,"Shape_Area":1223.4724172450669}},{"type":"Feature","id":110,"geometry":{"type":"Polygon","coordinates":[[[-77.437988655629752,37.54699702616972],[-77.43788776224693,37.547104282628503],[-77.438315064776447,37.547360038860717],[-77.438414990673706,37.547252569813111],[-77.437988655629752,37.54699702616972]]]},"properties":{"OBJECTID":110,"Address":"504 N 2nd Street","ID":null,"Address_1":"504 N 2nd Street","Name":"Nash W F, Nash W M","Business_Type":"n/a","Identification":"Residential","ID2level":"Residential","Notes":null,"Shape_Length":156.62743406988679,"Shape_Area":1117.4316313675845}},{"type":"Feature","id":111,"geometry":{"type":"Polygon","coordinates":[[[-77.43788776224693,37.547104282628503],[-77.437789334739577,37.547207083218353],[-77.438217588584962,37.547466727151395],[-77.438315064776447,37.547360038860717],[-77.43788776224693,37.547104282628503]]]},"properties":{"OBJECTID":111,"Address":"506 N 2nd Street","ID":null,"Address_1":"506 N 2nd Street","Name":"Bryce C A Dr, Bryce B F","Business_Type":"The Southern Clinic","Identification":"Mixed use","ID2level":"Residential/Medical","Notes":null,"Shape_Length":156.2316415974106,"Shape_Area":1094.8550008668806}},{"type":"Feature","id":112,"geometry":{"type":"Polygon","coordinates":[[[-77.437789334739577,37.547207083218353],[-77.437592200348789,37.547422545490065],[-77.437686331214152,37.547481733796808],[-77.437885380813114,37.547265314458961],[-77.437789334739577,37.547207083218353]]]},"properties":{"OBJECTID":112,"Address":"119 E Leigh Street","ID":null,"Address_1":"119 E Leigh Street","Name":"Bottigheimer Ellis, Goldsmith Joseph","Business_Type":"n/a","Identification":"Residential","ID2level":"Residential","Notes":"2 residents","Shape_Length":101.81383488565007,"Shape_Area":502.70539840291269}},{"type":"Feature","id":113,"geometry":{"type":"Polygon","coordinates":[[[-77.437456245720426,37.547557175084755],[-77.437279499493329,37.547745620212666],[-77.437337020417601,37.54778014675906],[-77.437515280305959,37.547586663424831],[-77.437456245720426,37.547557175084755]]]},"properties":{"OBJECTID":113,"Address":"118 E Leigh Street","ID":null,"Address_1":"118 E Leigh Street","Name":"Krug William ","Business_Type":"n/a","Identification":"Residential","ID2level":"Residential","Notes":null,"Shape_Length":82.412552332858297,"Shape_Area":262.74287334245594}},{"type":"Feature","id":114,"geometry":{"type":"Polygon","coordinates":[[[-77.437279499493329,37.547745620212666],[-77.437243618085944,37.547785575338956],[-77.437432620926785,37.547894034321779],[-77.437467628273396,37.547854505876124],[-77.437337020417601,37.54778014675906],[-77.437279499493329,37.547745620212666]]]},"properties":{"OBJECTID":114,"Address":"600 N 2nd Street","ID":null,"Address_1":"600 N 2nd Street","Name":"Burger Henry C","Business_Type":"n/a","Identification":"Residential","ID2level":"Residential","Notes":null,"Shape_Length":65.571277840684573,"Shape_Area":175.51747374482056}},{"type":"Feature","id":115,"geometry":{"type":"Polygon","coordinates":[[[-77.437243618085944,37.547785575338956],[-77.437214153344613,37.547820487180431],[-77.43740221115776,37.547928939702437],[-77.437432620926785,37.547894034321779],[-77.437243618085944,37.547785575338956]]]},"properties":{"OBJECTID":115,"Address":"602 N 2nd Street","ID":null,"Address_1":"602 N 2nd Street","Name":"Walker J P","Business_Type":"n/a","Identification":"Residential","ID2level":"Residential","Notes":null,"Shape_Length":63.71352532117551,"Shape_Area":153.61312221735105}},{"type":"Feature","id":116,"geometry":{"type":"Polygon","coordinates":[[[-77.437214153344613,37.547820487180431],[-77.437181605585252,37.547854560717383],[-77.43736758469683,37.547963831534545],[-77.43740221115776,37.547928939702437],[-77.437214153344613,37.547820487180431]]]},"properties":{"OBJECTID":116,"Address":"606 N 2nd Street","ID":null,"Address_1":"606 N 2nd Street","Name":"n/a","Business_Type":"n/a","Identification":"n/a","ID2level":null,"Notes":"blank?","Shape_Length":63.889873827900601,"Shape_Area":157.94341290096867}},{"type":"Feature","id":117,"geometry":{"type":"Polygon","coordinates":[[[-77.437158674290984,37.547884029709799],[-77.437082206999065,37.547966884123923],[-77.437399026630089,37.548152037752402],[-77.437480636777011,37.548066369553354],[-77.437158674290984,37.547884029709799]]]},"properties":{"OBJECTID":117,"Address":"608 N 2nd Street","ID":null,"Address_1":"608 N 2nd Street","Name":"n/a","Business_Type":"True Reformer's Hall","Identification":"Residential","ID2level":"Residential","Notes":null,"Shape_Length":117.34792512014386,"Shape_Area":647.63004067378643}},{"type":"Feature","id":118,"geometry":{"type":"Polygon","coordinates":[[[-77.437082206999065,37.547966884123923],[-77.437020288821458,37.548034692030434],[-77.437338335551189,37.548218941682073],[-77.437399026630089,37.548152037752402],[-77.437082206999065,37.547966884123923]]]},"properties":{"OBJECTID":118,"Address":"610 N 2nd Street","ID":null,"Address_1":"610 N 2nd Street","Name":"Shortell J J","Business_Type":"n/a","Identification":"Residential","ID2level":"Residential","Notes":null,"Shape_Length":110.9878065509638,"Shape_Area":511.16076975650594}},{"type":"Feature","id":119,"geometry":{"type":"Polygon","coordinates":[[[-77.437020288821458,37.548034692030434],[-77.436876223304395,37.548189959269223],[-77.437196984742911,37.548375978402397],[-77.437338335551189,37.548218941682073],[-77.437020288821458,37.548034692030434]]]},"properties":{"OBJECTID":119,"Address":"628 N 2nd Street","ID":null,"Address_1":"628 N 2nd Street","Name":"n/a","Business_Type":"Burford A L & Bro","Identification":"Commercial","ID2level":"Grocery","Notes":null,"Shape_Length":142.24039386143266,"Shape_Area":1192.4957515117067}},{"type":"Feature","id":120,"geometry":{"type":"Polygon","coordinates":[[[-77.436876223304395,37.548189959269223],[-77.436812971128631,37.548259029739867],[-77.437134781799372,37.54844467122475],[-77.437196984742911,37.548375978402397],[-77.436876223304395,37.548189959269223]]]},"properties":{"OBJECTID":120,"Address":"630 N 2nd Street","ID":null,"Address_1":"630 N 2nd Street","Name":"n/a","Business_Type":"Burford A L & Bro","Identification":"Commercial","ID2level":"Grocery","Notes":"https://www.virginiachronicle.com/?a=d&d=GSC18930222.1.3&e=-------en-20--1--txt-txIN---------, it says that they sell feed, coal and wool it also says that they are on 628 N 2nd st","Shape_Length":112.40012247036202,"Shape_Area":528.09461227464817}},{"type":"Feature","id":121,"geometry":{"type":"Polygon","coordinates":[[[-77.436731790376385,37.548351214527926],[-77.436694471664538,37.548389596037097],[-77.437061917650055,37.548609676468423],[-77.437104551693437,37.548564727001697],[-77.436731790376385,37.548351214527926]]]},"properties":{"OBJECTID":121,"Address":"702 N 2nd Street","ID":null,"Address_1":"702 N 2nd Street","Name":"Bolling W M","Business_Type":"n/a","Identification":"Residential","ID2level":"Residential","Notes":null,"Shape_Length":117.15654212283906,"Shape_Area":376.4834434031327}},{"type":"Feature","id":122,"geometry":{"type":"Polygon","coordinates":[[[-77.437061917650055,37.548609676468423],[-77.436694471664538,37.548389596037097],[-77.436644588216822,37.548443670557326],[-77.437013502049481,37.548661150525739],[-77.437061917650055,37.548609676468423]]]},"properties":{"OBJECTID":122,"Address":"704 N 2nd Street","ID":null,"Address_1":"704 N 2nd Street","Name":"Peters Samuel, Cooper Jane","Business_Type":"n/a","Identification":"Residential","ID2level":"Residential","Notes":null,"Shape_Length":120.86152157544106,"Shape_Area":471.76536217442651}},{"type":"Feature","id":123,"geometry":{"type":"Polygon","coordinates":[[[-77.437013502049481,37.548661150525739],[-77.436644588216822,37.548443670557326],[-77.436596923607837,37.548495134046036],[-77.436967565799137,37.548714208516408],[-77.437013502049481,37.548661150525739]]]},"properties":{"OBJECTID":123,"Address":"706 N 2nd Street","ID":null,"Address_1":"706 N 2nd Street","Name":"Perry G H, Walker Robert","Business_Type":"n/a","Identification":"Residential","ID2level":"Residential","Notes":null,"Shape_Length":120.63988013580249,"Shape_Area":461.71507804337324}},{"type":"Feature","id":124,"geometry":{"type":"Polygon","coordinates":[[[-77.436967565799137,37.548714208516408],[-77.436596923607837,37.548495134046036],[-77.436551056527748,37.548538525934205],[-77.436921933179335,37.548761785969241],[-77.436967565799137,37.548714208516408]]]},"properties":{"OBJECTID":124,"Address":"708 N 2nd Street","ID":null,"Address_1":"708 N 2nd Street","Name":"Trent Thomas","Business_Type":"n/a","Identification":"Residential","ID2level":"Residential","Notes":null,"Shape_Length":119.64289974556394,"Shape_Area":421.7322806089104}},{"type":"Feature","id":125,"geometry":{"type":"Polygon","coordinates":[[[-77.436921933179335,37.548761785969241],[-77.436551056527748,37.548538525934205],[-77.436516789392911,37.548580559598342],[-77.43688796967507,37.548800327515465],[-77.436921933179335,37.548761785969241]]]},"properties":{"OBJECTID":125,"Address":"710 N 2nd Street","ID":null,"Address_1":"710 N 2nd Street","Name":"Copeland William","Business_Type":"n/a","Identification":"Residential","ID2level":"Residential","Notes":null,"Shape_Length":117.03647926619757,"Shape_Area":351.75117321237752}},{"type":"Feature","id":126,"geometry":{"type":"Polygon","coordinates":[[[-77.43688796967507,37.548800327515465],[-77.436516789392911,37.548580559598342],[-77.43647997643258,37.548619255789404],[-77.436846907683432,37.548839267882187],[-77.43688796967507,37.548800327515465]]]},"properties":{"OBJECTID":126,"Address":"712 N 2nd Street","ID":null,"Address_1":"712 N 2nd Street","Name":"Stovall Otis, Carter Daniel","Business_Type":"n/a","Identification":"Residential","ID2level":"Residential","Notes":null,"Shape_Length":116.71426657410817,"Shape_Area":357.74084386311375}},{"type":"Feature","id":127,"geometry":{"type":"Polygon","coordinates":[[[-77.436846907683432,37.548839267882187],[-77.43647997643258,37.548619255789404],[-77.436448737518589,37.548654378056597],[-77.436815543005281,37.548872333881874],[-77.436846907683432,37.548839267882187]]]},"properties":{"OBJECTID":127,"Address":"714 N 2nd Street","ID":null,"Address_1":"714 N 2nd Street","Name":"Quinn James, Quinn A M, Quinn D J","Business_Type":"n/a","Identification":"Residential","ID2level":"Residential","Notes":null,"Shape_Length":114.08327008221178,"Shape_Area":302.63860603220382}},{"type":"Feature","id":128,"geometry":{"type":"Polygon","coordinates":[[[-77.436448737518589,37.548654378056597],[-77.436407298234528,37.548694158202707],[-77.436480787611274,37.548737616211064],[-77.436519038774406,37.548696150984192],[-77.436448737518589,37.548654378056597]]]},"properties":{"OBJECTID":128,"Address":"716 N 2nd Street","ID":null,"Address_1":"716 N 2nd Street","Name":"Hilton Raphael","Business_Type":"n/a","Identification":"Residential","ID2level":"Residential","Notes":null,"Shape_Length":34.442641649225067,"Shape_Area":72.18882078953294}},{"type":"Feature","id":129,"geometry":{"type":"Polygon","coordinates":[[[-77.436407298234528,37.548694158202707],[-77.436362236943239,37.5487448010457],[-77.43666728864406,37.548931373609086],[-77.43671356086432,37.548879185387051],[-77.436480787611274,37.548737616211064],[-77.436407298234528,37.548694158202707]]]},"properties":{"OBJECTID":129,"Address":"718 N 2nd Street","ID":null,"Address_1":"718 N 2nd Street","Name":"O'Neil W J, Griffin M A Mrs","Business_Type":"n/a","Identification":"Residential","ID2level":"Residential","Notes":null,"Shape_Length":103.41080494865358,"Shape_Area":380.50370925118887}},{"type":"Feature","id":130,"geometry":{"type":"Polygon","coordinates":[[[-77.436362236943239,37.5487448010457],[-77.436322596984681,37.548786029789973],[-77.436627176171655,37.548971489060058],[-77.43666728864406,37.548931373609086],[-77.436362236943239,37.5487448010457]]]},"properties":{"OBJECTID":130,"Address":"720 N 2nd Street","ID":null,"Address_1":"720 N 2nd Street","Name":"Mabry James, Hewins Beverly","Business_Type":"n/a","Identification":"Residential","ID2level":"Residential","Notes":null,"Shape_Length":100.10596624743937,"Shape_Area":309.71078485731277}},{"type":"Feature","id":131,"geometry":{"type":"Polygon","coordinates":[[[-77.436322596984681,37.548786029789973],[-77.436283078298715,37.548824495116676],[-77.436591155525406,37.54901341422358],[-77.436627176171655,37.548971489060058],[-77.436322596984681,37.548786029789973]]]},"properties":{"OBJECTID":131,"Address":"722 N 2nd Street","ID":null,"Address_1":"722 N 2nd Street","Name":"McLaurin Neal, Jefferson James, Jefferson Edward","Business_Type":"n/a","Identification":"Residential","ID2level":"Residential","Notes":null,"Shape_Length":100.19556965823601,"Shape_Area":302.95747525018584}},{"type":"Feature","id":132,"geometry":{"type":"Polygon","coordinates":[[[-77.436283078298715,37.548824495116676],[-77.436230055239065,37.548881769301751],[-77.436537302422437,37.549067179903119],[-77.436591155525406,37.54901341422358],[-77.436283078298715,37.548824495116676]]]},"properties":{"OBJECTID":132,"Address":"724 N 2nd Street","ID":null,"Address_1":"724 N 2nd Street","Name":"Leonard T W, Powell A W, Lomax Junius","Business_Type":"n/a","Identification":"Residential","ID2level":"Residential","Notes":null,"Shape_Length":105.95439177255886,"Shape_Area":423.31076743976996}},{"type":"Feature","id":133,"geometry":{"type":"Polygon","coordinates":[[[-77.436230055239065,37.548881769301751],[-77.436186084502538,37.548928513356998],[-77.436496191023451,37.549112380477844],[-77.436537302422437,37.549067179903119],[-77.436230055239065,37.548881769301751]]]},"properties":{"OBJECTID":133,"Address":"726 N 2nd Street","ID":null,"Address_1":"726 N 2nd Street","Name":"John Woodward, Price Henry, Johnson George","Business_Type":"n/a","Identification":"Residential","ID2level":"Residential","Notes":null,"Shape_Length":102.10144718217215,"Shape_Area":344.57001075528905}},{"type":"Feature","id":134,"geometry":{"type":"Polygon","coordinates":[[[-77.436186084502538,37.548928513356998],[-77.436149757530771,37.548978762186657],[-77.436452873362143,37.549159557413361],[-77.436496191023451,37.549112380477844],[-77.436186084502538,37.548928513356998]]]},"properties":{"OBJECTID":134,"Address":"728 N 2nd Street","ID":null,"Address_1":"728 N 2nd Street","Name":"Mahoney Ellen Mrs, Driscoll M Mrs, O'Neill Johanna Mrs, Elkins Esther Mrs, Hunt Abram, hunt Abram Jr, Braxton Taylor, Wood Frederick, Dandridge Eugene","Business_Type":"n/a","Identification":"Residential","ID2level":"Residential","Notes":null,"Shape_Length":101.65709767814388,"Shape_Area":346.9372473752253}},{"type":"Feature","id":135,"geometry":{"type":"Polygon","coordinates":[[[-77.436149757530771,37.548978762186657],[-77.436117432553587,37.549011650071073],[-77.436422805851265,37.549191989402573],[-77.436452873362143,37.549159557413361],[-77.436149757530771,37.548978762186657]]]},"properties":{"OBJECTID":135,"Address":"730 N 2nd Street","ID":null,"Address_1":"730 N 2nd Street","Name":"n/a","Business_Type":"n/a","Identification":"n/a","ID2level":null,"Notes":"blank","Shape_Length":96.118917268821562,"Shape_Area":243.35472326590104}},{"type":"Feature","id":136,"geometry":{"type":"Polygon","coordinates":[[[-77.436117432553587,37.549011650071073],[-77.436094880348378,37.549036116021036],[-77.436396358550994,37.549218730808796],[-77.436422805851265,37.549191989402573],[-77.436117432553587,37.549011650071073]]]},"properties":{"OBJECTID":136,"Address":"732 N 2nd Street","ID":null,"Address_1":"732 N 2nd Street","Name":"Poindexter William","Business_Type":"n/a","Identification":"Residential","ID2level":"Residential","Notes":null,"Shape_Length":93.648431926414261,"Shape_Area":190.92099453868215}},{"type":"Feature","id":137,"geometry":{"type":"Polygon","coordinates":[[[-77.436094880348378,37.549036116021036],[-77.436044412995713,37.549090160871557],[-77.436345354005795,37.549271986397208],[-77.436396358550994,37.549218730808796],[-77.436094880348378,37.549036116021036]]]},"properties":{"OBJECTID":137,"Address":"734 N 2nd Street","ID":null,"Address_1":"734 N 2nd Street","Name":"Fleming Charles","Business_Type":"n/a","Identification":"Residential","ID2level":"Residential","Notes":null,"Shape_Length":103.1843039366517,"Shape_Area":397.08398980379752}},{"type":"Feature","id":138,"geometry":{"type":"Polygon","coordinates":[[[-77.436044412995713,37.549090160871557],[-77.435999737081701,37.549138399729465],[-77.436301879139307,37.549319763625128],[-77.436345354005795,37.549271986397208],[-77.436044412995713,37.549090160871557]]]},"properties":{"OBJECTID":138,"Address":"736 N 2nd Street","ID":null,"Address_1":"736 N 2nd Street","Name":"Taylor Grandison","Business_Type":"n/a","Identification":"Residential","ID2level":"Residential","Notes":null,"Shape_Length":100.98106830077201,"Shape_Area":351.36933775383091}},{"type":"Feature","id":139,"geometry":{"type":"Polygon","coordinates":[[[-77.435999737081701,37.549138399729465],[-77.435958566393907,37.549184897198543],[-77.436256701965334,37.549363323114783],[-77.436301879139307,37.549319763625128],[-77.435999737081701,37.549138399729465]]]},"properties":{"OBJECTID":139,"Address":"738 N 2nd Street","ID":null,"Address_1":"738 N 2nd Street","Name":"n/a","Business_Type":"Shacklefoot & Knight","Identification":"Commercial","ID2level":null,"Notes":"No idea what the business could be ","Shape_Length":99.664013895656169,"Shape_Area":332.63353030411434}},{"type":"Feature","id":140,"geometry":{"type":"Polygon","coordinates":[[[-77.435958566393907,37.549184897198543],[-77.435848031393135,37.549303579353449],[-77.43614517522451,37.549483272005183],[-77.436256701965334,37.549363323114783],[-77.435958566393907,37.549184897198543]]]},"properties":{"OBJECTID":140,"Address":"744 N 2nd Street","ID":null,"Address_1":"744 N 2nd Street","Name":"Oliver L F, Langon Jonh, Dell James, Flowers Johnm Taylor W H H","Business_Type":"n/a","Identification":"Residential","ID2level":"Residential","Notes":null,"Shape_Length":124.82188094299303,"Shape_Area":865.81842630806659}},{"type":"Feature","id":141,"geometry":{"type":"Polygon","coordinates":[[[-77.435848031393135,37.549303579353449],[-77.435802354755893,37.549353056606648],[-77.436101635679321,37.54953053274653],[-77.43614517522451,37.549483272005183],[-77.435848031393135,37.549303579353449]]]},"properties":{"OBJECTID":141,"Address":"746 N 2nd Street","ID":null,"Address_1":"746 N 2nd Street","Name":"Watkins B C, Stovall Joseph, Brown Sydney, Duncan Samuel","Business_Type":"n/a","Identification":"Residential","ID2level":"Residential","Notes":null,"Shape_Length":100.03238890663201,"Shape_Area":349.96777850177619}},{"type":"Feature","id":142,"geometry":{"type":"Polygon","coordinates":[[[-77.435802354755893,37.549353056606648],[-77.435748959793713,37.549409979978485],[-77.4360472103495,37.549588594803232],[-77.436101635679321,37.54953053274653],[-77.435802354755893,37.549353056606648]]]},"properties":{"OBJECTID":142,"Address":"748 N 2nd Street","ID":null,"Address_1":"748 N 2nd Street","Name":"Johnson W A","Business_Type":"n/a","Identification":"Residential","ID2level":"Residential","Notes":null,"Shape_Length":103.33025905778123,"Shape_Area":418.50272357029894}},{"type":"Feature","id":143,"geometry":{"type":"Polygon","coordinates":[[[-77.4360472103495,37.549588594803232],[-77.435748959793713,37.549409979978485],[-77.435719841802097,37.549438552396694],[-77.435920841643551,37.549559425612159],[-77.4360472103495,37.549588594803232]]]},"properties":{"OBJECTID":143,"Address":"750 N 2nd Street","ID":null,"Address_1":"750 N 2nd Street","Name":"Jackson James, Lipscomb Samuel","Business_Type":"n/a","Identification":"Residential","ID2level":"Residential","Notes":null,"Shape_Length":89.501070471671966,"Shape_Area":180.79598162114604}},{"type":"Feature","id":144,"geometry":{"type":"Polygon","coordinates":[[[-77.435920841643551,37.549559425612159],[-77.435719841802097,37.549438552396694],[-77.435672083768338,37.54949578337736],[-77.435920841643551,37.549559425612159]]]},"properties":{"OBJECTID":144,"Address":"752 N 2nd Street","ID":null,"Address_1":"752 N 2nd Street","Name":"Morgan A J","Business_Type":"n/a","Identification":"Residential","ID2level":"Residential","Notes":null,"Shape_Length":66.816387142372633,"Shape_Area":135.01410436109461}},{"type":"Feature","id":145,"geometry":{"type":"Polygon","coordinates":[[[-77.435502142279503,37.549677866444753],[-77.435883493287292,37.54979426020936],[-77.435984611248941,37.549686180036709],[-77.435590684725497,37.549576876134068],[-77.435502142279503,37.549677866444753]]]},"properties":{"OBJECTID":145,"Address":"800 N 2nd Street","ID":null,"Address_1":"800 N 2nd Street","Name":"Onesty john, Onesty Sebastiano, Onesty John","Business_Type":"n/a","Identification":"Residential","ID2level":"Residential","Notes":null,"Shape_Length":128.11211536692937,"Shape_Area":800.63270599643431}},{"type":"Feature","id":146,"geometry":{"type":"Polygon","coordinates":[[[-77.435883493287292,37.54979426020936],[-77.435502142279503,37.549677866444753],[-77.435428892752924,37.549752607547781],[-77.435819142471914,37.549861448971534],[-77.435883493287292,37.54979426020936]]]},"properties":{"OBJECTID":146,"Address":"802 N 2nd Street","ID":null,"Address_1":"802 N 2nd Street","Name":"Ross Peter, Brown E W, Bagley Ellis, Goode Robert","Business_Type":"n/a","Identification":"Residential","ID2level":"Residential","Notes":null,"Shape_Length":116.67619841172318,"Shape_Area":549.03397393895489}},{"type":"Feature","id":147,"geometry":{"type":"Polygon","coordinates":[[[-77.435819142471914,37.549861448971534],[-77.435428892752924,37.549752607547781],[-77.435370408834672,37.549814006115341],[-77.435753630134883,37.549928379855125],[-77.435819142471914,37.549861448971534]]]},"properties":{"OBJECTID":147,"Address":"804 N 2nd Street","ID":null,"Address_1":"804 N 2nd Street","Name":"Jackson Junius, Dismond Lucius, Dismond Robert, Smith Michael","Business_Type":"n/a","Identification":"Residential","ID2level":"Residential","Notes":null,"Shape_Length":114.33307810965275,"Shape_Area":496.0140794965003}},{"type":"Feature","id":148,"geometry":{"type":"Polygon","coordinates":[[[-77.435370408834672,37.549814006115341],[-77.435332472980235,37.54985526845406],[-77.435719022538549,37.549967272626986],[-77.435753630134883,37.549928379855125],[-77.435370408834672,37.549814006115341]]]},"properties":{"OBJECTID":148,"Address":"806 N 2nd Street","ID":null,"Address_1":"806 N 2nd Street","Name":"Johnson W H","Business_Type":"n/a","Identification":"Residential","ID2level":"Residential","Notes":null,"Shape_Length":105.24919337873513,"Shape_Area":305.27188424424162}},{"type":"Feature","id":149,"geometry":{"type":"Polygon","coordinates":[[[-77.435332472980235,37.54985526845406],[-77.435266336314058,37.549927578624889],[-77.435652047744227,37.550036016685873],[-77.435719022538549,37.549967272626986],[-77.435332472980235,37.54985526845406]]]},"properties":{"OBJECTID":149,"Address":"808 N 2nd Street","ID":null,"Address_1":"808 N 2nd Street","Name":"Street George, Bowles Charles, Bowles Fleming, Crawley Preston, White W J","Business_Type":"n/a","Identification":"Residential","ID2level":"Residential","Notes":null,"Shape_Length":116.1088973202277,"Shape_Area":540.31530276581668}},{"type":"Feature","id":150,"geometry":{"type":"Polygon","coordinates":[[[-77.435266336314058,37.549927578624889],[-77.435220495285108,37.549976842514837],[-77.435604011232726,37.550089408433358],[-77.435652047744227,37.550036016685873],[-77.435266336314058,37.549927578624889]]]},"properties":{"OBJECTID":150,"Address":"812 N 2nd Street","ID":null,"Address_1":"812 N 2nd Street","Name":"Melton M J Mrs, Melton J B","Business_Type":"n/a","Identification":"Residential","ID2level":"Residential","Notes":null,"Shape_Length":108.88554055939045,"Shape_Area":389.63501413925985}},{"type":"Feature","id":151,"geometry":{"type":"Polygon","coordinates":[[[-77.435220495285108,37.549976842514837],[-77.435178399332585,37.550019999225412],[-77.435565466320526,37.550128693544892],[-77.435604011232726,37.550089408433358],[-77.435220495285108,37.549976842514837]]]},"properties":{"OBJECTID":151,"Address":"814 N 2nd Street","ID":null,"Address_1":"814 N 2nd Street","Name":"Lee Syphax, Chiles G H, Johnson H R","Business_Type":"n/a","Identification":"Residential","ID2level":"Residential","Notes":null,"Shape_Length":105.8841579328473,"Shape_Area":317.96268453644063}},{"type":"Feature","id":152,"geometry":{"type":"Polygon","coordinates":[[[-77.435178399332585,37.550019999225412],[-77.435134709768747,37.550070048614508],[-77.435517064194698,37.550180123821143],[-77.435565466320526,37.550128693544892],[-77.435178399332585,37.550019999225412]]]},"properties":{"OBJECTID":152,"Address":"816 N 2nd Street","ID":null,"Address_1":"816 N 2nd Street","Name":"Leftwich Booker","Business_Type":"n/a","Identification":"Residential","ID2level":"Residential","Notes":null,"Shape_Length":108.54999113694952,"Shape_Area":383.83135656733521}},{"type":"Feature","id":153,"geometry":{"type":"Polygon","coordinates":[[[-77.435134709768747,37.550070048614508],[-77.435085985147722,37.550122553645139],[-77.435474236115212,37.550227306490655],[-77.435517064194698,37.550180123821143],[-77.435134709768747,37.550070048614508]]]},"properties":{"OBJECTID":153,"Address":"818 N 2nd Street","ID":null,"Address_1":"818 N 2nd Street","Name":"Fox John","Business_Type":"n/a","Identification":"Residential","ID2level":"Residential","Notes":null,"Shape_Length":108.2514251891519,"Shape_Area":377.03430776532571}},{"type":"Feature","id":154,"geometry":{"type":"Polygon","coordinates":[[[-77.435085985147722,37.550122553645139],[-77.435036141225865,37.550175604185711],[-77.43542684459409,37.550278549389873],[-77.435474236115212,37.550227306490655],[-77.435085985147722,37.550122553645139]]]},"properties":{"OBJECTID":154,"Address":"820 N 2nd Street","ID":null,"Address_1":"820 N 2nd Street","Name":"Frazier Edward, Graham Thomas","Business_Type":"n/a","Identification":"Residential","ID2level":"Residential","Notes":null,"Shape_Length":109.69611930701893,"Shape_Area":396.36722006872969}},{"type":"Feature","id":155,"geometry":{"type":"Polygon","coordinates":[[[-77.435036141225865,37.550175604185711],[-77.435004632817282,37.550210539122666],[-77.435395573340728,37.550314286216761],[-77.43542684459409,37.550278549389873],[-77.435036141225865,37.550175604185711]]]},"properties":{"OBJECTID":155,"Address":"822 N 2nd Street","ID":null,"Address_1":"822 N 2nd Street","Name":"Curtis William, Banks John","Business_Type":"n/a","Identification":"Residential","ID2level":"Residential","Notes":null,"Shape_Length":103.86180586975884,"Shape_Area":266.56060360945412}},{"type":"Feature","id":156,"geometry":{"type":"Polygon","coordinates":[[[-77.435004632817282,37.550210539122666],[-77.434973340004362,37.550244757568407],[-77.435360902862342,37.550348623552381],[-77.435395573340728,37.550314286216761],[-77.435004632817282,37.550210539122666]]]},"properties":{"OBJECTID":156,"Address":"824 N 2nd Street","ID":null,"Address_1":"824 N 2nd Street","Name":"O'Neill Henry","Business_Type":"n/a","Identification":"Residential","ID2level":"Residential","Notes":null,"Shape_Length":103.54449674540074,"Shape_Area":262.06514500710637}},{"type":"Feature","id":157,"geometry":{"type":"Polygon","coordinates":[[[-77.434822602699697,37.550367598710665],[-77.434709446414928,37.550483460097517],[-77.434957058039828,37.550553297617448],[-77.435070315834238,37.550432131875191],[-77.434822602699697,37.550367598710665]]]},"properties":{"OBJECTID":157,"Address":"900 N 2nd Street","ID":null,"Address_1":"900 N 2nd Street","Name":"Waldbauer Fred, Waldbauer Albert, Waldbauer Adolphus","Business_Type":"n/a","Identification":"Residential","ID2level":"Residential","Notes":null,"Shape_Length":100.03230072456209,"Shape_Area":577.65514289142141}},{"type":"Feature","id":158,"geometry":{"type":"Polygon","coordinates":[[[-77.434709446414928,37.550483460097517],[-77.434638492083891,37.550558195407412],[-77.435063181414236,37.550676857570664],[-77.435131479426985,37.550601029155551],[-77.434957058039828,37.550553297617448],[-77.434709446414928,37.550483460097517]]]},"properties":{"OBJECTID":158,"Address":"904 N 2nd Street","ID":null,"Address_1":"904 N 2nd Street","Name":"Lewis Edwin","Business_Type":"n/a","Identification":"Residential","ID2level":"Residential","Notes":null,"Shape_Length":126.14021372261827,"Shape_Area":623.87546584147481}},{"type":"Feature","id":159,"geometry":{"type":"Polygon","coordinates":[[[-77.435063181414236,37.550676857570664],[-77.434638492083891,37.550558195407412],[-77.434592018640984,37.550608569909599],[-77.434663357450958,37.550649254216125],[-77.434999524098274,37.550744690075327],[-77.435063181414236,37.550676857570664]]]},"properties":{"OBJECTID":159,"Address":"906 N 2nd Street","ID":null,"Address_1":"906 N 2nd Street","Name":"Warren William","Business_Type":"n/a","Identification":"Residential","ID2level":"Residential","Notes":null,"Shape_Length":120.29211328391038,"Shape_Area":547.71908635018838}},{"type":"Feature","id":160,"geometry":{"type":"Polygon","coordinates":[[[-77.434999524098274,37.550744690075327],[-77.434663357450958,37.550649254216125],[-77.434592018640984,37.550608569909599],[-77.434522140491666,37.550684691742397],[-77.434943701888187,37.550806312167438],[-77.434999524098274,37.550744690075327]]]},"properties":{"OBJECTID":160,"Address":"908 N 2nd Street","ID":null,"Address_1":"908 N 2nd Street","Name":"Fisher J A, Steinmetz Gustave","Business_Type":"n/a","Identification":"Residential","ID2level":"Residential","Notes":null,"Shape_Length":123.34176592743526,"Shape_Area":519.1654724338814}},{"type":"Feature","id":161,"geometry":{"type":"Polygon","coordinates":[[[-77.434943701888187,37.550806312167438],[-77.434522140491666,37.550684691742397],[-77.434453440033678,37.550756894991245],[-77.434877960480762,37.550876116623897],[-77.434943701888187,37.550806312167438]]]},"properties":{"OBJECTID":161,"Address":"910 N 2nd Street","ID":null,"Address_1":"910 N 2nd Street","Name":"Fisher Cath Mrs, Fisher D B","Business_Type":"n/a","Identification":"Residential","ID2level":"Residential","Notes":null,"Shape_Length":125.00441507148435,"Shape_Area":596.02564843849336}},{"type":"Feature","id":162,"geometry":{"type":"Polygon","coordinates":[[[-77.434877960480762,37.550876116623897],[-77.434453440033678,37.550756894991245],[-77.434405923646722,37.550808255038724],[-77.434828326764674,37.550927077047803],[-77.434877960480762,37.550876116623897]]]},"properties":{"OBJECTID":162,"Address":"914 N 2nd Street","ID":null,"Address_1":"914 N 2nd Street","Name":"Demling J G","Business_Type":"n/a","Identification":"Residential","ID2level":"Residential","Notes":null,"Shape_Length":118.0122669675618,"Shape_Area":428.99196323435228}},{"type":"Feature","id":163,"geometry":{"type":"Polygon","coordinates":[[[-77.434828326764674,37.550927077047803],[-77.434405923646722,37.550808255038724],[-77.434344520203794,37.5508735555686],[-77.434767763246541,37.550989577837079],[-77.434828326764674,37.550927077047803]]]},"properties":{"OBJECTID":163,"Address":"918 N 2nd Street","ID":null,"Address_1":"918 N 2nd Street","Name":"Keith J G","Business_Type":"n/a","Identification":"Residential","ID2level":"Residential","Notes":null,"Shape_Length":122.24884718366815,"Shape_Area":534.24145601989767}},{"type":"Feature","id":164,"geometry":{"type":"Polygon","coordinates":[[[-77.434767763246541,37.550989577837079],[-77.434344520203794,37.5508735555686],[-77.434274978024391,37.550948556848176],[-77.43469576686978,37.551065299027819],[-77.434767763246541,37.550989577837079]]]},"properties":{"OBJECTID":164,"Address":"920 N 2nd Street","ID":null,"Address_1":"920 N 2nd Street","Name":"Carter Alfred, Taylor Randolph, Hardy Robert","Business_Type":"n/a","Identification":"Residential","ID2level":"Residential","Notes":null,"Shape_Length":125.86410976252765,"Shape_Area":625.84356004947426}},{"type":"Feature","id":165,"geometry":{"type":"Polygon","coordinates":[[[-77.43469576686978,37.551065299027819],[-77.434274978024391,37.550948556848176],[-77.434241855343231,37.550984299051414],[-77.434663518249394,37.551100614571212],[-77.43469576686978,37.551065299027819]]]},"properties":{"OBJECTID":165,"Address":"922 N 2nd Street","ID":null,"Address_1":"922 N 2nd Street","Name":"Parham Abram, Banks James","Business_Type":"n/a","Identification":"Residential","ID2level":"Residential","Notes":null,"Shape_Length":111.67597622697971,"Shape_Area":293.45481438529447}},{"type":"Feature","id":166,"geometry":{"type":"Polygon","coordinates":[[[-77.434663518249394,37.551100614571212],[-77.434241855343231,37.550984299051414],[-77.434208428133189,37.551023532413325],[-77.434630563553185,37.551135796205536],[-77.434663518249394,37.551100614571212]]]},"properties":{"OBJECTID":166,"Address":"924 N 2nd Street","ID":null,"Address_1":"924 N 2nd Street","Name":"Diamond Mary Mrs, Diamond David, Johnson Sophia Mrs","Business_Type":"n/a","Identification":"Residential","ID2level":"Residential","Notes":null,"Shape_Length":112.06557276149368,"Shape_Area":304.65721999811825}},{"type":"Feature","id":167,"geometry":{"type":"Polygon","coordinates":[[[-77.434566736455622,37.551216609422937],[-77.434131219731157,37.551104184084522],[-77.434093556964555,37.551142617590571],[-77.434448971813467,37.551342837568789],[-77.434566736455622,37.551216609422937]]]},"properties":{"OBJECTID":167,"Address":"1000 N 2nd Street","ID":null,"Address_1":"1000 N 2nd Street","Name":"Taylor Clement, Burney Harvey","Business_Type":"n/a","Identification":"Residential","ID2level":"Residential","Notes":null,"Shape_Length":128.40144551950971,"Shape_Area":698.80148449658111}},{"type":"Feature","id":168,"geometry":{"type":"Polygon","coordinates":[[[-77.434448971813467,37.551342837568789],[-77.434093556964555,37.551142617590571],[-77.434055928333947,37.551183423390462],[-77.43440676985972,37.551383962320486],[-77.434448971813467,37.551342837568789]]]},"properties":{"OBJECTID":168,"Address":"1002 N 2nd Street","ID":null,"Address_1":"1002 N 2nd Street","Name":"Taylor Philip, Taylor Armistead, Banks Edward, Townes Joseph","Business_Type":"n/a","Identification":"Residential","ID2level":"Residential","Notes":null,"Shape_Length":111.22493972042629,"Shape_Area":351.12772573499086}},{"type":"Feature","id":169,"geometry":{"type":"Polygon","coordinates":[[[-77.43440676985972,37.551383962320486],[-77.434055928333947,37.551183423390462],[-77.43401678514374,37.551229266503576],[-77.434366182178564,37.551427166645261],[-77.43440676985972,37.551383962320486]]]},"properties":{"OBJECTID":169,"Address":"1004 N 2nd Street","ID":null,"Address_1":"1004 N 2nd Street","Name":"Randolph Isaac, Ncholas G W","Business_Type":"n/a","Identification":"Residential","ID2level":"Residential","Notes":null,"Shape_Length":111.28596980282879,"Shape_Area":367.79615406770517}},{"type":"Feature","id":170,"geometry":{"type":"Polygon","coordinates":[[[-77.434366182178564,37.551427166645261],[-77.43401678514374,37.551229266503576],[-77.433985545331424,37.551261223272412],[-77.434335648442058,37.551459256508743],[-77.434366182178564,37.551427166645261]]]},"properties":{"OBJECTID":170,"Address":"1008 N 2nd Street","ID":null,"Address_1":"1008 N 2nd Street","Name":"Tinsley Samuel","Business_Type":"n/a","Identification":"Residential","ID2level":"Residential","Notes":null,"Shape_Length":106.9979994364538,"Shape_Area":270.63869350508338}},{"type":"Feature","id":171,"geometry":{"type":"Polygon","coordinates":[[[-77.434335648442058,37.551459256508743],[-77.433985545331424,37.551261223272412],[-77.433944619883704,37.551305547233277],[-77.434295765938387,37.551502594681502],[-77.434335648442058,37.551459256508743]]]},"properties":{"OBJECTID":171,"Address":"1010 N 2nd Street","ID":null,"Address_1":"1010 N 2nd Street","Name":"Taylor Peter","Business_Type":"n/a","Identification":"Residential","ID2level":"Residential","Notes":null,"Shape_Length":111.01180451119272,"Shape_Area":364.96863228247764}},{"type":"Feature","id":172,"geometry":{"type":"Polygon","coordinates":[[[-77.434295765938387,37.551502594681502],[-77.433944619883704,37.551305547233277],[-77.433906486399906,37.55134803229052],[-77.4342528911465,37.551545958467827],[-77.434295765938387,37.551502594681502]]]},"properties":{"OBJECTID":172,"Address":"1012 N 2nd Street","ID":null,"Address_1":"1012 N 2nd Street","Name":"Foster R J, Jamieson Elijah, Jamieson Alex","Business_Type":"n/a","Identification":"Residential","ID2level":"Residential","Notes":null,"Shape_Length":110.48106783998718,"Shape_Area":359.03471361362693}},{"type":"Feature","id":173,"geometry":{"type":"Polygon","coordinates":[[[-77.4342528911465,37.551545958467827],[-77.433906486399906,37.55134803229052],[-77.43386643591127,37.551391929597578],[-77.434213344612758,37.551588176317232],[-77.4342528911465,37.551545958467827]]]},"properties":{"OBJECTID":173,"Address":"1014 N 2nd Street","ID":null,"Address_1":"1014 N 2nd Street","Name":"Taylor Wallace","Business_Type":"n/a","Identification":"Residential","ID2level":"Residential","Notes":null,"Shape_Length":109.96428802553875,"Shape_Area":355.9077106310346}},{"type":"Feature","id":174,"geometry":{"type":"Polygon","coordinates":[[[-77.434213344612758,37.551588176317232],[-77.43386643591127,37.551391929597578],[-77.433829479220492,37.551430496134792],[-77.434175144653608,37.551625916614384],[-77.434213344612758,37.551588176317232]]]},"properties":{"OBJECTID":174,"Address":"1016 N 2nd Street","ID":null,"Address_1":"1016 N 2nd Street","Name":"Lipscomb Sarah E","Business_Type":"n/a","Identification":"Residential","ID2level":"Residential","Notes":null,"Shape_Length":108.29663911501582,"Shape_Area":321.53914774973043}},{"type":"Feature","id":175,"geometry":{"type":"Polygon","coordinates":[[[-77.434175144653608,37.551625916614384],[-77.433829479220492,37.551430496134792],[-77.433769253468881,37.551487995505916],[-77.434110741735935,37.551693902800068],[-77.434175144653608,37.551625916614384]]]},"properties":{"OBJECTID":175,"Address":"1018 N 2nd Street","ID":null,"Address_1":"1018 N 2nd Street","Name":"Yancey Spencer, Morris Lucian","Business_Type":"n/a","Identification":"Residential","ID2level":"Residential","Notes":null,"Shape_Length":117.45317263342122,"Shape_Area":532.39741993020709}},{"type":"Feature","id":176,"geometry":{"type":"Polygon","coordinates":[[[-77.434110741735935,37.551693902800068],[-77.433769253468881,37.551487995505916],[-77.433691489009675,37.551572201921651],[-77.434038548628124,37.551763448613485],[-77.434110741735935,37.551693902800068]]]},"properties":{"OBJECTID":176,"Address":"1020 N 2nd Street","ID":null,"Address_1":"1020 N 2nd Street","Name":"Pleasants Lewis, Banks Jackson","Business_Type":"n/a","Identification":"Residential","ID2level":"Residential","Notes":null,"Shape_Length":122.11065741897497,"Shape_Area":646.41231369554873}},{"type":"Feature","id":177,"geometry":{"type":"Polygon","coordinates":[[[-77.434038548628124,37.551763448613485],[-77.433691489009675,37.551572201921651],[-77.433532178183953,37.55174544523399],[-77.433642651200955,37.55177740178155],[-77.433702602068067,37.551717558112401],[-77.433974288542601,37.551829872136672],[-77.434038548628124,37.551763448613485]]]},"properties":{"OBJECTID":177,"Address":"1022 N 2nd Street","ID":null,"Address_1":"1022 N 2nd Street","Name":"Moore Harrison, Hobson Barlow","Business_Type":"n/a","Identification":"Residential","ID2level":"Residential","Notes":null,"Shape_Length":146.83826481852748,"Shape_Area":837.76010108394485}},{"type":"Feature","id":178,"geometry":{"type":"Polygon","coordinates":[[[-77.433974288542601,37.551829872136672],[-77.433702602068067,37.551717558112401],[-77.433642651200955,37.55177740178155],[-77.433948542826542,37.551857357543213],[-77.433974288542601,37.551829872136672]]]},"properties":{"OBJECTID":178,"Address":"1024 N 2nd Street","ID":null,"Address_1":"1024 N 2nd Street","Name":"Dorsey Daniel, Dorsey W S","Business_Type":"n/a","Identification":"Residential","ID2level":"Residential","Notes":null,"Shape_Length":85.501047635744186,"Shape_Area":261.48613439470671}},{"type":"Feature","id":179,"geometry":{"type":"Polygon","coordinates":[[[-77.433464720994309,37.551820026870551],[-77.433428403904003,37.55185398178061],[-77.433661077444071,37.551988428885963],[-77.43374830745141,37.551894291509747],[-77.433464720994309,37.551820026870551]]]},"properties":{"OBJECTID":179,"Address":"1100 N 2nd Street","ID":null,"Address_1":"1100 N 2nd Street","Name":"Lee Alfred, Dickinson John","Business_Type":"n/a","Identification":"Residential","ID2level":"Residential","Notes":null,"Shape_Length":87.949625726994995,"Shape_Area":359.17221421482435}},{"type":"Feature","id":180,"geometry":{"type":"Polygon","coordinates":[[[-77.433661077444071,37.551988428885963],[-77.433428403904003,37.55185398178061],[-77.433390237182522,37.551894094234271],[-77.433631853451232,37.552026089215794],[-77.433661077444071,37.551988428885963]]]},"properties":{"OBJECTID":180,"Address":"1102 N 2nd Street","ID":null,"Address_1":"1102 N 2nd Street","Name":"Goode W S, Goode J R, Goode C S","Business_Type":"n/a","Identification":"Residential","ID2level":"Residential","Notes":null,"Shape_Length":77.978262162795659,"Shape_Area":214.30676407553813}},{"type":"Feature","id":181,"geometry":{"type":"Polygon","coordinates":[[[-77.433631853451232,37.552026089215794],[-77.433390237182522,37.551894094234271],[-77.433357449572981,37.551928715716251],[-77.433596981750227,37.552062683386815],[-77.433631853451232,37.552026089215794]]]},"properties":{"OBJECTID":181,"Address":"1104 N 2nd Street","ID":null,"Address_1":"1104 N 2nd Street","Name":"Ellis William","Business_Type":"n/a","Identification":"Residential","ID2level":"Residential","Notes":null,"Shape_Length":77.814671727601365,"Shape_Area":204.21565844157988}},{"type":"Feature","id":182,"geometry":{"type":"Polygon","coordinates":[[[-77.433357449572981,37.551928715716251],[-77.433299695086717,37.551991108125684],[-77.433702099909837,37.552219294669833],[-77.433766587269133,37.552156234423471],[-77.433596981750227,37.552062683386815],[-77.433357449572981,37.551928715716251]]]},"properties":{"OBJECTID":182,"Address":"1106 N 2nd Street","ID":null,"Address_1":"1106 N 2nd Street","Name":"Jones Moses","Business_Type":"n/a","Identification":"Residential","ID2level":"Residential","Notes":null,"Shape_Length":132.97272703987309,"Shape_Area":613.07638047819751}},{"type":"Feature","id":183,"geometry":{"type":"Polygon","coordinates":[[[-77.433299695086717,37.551991108125684],[-77.433229544747874,37.552067049075966],[-77.433630833863376,37.552294751816063],[-77.433702099909837,37.552219294669833],[-77.433299695086717,37.551991108125684]]]},"properties":{"OBJECTID":183,"Address":"1108 N 2nd Street","ID":null,"Address_1":"1108 N 2nd Street","Name":"Wells James, Wells William, Wells Joseph","Business_Type":"n/a","Identification":"Residential","ID2level":"Residential","Notes":null,"Shape_Length":136.46185050879311,"Shape_Area":727.40718786583807}},{"type":"Feature","id":184,"geometry":{"type":"Polygon","coordinates":[[[-77.433229544747874,37.552067049075966],[-77.433165291848852,37.552136456377582],[-77.433566304283261,37.552364000801347],[-77.433630833863376,37.552294751816063],[-77.433229544747874,37.552067049075966]]]},"properties":{"OBJECTID":184,"Address":"1110 N 2nd Street","ID":null,"Address_1":"1110 N 2nd Street","Name":"Woodson J E, Woodson Levi","Business_Type":"n/a","Identification":"Residential","ID2level":"Residential","Notes":null,"Shape_Length":134.008349335378,"Shape_Area":663.80663934365361}},{"type":"Feature","id":185,"geometry":{"type":"Polygon","coordinates":[[[-77.433165291848852,37.552136456377582],[-77.433136431673717,37.552167348043533],[-77.43353808999683,37.552392743010508],[-77.433566304283261,37.552364000801347],[-77.433165291848852,37.552136456377582]]]},"properties":{"OBJECTID":185,"Address":"1112 N 2nd Street","ID":null,"Address_1":"1112 N 2nd Street","Name":"Scott C C, Taylor Henderson","Business_Type":"n/a","Identification":"Residential","ID2level":"Residential","Notes":null,"Shape_Length":120.18775633490661,"Shape_Area":288.06563704204825}},{"type":"Feature","id":186,"geometry":{"type":"Polygon","coordinates":[[[-77.433136431673717,37.552167348043533],[-77.433071350528024,37.552234554607601],[-77.433470232158584,37.552462832277627],[-77.43353808999683,37.552392743010508],[-77.433136431673717,37.552167348043533]]]},"properties":{"OBJECTID":186,"Address":"1114 N 2nd Street","ID":null,"Address_1":"1114 N 2nd Street","Name":"Forrester Richard, Reid C B","Business_Type":"n/a","Identification":"Residential","ID2level":"Residential","Notes":null,"Shape_Length":133.84683943586884,"Shape_Area":665.17352881208285}},{"type":"Feature","id":187,"geometry":{"type":"Polygon","coordinates":[[[-77.433071350528024,37.552234554607601],[-77.433014340745146,37.552290793508334],[-77.433458094122443,37.552473032836822],[-77.433470232158584,37.552462832277627],[-77.433071350528024,37.552234554607601]]]},"properties":{"OBJECTID":187,"Address":"1116 N 2nd Street","ID":null,"Address_1":"1116 N 2nd Street","Name":"Wilson J A","Business_Type":"n/a","Identification":"Residential","ID2level":"Residential","Notes":null,"Shape_Length":122.4962877090247,"Shape_Area":329.69422337029738}},{"type":"Feature","id":188,"geometry":{"type":"Polygon","coordinates":[[[-77.433014340745146,37.552290793508334],[-77.432960040281174,37.552349933794055],[-77.433311500746186,37.552471632690349],[-77.433351810847938,37.55242938471762],[-77.433014340745146,37.552290793508334]]]},"properties":{"OBJECTID":188,"Address":"1120 N 2nd Street","ID":null,"Address_1":"1120 N 2nd Street","Name":"Bowler P T","Business_Type":"n/a","Identification":"Residential","ID2level":"Residential","Notes":null,"Shape_Length":102.71083277937016,"Shape_Area":369.1821183512202}},{"type":"Feature","id":189,"geometry":{"type":"Polygon","coordinates":[[[-77.432960040281174,37.552349933794055],[-77.4329141040308,37.552401000037399],[-77.433272525540971,37.552514241002164],[-77.433311500746186,37.552471632690349],[-77.432960040281174,37.552349933794055]]]},"properties":{"OBJECTID":189,"Address":"1122 N 2nd Street","ID":null,"Address_1":"1122 N 2nd Street","Name":"Rooney James ","Business_Type":"n/a","Identification":"Residential","ID2level":"Residential","Notes":null,"Shape_Length":101.84175645141548,"Shape_Area":337.8086412848271}},{"type":"Feature","id":190,"geometry":{"type":"Polygon","coordinates":[[[-77.4329141040308,37.552401000037399],[-77.432865143152867,37.552449720323111],[-77.433238191930798,37.552551527884198],[-77.433272525540971,37.552514241002164],[-77.4329141040308,37.552401000037399]]]},"properties":{"OBJECTID":190,"Address":"1124 N 2nd Street","ID":null,"Address_1":"1124 N 2nd Street","Name":"Walker Daniel, Foster Creed, Johnson William","Business_Type":"n/a","Identification":"Residential","ID2level":"Residential","Notes":null,"Shape_Length":102.09905669988196,"Shape_Area":315.83615424759284}},{"type":"Feature","id":191,"geometry":{"type":"Polygon","coordinates":[[[-77.432794120549886,37.552532130247165],[-77.432759450071487,37.552570536666245],[-77.433115217958289,37.552670263789139],[-77.433153721547995,37.552629032208138],[-77.432794120549886,37.552532130247165]]]},"properties":{"OBJECTID":191,"Address":"1200 N 2nd Street","ID":null,"Address_1":"1200 N 2nd Street","Name":"Vaughan A J","Business_Type":"n/a","Identification":"Residential","ID2level":"Residential","Notes":null,"Shape_Length":98.121485994465957,"Shape_Area":278.84889354048244}},{"type":"Feature","id":192,"geometry":{"type":"Polygon","coordinates":[[[-77.432759450071487,37.552570536666245],[-77.432720324847608,37.552612434166875],[-77.433076018174248,37.552713582028844],[-77.433115217958289,37.552670263789139],[-77.432759450071487,37.552570536666245]]]},"properties":{"OBJECTID":192,"Address":"1202 N 2nd Street","ID":null,"Address_1":"1202 N 2nd Street","Name":"Mosby Beverley","Business_Type":"n/a","Identification":"Residential","ID2level":"Residential","Notes":null,"Shape_Length":98.878022278454509,"Shape_Area":298.39748381550277}},{"type":"Feature","id":193,"geometry":{"type":"Polygon","coordinates":[[[-77.432720324847608,37.552612434166875],[-77.432675248284966,37.552654597998774],[-77.433037908046629,37.552756217977254],[-77.433076018174248,37.552713582028844],[-77.432720324847608,37.552612434166875]]]},"properties":{"OBJECTID":193,"Address":"1204 N 2nd Street","ID":null,"Address_1":"1204 N 2nd Street","Name":"Johnson Spencer","Business_Type":"n/a","Identification":"Residential","ID2level":"Residential","Notes":null,"Shape_Length":99.982568302914657,"Shape_Area":303.95653125911895}},{"type":"Feature","id":194,"geometry":{"type":"Polygon","coordinates":[[[-77.432675248284966,37.552654597998774],[-77.432635902973843,37.552698627713603],[-77.432998731618767,37.552799687860755],[-77.433037908046629,37.552756217977254],[-77.432675248284966,37.552654597998774]]]},"properties":{"OBJECTID":194,"Address":"1206 N 2nd Street","ID":null,"Address_1":"1206 N 2nd Street","Name":"Holmes J A","Business_Type":"n/a","Identification":"Residential","ID2level":"Residential","Notes":null,"Shape_Length":100.70703695915772,"Shape_Area":310.25191637828129}},{"type":"Feature","id":195,"geometry":{"type":"Polygon","coordinates":[[[-77.432635902973843,37.552698627713603],[-77.432560793036288,37.552776764298137],[-77.43303941362305,37.552914481475824],[-77.433114564883084,37.552831051425109],[-77.432998731618767,37.552799687860755],[-77.432635902973843,37.552698627713603]]]},"properties":{"OBJECTID":195,"Address":"1208 N 2nd Street","ID":null,"Address_1":"1208 N 2nd Street","Name":"Ross Cornelins, Ferguson William, Ferguson W J","Business_Type":"n/a","Identification":"Residential","ID2level":"Residential","Notes":null,"Shape_Length":141.30599582585839,"Shape_Area":760.45586789792264}},{"type":"Feature","id":196,"geometry":{"type":"Polygon","coordinates":[[[-77.432560793036288,37.552776764298137],[-77.432485286043416,37.552854730590511],[-77.432969146503211,37.55298752221929],[-77.43303941362305,37.552914481475824],[-77.432560793036288,37.552776764298137]]]},"properties":{"OBJECTID":196,"Address":"1210 N 2nd Street","ID":null,"Address_1":"1210 N 2nd Street","Name":"Brown R H","Business_Type":"n/a","Identification":"Residential","ID2level":"Residential","Notes":null,"Shape_Length":140.38030185937043,"Shape_Area":722.04770437758032}},{"type":"Feature","id":197,"geometry":{"type":"Polygon","coordinates":[[[-77.432485286043416,37.552854730590511],[-77.432432927737068,37.552912273017718],[-77.432914333999506,37.553045783840567],[-77.432969146503211,37.55298752221929],[-77.432485286043416,37.552854730590511]]]},"properties":{"OBJECTID":197,"Address":"1212 N 2nd Street","ID":null,"Address_1":"1212 N 2nd Street","Name":"n/a","Business_Type":"n/a","Identification":"n/a","ID2level":null,"Notes":"blank","Shape_Length":133.94182759520018,"Shape_Area":548.33845840451738}},{"type":"Feature","id":198,"geometry":{"type":"Polygon","coordinates":[[[-77.432432927737068,37.552912273017718],[-77.432397383197895,37.552951105834168],[-77.432877882161904,37.55308267092682],[-77.432914333999506,37.553045783840567],[-77.432432927737068,37.552912273017718]]]},"properties":{"OBJECTID":198,"Address":"1214 N 2nd Street","ID":null,"Address_1":"1214 N 2nd Street","Name":"Anthony James","Business_Type":"n/a","Identification":"Residential","ID2level":"Residential","Notes":null,"Shape_Length":126.68035921546718,"Shape_Area":359.19785981650062}},{"type":"Feature","id":199,"geometry":{"type":"Polygon","coordinates":[[[-77.432397383197895,37.552951105834168],[-77.432363569712294,37.552981794904596],[-77.432844148626373,37.553114581321772],[-77.432877882161904,37.55308267092682],[-77.432397383197895,37.552951105834168]]]},"properties":{"OBJECTID":199,"Address":"1218 N 2nd Street","ID":null,"Address_1":"1218 N 2nd Street","Name":"Cross John, Page Henry","Business_Type":"n/a","Identification":"Residential","ID2level":"Residential","Notes":null,"Shape_Length":124.81096128923946,"Shape_Area":304.87763448135149}},{"type":"Feature","id":200,"geometry":{"type":"Polygon","coordinates":[[[-77.432363569712294,37.552981794904596],[-77.432333417759779,37.553016984909242],[-77.43281431916904,37.553148696593389],[-77.432844148626373,37.553114581321772],[-77.432363569712294,37.552981794904596]]]},"properties":{"OBJECTID":200,"Address":"1220 N 2nd Street","ID":null,"Address_1":"1220 N 2nd Street","Name":"Jones A A, Fox W B","Business_Type":"n/a","Identification":"Residential","ID2level":"Residential","Notes":null,"Shape_Length":125.09420732952643,"Shape_Area":322.39029964419706}},{"type":"Feature","id":201,"geometry":{"type":"Polygon","coordinates":[[[-77.432333417759779,37.553016984909242],[-77.432302899294626,37.553050212855702],[-77.432778916563691,37.55318705925211],[-77.43281431916904,37.553148696593389],[-77.432333417759779,37.553016984909242]]]},"properties":{"OBJECTID":201,"Address":"1222 N 2nd Street","ID":null,"Address_1":"1222 N 2nd Street","Name":"Carmichael Moses","Business_Type":"n/a","Identification":"Residential","ID2level":"Residential","Notes":null,"Shape_Length":125.45061082149086,"Shape_Area":336.88579969745257}},{"type":"Feature","id":202,"geometry":{"type":"Polygon","coordinates":[[[-77.432302899294626,37.553050212855702],[-77.432263191962448,37.553094954511188],[-77.432740757927064,37.55322982240866],[-77.432778916563691,37.55318705925211],[-77.432302899294626,37.553050212855702]]]},"properties":{"OBJECTID":202,"Address":"1224 N 2nd Street","ID":null,"Address_1":"1224 N 2nd Street","Name":"Strange J E, Johnson C A","Business_Type":"n/a","Identification":"Residential","ID2level":"Residential","Notes":null,"Shape_Length":127.83780834165401,"Shape_Area":408.75075250921429}},{"type":"Feature","id":203,"geometry":{"type":"Polygon","coordinates":[[[-77.432263191962448,37.553094954511188],[-77.432217394950939,37.553139303731911],[-77.432695736161648,37.553273181629152],[-77.432740757927064,37.55322982240866],[-77.432263191962448,37.553094954511188]]]},"properties":{"OBJECTID":203,"Address":"1226 N 2nd Street","ID":null,"Address_1":"1226 N 2nd Street","Name":"Perry T H","Business_Type":"n/a","Identification":"Residential","ID2level":"Residential","Notes":null,"Shape_Length":128.83793301984807,"Shape_Area":423.00593221796407}},{"type":"Feature","id":204,"geometry":{"type":"Polygon","coordinates":[[[-77.432217394950939,37.553139303731911],[-77.432178806021298,37.553183499809002],[-77.43265372644737,37.553314459857091],[-77.432695736161648,37.553273181629152],[-77.432217394950939,37.553139303731911]]]},"properties":{"OBJECTID":204,"Address":"1228 N 2nd Street","ID":null,"Address_1":"1228 N 2nd Street","Name":"Price W H","Business_Type":"n/a","Identification":"Residential","ID2level":"Residential","Notes":null,"Shape_Length":127.43915079376434,"Shape_Area":401.81317869193481}},{"type":"Feature","id":205,"geometry":null,"properties":{"OBJECTID":205,"Shape":null,"Address":null,"ID":null,"Address_1":null,"Name":null,"Business_Type":null,"Identification":null,"ID2level":null,"Notes":null,"Shape_Length":null,"Shape_Area":null}}]}