{"type": "FeatureCollection", "features": [{"type": "Feature", "geometry": {"type": "Point", "coordinates": [-77.437885, 37.546956]}, "properties": {"fid": 1, "img_url": "https://cdn.yesterdays.maprva.org/images/8840/original.jpg", "img_entry": "https://yesterdays.maprva.org/8840/", "date": "3/6/2003", "start": 2003, "end": 2003, "eras": [5], "direction": 333, "subjects": null}}, {"type": "Feature", "geometry": {"type": "Point", "coordinates": [-77.438221, 37.543409]}, "properties": {"fid": 2, "img_url": "https://cdn.yesterdays.maprva.org/images/7951/original.jpg", "img_entry": "https://yesterdays.maprva.org/7951/", "date": "2004", "start": 2004, "end": 2004, "eras": [5], "direction": 214, "subjects": null}}, {"type": "Feature", "geometry": {"type": "Point", "coordinates": [-77.435674, 37.547865]}, "properties": {"fid": 3, "img_url": "https://cdn.yesterdays.maprva.org/images/8068/original.jpg", "img_entry": "https://yesterdays.maprva.org/8068/", "date": "2004", "start": 2004, "end": 2004, "eras": [5], "direction": 67, "subjects": ["Q136417397"]}}, {"type": "Feature", "geometry": {"type": "Point", "coordinates": [-77.435871, 37.547714]}, "properties": {"fid": 4, "img_url": "https://cdn.yesterdays.maprva.org/images/8069/original.jpg", "img_entry": "https://yesterdays.maprva.org/8069/", "date": "2004", "start": 2004, "end": 2004, "eras": [5], "direction": 157, "subjects": ["Q136417397"]}}, {"type": "Feature", "geometry": {"type": "Point", "coordinates": [-77.435911, 37.547537]}, "properties": {"fid": 5, "img_url": "https://cdn.yesterdays.maprva.org/images/8067/original.jpg", "img_entry": "https://yesterdays.maprva.org/8067/", "date": "2004", "start": 2004, "end": 2004, "eras": [5], "direction": 41, "subjects": ["Q136417397"]}}, {"type": "Feature", "geometry": {"type": "Point", "coordinates": [-77.435495, 37.548724]}, "properties": {"fid": 6, "img_url": "https://cdn.yesterdays.maprva.org/images/8071/original.jpg", "img_entry": "https://yesterdays.maprva.org/8071/", "date": "2004", "start": 2004, "end": 2004, "eras": [5], "direction": 313, "subjects": ["Q136417397"]}}, {"type": "Feature", "geometry": {"type": "Point", "coordinates": [-77.436023, 37.547465]}, "properties": {"fid": 7, "img_url": "https://cdn.yesterdays.maprva.org/images/8078/original.jpg", "img_entry": "https://yesterdays.maprva.org/8078/", "date": "1982", "start": 1982, "end": 1982, "eras": [4], "direction": 331, "subjects": ["Q136417397"]}}, {"type": "Feature", "geometry": {"type": "Point", "coordinates": [-77.435966, 37.547513]}, "properties": {"fid": 8, "img_url": "https://cdn.yesterdays.maprva.org/images/8090/original.jpg", "img_entry": "https://yesterdays.maprva.org/8090/", "date": "2004", "start": 2004, "end": 2004, "eras": [5], "direction": 77, "subjects": ["Q136417397"]}}, {"type": "Feature", "geometry": {"type": "Point", "coordinates": [-77.43809, 37.543311]}, "properties": {"fid": 9, "img_url": "https://cdn.yesterdays.maprva.org/images/7826/original.jpg", "img_entry": "https://yesterdays.maprva.org/7826/", "date": "2004", "start": 2004, "end": 2004, "eras": [5], "direction": 73, "subjects": null}}, {"type": "Feature", "geometry": {"type": "Point", "coordinates": [-77.435943, 37.547571]}, "properties": {"fid": 10, "img_url": "https://cdn.yesterdays.maprva.org/images/8087/original.jpg", "img_entry": "https://yesterdays.maprva.org/8087/", "date": "2004", "start": 2004, "end": 2004, "eras": [5], "direction": 106, "subjects": ["Q136417397"]}}, {"type": "Feature", "geometry": {"type": "Point", "coordinates": [-77.438282, 37.543452]}, "properties": {"fid": 11, "img_url": "https://cdn.yesterdays.maprva.org/images/7945/original.jpg", "img_entry": "https://yesterdays.maprva.org/7945/", "date": "2004", "start": 2004, "end": 2004, "eras": [5], "direction": 100, "subjects": null}}, {"type": "Feature", "geometry": {"type": "Point", "coordinates": [-77.438033, 37.543268]}, "properties": {"fid": 12, "img_url": "https://cdn.yesterdays.maprva.org/images/7965/original.jpg", "img_entry": "https://yesterdays.maprva.org/7965/", "date": "2003", "start": 2003, "end": 2003, "eras": [5], "direction": 274, "subjects": ["Q5061482"]}}, {"type": "Feature", "geometry": {"type": "Point", "coordinates": [-77.439165, 37.543985]}, "properties": {"fid": 13, "img_url": "https://cdn.yesterdays.maprva.org/images/7548/original.jpg", "img_entry": "https://yesterdays.maprva.org/7548/", "date": "2004", "start": 2004, "end": 2004, "eras": [5], "direction": 47, "subjects": null}}, {"type": "Feature", "geometry": {"type": "Point", "coordinates": [-77.438195, 37.543391]}, "properties": {"fid": 14, "img_url": "https://cdn.yesterdays.maprva.org/images/7952/original.jpg", "img_entry": "https://yesterdays.maprva.org/7952/", "date": "2004", "start": 2004, "end": 2004, "eras": [5], "direction": 215, "subjects": null}}, {"type": "Feature", "geometry": {"type": "Point", "coordinates": [-77.438548, 37.543449]}, "properties": {"fid": 15, "img_url": "https://cdn.yesterdays.maprva.org/images/7950/original.jpg", "img_entry": "https://yesterdays.maprva.org/7950/", "date": "2004", "start": 2004, "end": 2004, "eras": [5], "direction": 124, "subjects": null}}, {"type": "Feature", "geometry": {"type": "Point", "coordinates": [-77.437548, 37.543969]}, "properties": {"fid": 16, "img_url": "https://cdn.yesterdays.maprva.org/images/7971/original.jpg", "img_entry": "https://yesterdays.maprva.org/7971/", "date": "2004", "start": 2004, "end": 2004, "eras": [5], "direction": 231, "subjects": null}}, {"type": "Feature", "geometry": {"type": "Point", "coordinates": [-77.438328, 37.543605]}, "properties": {"fid": 17, "img_url": "https://cdn.yesterdays.maprva.org/images/7961/original.jpg", "img_entry": "https://yesterdays.maprva.org/7961/", "date": "2004", "start": 2004, "end": 2004, "eras": [5], "direction": 191, "subjects": null}}, {"type": "Feature", "geometry": {"type": "Point", "coordinates": [-77.438519, 37.543453]}, "properties": {"fid": 18, "img_url": "https://cdn.yesterdays.maprva.org/images/7958/original.jpg", "img_entry": "https://yesterdays.maprva.org/7958/", "date": "2004", "start": 2004, "end": 2004, "eras": [5], "direction": 155, "subjects": null}}, {"type": "Feature", "geometry": {"type": "Point", "coordinates": [-77.435258, 37.548556]}, "properties": {"fid": 19, "img_url": "https://cdn.yesterdays.maprva.org/images/8066/original.jpg", "img_entry": "https://yesterdays.maprva.org/8066/", "date": "2004", "start": 2004, "end": 2004, "eras": [5], "direction": 319, "subjects": ["Q136417397"]}}, {"type": "Feature", "geometry": {"type": "Point", "coordinates": [-77.435982, 37.547515]}, "properties": {"fid": 20, "img_url": "https://cdn.yesterdays.maprva.org/images/8076/original.jpg", "img_entry": "https://yesterdays.maprva.org/8076/", "date": "2004", "start": 2004, "end": 2004, "eras": [5], "direction": 73, "subjects": ["Q136417397"]}}, {"type": "Feature", "geometry": {"type": "Point", "coordinates": [-77.435954, 37.547558]}, "properties": {"fid": 21, "img_url": "https://cdn.yesterdays.maprva.org/images/8082/original.jpg", "img_entry": "https://yesterdays.maprva.org/8082/", "date": "2004", "start": 2004, "end": 2004, "eras": [5], "direction": 110, "subjects": ["Q136417397"]}}, {"type": "Feature", "geometry": {"type": "Point", "coordinates": [-77.435836, 37.547539]}, "properties": {"fid": 22, "img_url": "https://cdn.yesterdays.maprva.org/images/8081/original.jpg", "img_entry": "https://yesterdays.maprva.org/8081/", "date": "2004", "start": 2004, "end": 2004, "eras": [5], "direction": 44, "subjects": ["Q136417397"]}}, {"type": "Feature", "geometry": {"type": "Point", "coordinates": [-77.435686, 37.548841]}, "properties": {"fid": 23, "img_url": "https://cdn.yesterdays.maprva.org/images/8095/original.jpg", "img_entry": "https://yesterdays.maprva.org/8095/", "date": "2004", "start": 2004, "end": 2004, "eras": [5], "direction": 319, "subjects": ["Q136417397"]}}, {"type": "Feature", "geometry": {"type": "Point", "coordinates": [-77.437093, 37.547707]}, "properties": {"fid": 24, "img_url": "https://cdn.yesterdays.maprva.org/images/8176/original.jpg", "img_entry": "https://yesterdays.maprva.org/8176/", "date": "1990-08", "start": 1990, "end": 1990, "eras": [4], "direction": 60, "subjects": null}}, {"type": "Feature", "geometry": {"type": "Point", "coordinates": [-77.437287, 37.547481]}, "properties": {"fid": 25, "img_url": "https://cdn.yesterdays.maprva.org/images/8274/original.jpg", "img_entry": "https://yesterdays.maprva.org/8274/", "date": "1990-08", "start": 1990, "end": 1990, "eras": [4], "direction": 312, "subjects": null}}, {"type": "Feature", "geometry": {"type": "Point", "coordinates": [-77.437203, 37.550053]}, "properties": {"fid": 26, "img_url": "https://cdn.yesterdays.maprva.org/images/6765/original.jpg", "img_entry": "https://yesterdays.maprva.org/6765/", "date": "7/1956", "start": 1956, "end": 1956, "eras": [3], "direction": 237, "subjects": null}}, {"type": "Feature", "geometry": {"type": "Point", "coordinates": [-77.430056, 37.552116]}, "properties": {"fid": 27, "img_url": "https://cdn.yesterdays.maprva.org/images/239/original.tiff", "img_entry": "https://yesterdays.maprva.org/239/", "date": "1965", "start": 1965, "end": 1965, "eras": [4], "direction": 101, "subjects": ["Q3959678"]}}, {"type": "Feature", "geometry": {"type": "Point", "coordinates": [-77.43202, 37.55212]}, "properties": {"fid": 28, "img_url": "https://cdn.yesterdays.maprva.org/images/237/original.tiff", "img_entry": "https://yesterdays.maprva.org/237/", "date": "1965", "start": 1965, "end": 1965, "eras": [4], "direction": 48, "subjects": ["Q3959678", "Q16159645"]}}, {"type": "Feature", "geometry": {"type": "Point", "coordinates": [-77.430758, 37.551264]}, "properties": {"fid": 29, "img_url": "https://cdn.yesterdays.maprva.org/images/242/original.tiff", "img_entry": "https://yesterdays.maprva.org/242/", "date": "1965", "start": 1965, "end": 1965, "eras": [4], "direction": 355, "subjects": ["Q3959678", "Q16159645"]}}, {"type": "Feature", "geometry": {"type": "Point", "coordinates": [-77.440238, 37.547213]}, "properties": {"fid": 30, "img_url": "https://cdn.yesterdays.maprva.org/images/261/original.tiff", "img_entry": "https://yesterdays.maprva.org/261/", "date": "1965", "start": 1965, "end": 1965, "eras": [4], "direction": 309, "subjects": null}}, {"type": "Feature", "geometry": {"type": "Point", "coordinates": [-77.437206, 37.550056]}, "properties": {"fid": 31, "img_url": "https://cdn.yesterdays.maprva.org/images/6764/original.jpg", "img_entry": "https://yesterdays.maprva.org/6764/", "date": "7/1956", "start": 1956, "end": 1956, "eras": [3], "direction": 240, "subjects": null}}, {"type": "Feature", "geometry": {"type": "Point", "coordinates": [-77.437634, 37.548879]}, "properties": {"fid": 32, "img_url": "https://cdn.yesterdays.maprva.org/images/281/original.tiff", "img_entry": "https://yesterdays.maprva.org/281/", "date": "1965", "start": 1965, "end": 1965, "eras": [4], "direction": 111, "subjects": null}}, {"type": "Feature", "geometry": {"type": "Point", "coordinates": [-77.436629, 37.549634]}, "properties": {"fid": 33, "img_url": "https://cdn.yesterdays.maprva.org/images/22950/original.jpg", "img_entry": "https://yesterdays.maprva.org/22950/", "date": "[1940..2000]", "start": 1940, "end": 2000, "eras": [2, 3, 4, 5], "direction": 242, "subjects": null}}, {"type": "Feature", "geometry": {"type": "Point", "coordinates": [-77.437164, 37.549973]}, "properties": {"fid": 34, "img_url": "https://cdn.yesterdays.maprva.org/images/6768/original.jpg", "img_entry": "https://yesterdays.maprva.org/6768/", "date": "2/1956", "start": 1956, "end": 1956, "eras": [3], "direction": 66, "subjects": null}}, {"type": "Feature", "geometry": {"type": "Point", "coordinates": [-77.433239, 37.549416]}, "properties": {"fid": 35, "img_url": "https://cdn.yesterdays.maprva.org/images/6769/original.jpg", "img_entry": "https://yesterdays.maprva.org/6769/", "date": "4/1956", "start": 1956, "end": 1956, "eras": [3], "direction": 148, "subjects": null}}, {"type": "Feature", "geometry": {"type": "Point", "coordinates": [-77.436981, 37.549902]}, "properties": {"fid": 36, "img_url": "https://cdn.yesterdays.maprva.org/images/6772/original.jpg", "img_entry": "https://yesterdays.maprva.org/6772/", "date": "7/1955", "start": 1955, "end": 1955, "eras": [3], "direction": 230, "subjects": null}}, {"type": "Feature", "geometry": {"type": "Point", "coordinates": [-77.432346, 37.54996]}, "properties": {"fid": 37, "img_url": "https://cdn.yesterdays.maprva.org/images/771/original.tiff", "img_entry": "https://yesterdays.maprva.org/771/", "date": "1965", "start": 1965, "end": 1965, "eras": [4], "direction": 152, "subjects": null}}, {"type": "Feature", "geometry": {"type": "Point", "coordinates": [-77.435577, 37.549516]}, "properties": {"fid": 38, "img_url": "https://cdn.yesterdays.maprva.org/images/6784/original.jpg", "img_entry": "https://yesterdays.maprva.org/6784/", "date": "7/1955", "start": 1955, "end": 1955, "eras": [3], "direction": 95, "subjects": null}}, {"type": "Feature", "geometry": {"type": "Point", "coordinates": [-77.435621, 37.549479]}, "properties": {"fid": 39, "img_url": "https://cdn.yesterdays.maprva.org/images/6785/original.jpg", "img_entry": "https://yesterdays.maprva.org/6785/", "date": "5/1956", "start": 1956, "end": 1956, "eras": [3], "direction": 85, "subjects": null}}, {"type": "Feature", "geometry": {"type": "Point", "coordinates": [-77.440896, 37.545659]}, "properties": {"fid": 40, "img_url": "https://cdn.yesterdays.maprva.org/images/39846/original.jpg", "img_entry": "https://yesterdays.maprva.org/39846/", "date": "2009-11-05 08:48:13", "start": 2009, "end": 2009, "eras": [5], "direction": 216, "subjects": null}}, {"type": "Feature", "geometry": {"type": "Point", "coordinates": [-77.431634, 37.552479]}, "properties": {"fid": 41, "img_url": "https://cdn.yesterdays.maprva.org/images/39983/original.jpg", "img_entry": "https://yesterdays.maprva.org/39983/", "date": "2007-10-20 08:29:55", "start": 2007, "end": 2007, "eras": [5], "direction": 61, "subjects": ["Q3959678", "Q16159645"]}}, {"type": "Feature", "geometry": {"type": "Point", "coordinates": [-77.439655, 37.548124]}, "properties": {"fid": 42, "img_url": "https://cdn.yesterdays.maprva.org/images/34716/original.jpg", "img_entry": "https://yesterdays.maprva.org/34716/", "date": "ca. 1978", "start": 1978, "end": 1978, "eras": [4], "direction": 75, "subjects": null}}, {"type": "Feature", "geometry": {"type": "Point", "coordinates": [-77.437572, 37.550138]}, "properties": {"fid": 43, "img_url": "https://cdn.yesterdays.maprva.org/images/4088/original.jpg", "img_entry": "https://yesterdays.maprva.org/4088/", "date": "4/1954", "start": 1954, "end": 1954, "eras": [3], "direction": 335, "subjects": null}}, {"type": "Feature", "geometry": {"type": "Point", "coordinates": [-77.436648, 37.551226]}, "properties": {"fid": 44, "img_url": "https://cdn.yesterdays.maprva.org/images/4090/original.jpg", "img_entry": "https://yesterdays.maprva.org/4090/", "date": "1/1956", "start": 1956, "end": 1956, "eras": [3], "direction": 79, "subjects": null}}, {"type": "Feature", "geometry": {"type": "Point", "coordinates": [-77.43601, 37.547415]}, "properties": {"fid": 45, "img_url": "https://cdn.yesterdays.maprva.org/images/8983/original.jpg", "img_entry": "https://yesterdays.maprva.org/8983/", "date": "10/3/2006", "start": 2006, "end": 2006, "eras": [5], "direction": 92, "subjects": null}}, {"type": "Feature", "geometry": {"type": "Point", "coordinates": [-77.43316, 37.550491]}, "properties": {"fid": 46, "img_url": "https://cdn.yesterdays.maprva.org/images/769/original.tiff", "img_entry": "https://yesterdays.maprva.org/769/", "date": "1965", "start": 1965, "end": 1965, "eras": [4], "direction": 75, "subjects": null}}, {"type": "Feature", "geometry": {"type": "Point", "coordinates": [-77.436992, 37.548021]}, "properties": {"fid": 47, "img_url": "https://cdn.yesterdays.maprva.org/images/8985/original.jpg", "img_entry": "https://yesterdays.maprva.org/8985/", "date": "4/5/2003", "start": 2003, "end": 2003, "eras": [5], "direction": 82, "subjects": null}}, {"type": "Feature", "geometry": {"type": "Point", "coordinates": [-77.440456, 37.547342]}, "properties": {"fid": 48, "img_url": "https://cdn.yesterdays.maprva.org/images/260/original.tiff", "img_entry": "https://yesterdays.maprva.org/260/", "date": "1965", "start": 1965, "end": 1965, "eras": [4], "direction": 165, "subjects": null}}, {"type": "Feature", "geometry": {"type": "Point", "coordinates": [-77.4384, 37.543694]}, "properties": {"fid": 49, "img_url": "https://cdn.yesterdays.maprva.org/images/18174/original.jpg", "img_entry": "https://yesterdays.maprva.org/18174/", "date": "[1940..2000]", "start": 1940, "end": 2000, "eras": [2, 3, 4, 5], "direction": 218, "subjects": null}}, {"type": "Feature", "geometry": {"type": "Point", "coordinates": [-77.436264, 37.546701]}, "properties": {"fid": 50, "img_url": "https://cdn.yesterdays.maprva.org/images/34329/original.jpg", "img_entry": "https://yesterdays.maprva.org/34329/", "date": "ca. 1978", "start": 1978, "end": 1978, "eras": [4], "direction": 71, "subjects": null}}, {"type": "Feature", "geometry": {"type": "Point", "coordinates": [-77.438048, 37.54606]}, "properties": {"fid": 51, "img_url": "https://cdn.yesterdays.maprva.org/images/34335/original.jpg", "img_entry": "https://yesterdays.maprva.org/34335/", "date": "ca. 1978", "start": 1978, "end": 1978, "eras": [4], "direction": 264, "subjects": null}}, {"type": "Feature", "geometry": {"type": "Point", "coordinates": [-77.433093, 37.549062]}, "properties": {"fid": 52, "img_url": "https://cdn.yesterdays.maprva.org/images/6753/original.jpg", "img_entry": "https://yesterdays.maprva.org/6753/", "date": "8/1955", "start": 1955, "end": 1955, "eras": [3], "direction": 10, "subjects": null}}, {"type": "Feature", "geometry": {"type": "Point", "coordinates": [-77.436158, 37.548665]}, "properties": {"fid": 53, "img_url": "https://cdn.yesterdays.maprva.org/images/5225/original.jpg", "img_entry": "https://yesterdays.maprva.org/5225/", "date": "10/1978", "start": 1978, "end": 1978, "eras": [4], "direction": 311, "subjects": null}}, {"type": "Feature", "geometry": {"type": "Point", "coordinates": [-77.431608, 37.550504]}, "properties": {"fid": 54, "img_url": "https://cdn.yesterdays.maprva.org/images/241/original.tiff", "img_entry": "https://yesterdays.maprva.org/241/", "date": "1965", "start": 1965, "end": 1965, "eras": [4], "direction": 215, "subjects": ["Q3959678"]}}, {"type": "Feature", "geometry": {"type": "Point", "coordinates": [-77.441779, 37.545357]}, "properties": {"fid": 55, "img_url": "https://cdn.yesterdays.maprva.org/images/4106/original.jpg", "img_entry": "https://yesterdays.maprva.org/4106/", "date": "11/1977", "start": 1977, "end": 1977, "eras": [4], "direction": 356, "subjects": null}}, {"type": "Feature", "geometry": {"type": "Point", "coordinates": [-77.439342, 37.548655]}, "properties": {"fid": 56, "img_url": "https://cdn.yesterdays.maprva.org/images/39859/original.jpg", "img_entry": "https://yesterdays.maprva.org/39859/", "date": "2009-04-27 06:36:33", "start": 2009, "end": 2009, "eras": [5], "direction": 209, "subjects": null}}, {"type": "Feature", "geometry": {"type": "Point", "coordinates": [-77.438784, 37.544996]}, "properties": {"fid": 57, "img_url": "https://cdn.yesterdays.maprva.org/images/9174/original.jpg", "img_entry": "https://yesterdays.maprva.org/9174/", "date": "8/20/2006", "start": 2006, "end": 2006, "eras": [5], "direction": 60, "subjects": null}}, {"type": "Feature", "geometry": {"type": "Point", "coordinates": [-77.437612, 37.547574]}, "properties": {"fid": 58, "img_url": "https://cdn.yesterdays.maprva.org/images/34548/original.jpg", "img_entry": "https://yesterdays.maprva.org/34548/", "date": "ca. 1978", "start": 1978, "end": 1978, "eras": [4], "direction": 74, "subjects": null}}, {"type": "Feature", "geometry": {"type": "Point", "coordinates": [-77.437754, 37.54769]}, "properties": {"fid": 59, "img_url": "https://cdn.yesterdays.maprva.org/images/34553/original.jpg", "img_entry": "https://yesterdays.maprva.org/34553/", "date": "ca. 1978", "start": 1978, "end": 1978, "eras": [4], "direction": 243, "subjects": null}}, {"type": "Feature", "geometry": {"type": "Point", "coordinates": [-77.437795, 37.547665]}, "properties": {"fid": 60, "img_url": "https://cdn.yesterdays.maprva.org/images/34554/original.jpg", "img_entry": "https://yesterdays.maprva.org/34554/", "date": "ca. 1978", "start": 1978, "end": 1978, "eras": [4], "direction": 216, "subjects": null}}, {"type": "Feature", "geometry": {"type": "Point", "coordinates": [-77.437447, 37.547556]}, "properties": {"fid": 61, "img_url": "https://cdn.yesterdays.maprva.org/images/34557/original.jpg", "img_entry": "https://yesterdays.maprva.org/34557/", "date": "ca. 1978", "start": 1978, "end": 1978, "eras": [4], "direction": 245, "subjects": null}}, {"type": "Feature", "geometry": {"type": "Point", "coordinates": [-77.436653, 37.547011]}, "properties": {"fid": 62, "img_url": "https://cdn.yesterdays.maprva.org/images/34567/original.jpg", "img_entry": "https://yesterdays.maprva.org/34567/", "date": "ca. 1978", "start": 1978, "end": 1978, "eras": [4], "direction": 144, "subjects": null}}, {"type": "Feature", "geometry": {"type": "Point", "coordinates": [-77.435668, 37.548826]}, "properties": {"fid": 63, "img_url": "https://cdn.yesterdays.maprva.org/images/8094/1/transformed.webp", "img_entry": "https://yesterdays.maprva.org/8094/", "date": "2004", "start": 2004, "end": 2004, "eras": [5], "direction": 334, "subjects": ["Q136417397"]}}, {"type": "Feature", "geometry": {"type": "Point", "coordinates": [-77.435853, 37.547597]}, "properties": {"fid": 64, "img_url": "https://cdn.yesterdays.maprva.org/images/8086/1/transformed.webp", "img_entry": "https://yesterdays.maprva.org/8086/", "date": "2004", "start": 2004, "end": 2004, "eras": [5], "direction": 183, "subjects": ["Q136417397"]}}, {"type": "Feature", "geometry": {"type": "Point", "coordinates": [-77.43941, 37.544235]}, "properties": {"fid": 65, "img_url": "https://cdn.yesterdays.maprva.org/images/33702/original.jpg", "img_entry": "https://yesterdays.maprva.org/33702/", "date": "Circa 1920", "start": 1920, "end": 1920, "eras": [1], "direction": 240, "subjects": null}}, {"type": "Feature", "geometry": {"type": "Point", "coordinates": [-77.439648, 37.548855]}, "properties": {"fid": 66, "img_url": "https://cdn.yesterdays.maprva.org/images/34582/original.jpg", "img_entry": "https://yesterdays.maprva.org/34582/", "date": "ca. 1978", "start": 1978, "end": 1978, "eras": [4], "direction": 214, "subjects": null}}, {"type": "Feature", "geometry": {"type": "Point", "coordinates": [-77.437484, 37.548736]}, "properties": {"fid": 67, "img_url": "https://cdn.yesterdays.maprva.org/images/282/original.tiff", "img_entry": "https://yesterdays.maprva.org/282/", "date": "1965", "start": 1965, "end": 1965, "eras": [4], "direction": 315, "subjects": null}}, {"type": "Feature", "geometry": {"type": "Point", "coordinates": [-77.432982, 37.550518]}, "properties": {"fid": 68, "img_url": "https://cdn.yesterdays.maprva.org/images/40452/original.jpg", "img_entry": "https://yesterdays.maprva.org/40452/", "date": "2020-11-13 12:52:27", "start": 2020, "end": 2020, "eras": [5], "direction": 314, "subjects": ["Q3959678"]}}, {"type": "Feature", "geometry": {"type": "Point", "coordinates": [-77.434212, 37.550721]}, "properties": {"fid": 69, "img_url": "https://cdn.yesterdays.maprva.org/images/5260/original.jpg", "img_entry": "https://yesterdays.maprva.org/5260/", "date": "7/1956", "start": 1956, "end": 1956, "eras": [3], "direction": 267, "subjects": null}}, {"type": "Feature", "geometry": {"type": "Point", "coordinates": [-77.440743, 37.547526]}, "properties": {"fid": 70, "img_url": "https://cdn.yesterdays.maprva.org/images/795/original.tiff", "img_entry": "https://yesterdays.maprva.org/795/", "date": "1965", "start": 1965, "end": 1965, "eras": [4], "direction": 5, "subjects": null}}, {"type": "Feature", "geometry": {"type": "Point", "coordinates": [-77.441763, 37.545687]}, "properties": {"fid": 71, "img_url": "https://cdn.yesterdays.maprva.org/images/40600/original.jpg", "img_entry": "https://yesterdays.maprva.org/40600/", "date": "2019-08-04 10:12:55", "start": 2019, "end": 2019, "eras": [5], "direction": 243, "subjects": null}}, {"type": "Feature", "geometry": {"type": "Point", "coordinates": [-77.439326, 37.545561]}, "properties": {"fid": 72, "img_url": "https://cdn.yesterdays.maprva.org/images/39844/original.jpg", "img_entry": "https://yesterdays.maprva.org/39844/", "date": "2009-11-05 08:52:03", "start": 2009, "end": 2009, "eras": [5], "direction": 323, "subjects": null}}, {"type": "Feature", "geometry": {"type": "Point", "coordinates": [-77.439512, 37.547148]}, "properties": {"fid": 73, "img_url": "https://cdn.yesterdays.maprva.org/images/29686/original.jpg", "img_entry": "https://yesterdays.maprva.org/29686/", "date": "April 1987", "start": 1987, "end": 1987, "eras": [4], "direction": 32, "subjects": null}}, {"type": "Feature", "geometry": {"type": "Point", "coordinates": [-77.439065, 37.5456]}, "properties": {"fid": 74, "img_url": "https://cdn.yesterdays.maprva.org/images/40159/original.jpg", "img_entry": "https://yesterdays.maprva.org/40159/", "date": "2023-01-18 11:51:50", "start": 2023, "end": 2023, "eras": [5], "direction": 306, "subjects": null}}, {"type": "Feature", "geometry": {"type": "Point", "coordinates": [-77.438562, 37.548703]}, "properties": {"fid": 75, "img_url": "https://cdn.yesterdays.maprva.org/images/29942/original.jpg", "img_entry": "https://yesterdays.maprva.org/29942/", "date": "June 1997", "start": 1997, "end": 1997, "eras": [4], "direction": 321, "subjects": null}}, {"type": "Feature", "geometry": {"type": "Point", "coordinates": [-77.440227, 37.547507]}, "properties": {"fid": 76, "img_url": "https://cdn.yesterdays.maprva.org/images/1464/original.jpg", "img_entry": "https://yesterdays.maprva.org/1464/", "date": "1941-1949", "start": 1941, "end": 1949, "eras": [2], "direction": 221, "subjects": ["Q136677552"]}}, {"type": "Feature", "geometry": {"type": "Point", "coordinates": [-77.439341, 37.54673]}, "properties": {"fid": 77, "img_url": "https://cdn.yesterdays.maprva.org/images/1468/original.jpg", "img_entry": "https://yesterdays.maprva.org/1468/", "date": "1961", "start": 1961, "end": 1961, "eras": [3], "direction": 337, "subjects": ["Q623149"]}}, {"type": "Feature", "geometry": {"type": "Point", "coordinates": [-77.439362, 37.546753]}, "properties": {"fid": 78, "img_url": "https://cdn.yesterdays.maprva.org/images/1467/original.jpg", "img_entry": "https://yesterdays.maprva.org/1467/", "date": "1950-1955", "start": 1950, "end": 1955, "eras": [2, 3], "direction": 343, "subjects": ["Q634299"]}}, {"type": "Feature", "geometry": {"type": "Point", "coordinates": [-77.438116, 37.546086]}, "properties": {"fid": 79, "img_url": "https://cdn.yesterdays.maprva.org/images/1477/original.jpg", "img_entry": "https://yesterdays.maprva.org/1477/", "date": "1950-1955", "start": 1950, "end": 1955, "eras": [2, 3], "direction": 40, "subjects": null}}, {"type": "Feature", "geometry": {"type": "Point", "coordinates": [-77.43412, 37.551044]}, "properties": {"fid": 80, "img_url": "https://cdn.yesterdays.maprva.org/images/768/original.tiff", "img_entry": "https://yesterdays.maprva.org/768/", "date": "1965", "start": 1965, "end": 1965, "eras": [4], "direction": 89, "subjects": null}}, {"type": "Feature", "geometry": {"type": "Point", "coordinates": [-77.433039, 37.550676]}, "properties": {"fid": 81, "img_url": "https://cdn.yesterdays.maprva.org/images/40070/original.jpg", "img_entry": "https://yesterdays.maprva.org/40070/", "date": "2025-02-28 10:50:09", "start": 2025, "end": 2025, "eras": [5], "direction": 261, "subjects": ["Q634299"]}}, {"type": "Feature", "geometry": {"type": "Point", "coordinates": [-77.439385, 37.54528]}, "properties": {"fid": 82, "img_url": "https://cdn.yesterdays.maprva.org/images/1484/original.jpg", "img_entry": "https://yesterdays.maprva.org/1484/", "date": "1941-1949", "start": 1941, "end": 1949, "eras": [2], "direction": 355, "subjects": ["Q138501474"]}}, {"type": "Feature", "geometry": {"type": "Point", "coordinates": [-77.43633, 37.546464]}, "properties": {"fid": 83, "img_url": "https://cdn.yesterdays.maprva.org/images/5397/original.jpg", "img_entry": "https://yesterdays.maprva.org/5397/", "date": "5/1956", "start": 1956, "end": 1956, "eras": [3], "direction": 137, "subjects": null}}, {"type": "Feature", "geometry": {"type": "Point", "coordinates": [-77.439743, 37.547968]}, "properties": {"fid": 84, "img_url": "https://cdn.yesterdays.maprva.org/images/34715/original.jpg", "img_entry": "https://yesterdays.maprva.org/34715/", "date": "ca. 1978", "start": 1978, "end": 1978, "eras": [4], "direction": 73, "subjects": null}}, {"type": "Feature", "geometry": {"type": "Point", "coordinates": [-77.439873, 37.546385]}, "properties": {"fid": 85, "img_url": "https://cdn.yesterdays.maprva.org/images/34721/original.jpg", "img_entry": "https://yesterdays.maprva.org/34721/", "date": "ca. 1978", "start": 1978, "end": 1978, "eras": [4], "direction": 92, "subjects": null}}, {"type": "Feature", "geometry": {"type": "Point", "coordinates": [-77.440021, 37.547692]}, "properties": {"fid": 86, "img_url": "https://cdn.yesterdays.maprva.org/images/800/original.tiff", "img_entry": "https://yesterdays.maprva.org/800/", "date": "1965", "start": 1965, "end": 1965, "eras": [4], "direction": 216, "subjects": ["Q136677552", "Q152946"]}}, {"type": "Feature", "geometry": {"type": "Point", "coordinates": [-77.438824, 37.547341]}, "properties": {"fid": 87, "img_url": "https://cdn.yesterdays.maprva.org/images/34728/original.jpg", "img_entry": "https://yesterdays.maprva.org/34728/", "date": "ca. 1978", "start": 1978, "end": 1978, "eras": [4], "direction": 179, "subjects": null}}, {"type": "Feature", "geometry": {"type": "Point", "coordinates": [-77.432079, 37.551659]}, "properties": {"fid": 88, "img_url": "https://cdn.yesterdays.maprva.org/images/26881/original.jpg", "img_entry": "https://yesterdays.maprva.org/26881/", "date": "January 1988", "start": 1988, "end": 1988, "eras": [4], "direction": 4, "subjects": ["Q3959678"]}}, {"type": "Feature", "geometry": {"type": "Point", "coordinates": [-77.432269, 37.552424]}, "properties": {"fid": 89, "img_url": "https://cdn.yesterdays.maprva.org/images/26883/original.jpg", "img_entry": "https://yesterdays.maprva.org/26883/", "date": "January 1988", "start": 1988, "end": 1988, "eras": [4], "direction": 131, "subjects": ["Q3959678"]}}, {"type": "Feature", "geometry": {"type": "Point", "coordinates": [-77.432142, 37.551809]}, "properties": {"fid": 90, "img_url": "https://cdn.yesterdays.maprva.org/images/26889/original.jpg", "img_entry": "https://yesterdays.maprva.org/26889/", "date": "January 1988", "start": 1988, "end": 1988, "eras": [4], "direction": 129, "subjects": ["Q3959678"]}}, {"type": "Feature", "geometry": {"type": "Point", "coordinates": [-77.437882, 37.54833]}, "properties": {"fid": 91, "img_url": "https://cdn.yesterdays.maprva.org/images/34746/original.jpg", "img_entry": "https://yesterdays.maprva.org/34746/", "date": "ca. 1978", "start": 1978, "end": 1978, "eras": [4], "direction": 61, "subjects": null}}, {"type": "Feature", "geometry": {"type": "Point", "coordinates": [-77.437914, 37.546946]}, "properties": {"fid": 92, "img_url": "https://cdn.yesterdays.maprva.org/images/34759/original.jpg", "img_entry": "https://yesterdays.maprva.org/34759/", "date": "ca. 1978", "start": 1978, "end": 1978, "eras": [4], "direction": 327, "subjects": null}}, {"type": "Feature", "geometry": {"type": "Point", "coordinates": [-77.436219, 37.546725]}, "properties": {"fid": 93, "img_url": "https://cdn.yesterdays.maprva.org/images/1577/original.jpg", "img_entry": "https://yesterdays.maprva.org/1577/", "date": "1950-1955", "start": 1950, "end": 1955, "eras": [2, 3], "direction": 73, "subjects": null}}, {"type": "Feature", "geometry": {"type": "Point", "coordinates": [-77.43775, 37.547175]}, "properties": {"fid": 94, "img_url": "https://cdn.yesterdays.maprva.org/images/34771/original.jpg", "img_entry": "https://yesterdays.maprva.org/34771/", "date": "ca. 1978", "start": 1978, "end": 1978, "eras": [4], "direction": 148, "subjects": null}}, {"type": "Feature", "geometry": {"type": "Point", "coordinates": [-77.435996, 37.547523]}, "properties": {"fid": 95, "img_url": "https://cdn.yesterdays.maprva.org/images/1620/original.jpg", "img_entry": "https://yesterdays.maprva.org/1620/", "date": "1941-1949", "start": 1941, "end": 1949, "eras": [2], "direction": 313, "subjects": ["Q136417397"]}}, {"type": "Feature", "geometry": {"type": "Point", "coordinates": [-77.433148, 37.550534]}, "properties": {"fid": 96, "img_url": "https://cdn.yesterdays.maprva.org/images/1621/original.jpg", "img_entry": "https://yesterdays.maprva.org/1621/", "date": "[1937..1965]", "start": 1937, "end": 1965, "eras": [2, 3, 4], "direction": 71, "subjects": ["Q3959678"]}}, {"type": "Feature", "geometry": {"type": "Point", "coordinates": [-77.435786, 37.546515]}, "properties": {"fid": 97, "img_url": "https://cdn.yesterdays.maprva.org/images/1634/original.jpg", "img_entry": "https://yesterdays.maprva.org/1634/", "date": "1950-1955", "start": 1950, "end": 1955, "eras": [2, 3], "direction": 151, "subjects": null}}, {"type": "Feature", "geometry": {"type": "Point", "coordinates": [-77.435609, 37.547838]}, "properties": {"fid": 98, "img_url": "https://cdn.yesterdays.maprva.org/images/34816/original.jpg", "img_entry": "https://yesterdays.maprva.org/34816/", "date": "ca. 1978", "start": 1978, "end": 1978, "eras": [4], "direction": 316, "subjects": null}}, {"type": "Feature", "geometry": {"type": "Point", "coordinates": [-77.435069, 37.547068]}, "properties": {"fid": 99, "img_url": "https://cdn.yesterdays.maprva.org/images/34833/original.jpg", "img_entry": "https://yesterdays.maprva.org/34833/", "date": "ca. 1978", "start": 1978, "end": 1978, "eras": [4], "direction": 1, "subjects": null}}, {"type": "Feature", "geometry": {"type": "Point", "coordinates": [-77.437789, 37.547563]}, "properties": {"fid": 100, "img_url": "https://cdn.yesterdays.maprva.org/images/8183/original.jpg", "img_entry": "https://yesterdays.maprva.org/8183/", "date": "1982-08", "start": 1982, "end": 1982, "eras": [4], "direction": 25, "subjects": null}}, {"type": "Feature", "geometry": {"type": "Point", "coordinates": [-77.437056, 37.546252]}, "properties": {"fid": 101, "img_url": "https://cdn.yesterdays.maprva.org/images/1658/original.jpg", "img_entry": "https://yesterdays.maprva.org/1658/", "date": "1950-1955", "start": 1950, "end": 1955, "eras": [2, 3], "direction": 318, "subjects": null}}, {"type": "Feature", "geometry": {"type": "Point", "coordinates": [-77.441937, 37.545645]}, "properties": {"fid": 102, "img_url": "https://cdn.yesterdays.maprva.org/images/7219/original.jpg", "img_entry": "https://yesterdays.maprva.org/7219/", "date": "c1908.", "start": 1908, "end": 1908, "eras": [1], "direction": 121, "subjects": ["Q5325784"]}}, {"type": "Feature", "geometry": {"type": "Point", "coordinates": [-77.44014, 37.544725]}, "properties": {"fid": 103, "img_url": "https://cdn.yesterdays.maprva.org/images/8512/original.jpg", "img_entry": "https://yesterdays.maprva.org/8512/", "date": "1988-1989", "start": 1988, "end": 1989, "eras": [4], "direction": 91, "subjects": null}}, {"type": "Feature", "geometry": {"type": "Point", "coordinates": [-77.437134, 37.547663]}, "properties": {"fid": 104, "img_url": "https://cdn.yesterdays.maprva.org/images/8229/original.jpg", "img_entry": "https://yesterdays.maprva.org/8229/", "date": "1990-08", "start": 1990, "end": 1990, "eras": [4], "direction": 325, "subjects": ["Q6730266"]}}, {"type": "Feature", "geometry": {"type": "Point", "coordinates": [-77.436965, 37.549985]}, "properties": {"fid": 105, "img_url": "https://cdn.yesterdays.maprva.org/images/1662/original.jpg", "img_entry": "https://yesterdays.maprva.org/1662/", "date": "1941-1949", "start": 1941, "end": 1949, "eras": [2], "direction": 165, "subjects": null}}, {"type": "Feature", "geometry": {"type": "Point", "coordinates": [-77.437087, 37.546296]}, "properties": {"fid": 106, "img_url": "https://cdn.yesterdays.maprva.org/images/5321/original.jpg", "img_entry": "https://yesterdays.maprva.org/5321/", "date": "5/1955", "start": 1955, "end": 1955, "eras": [3], "direction": 285, "subjects": null}}, {"type": "Feature", "geometry": {"type": "Point", "coordinates": [-77.437029, 37.547122]}, "properties": {"fid": 107, "img_url": "https://cdn.yesterdays.maprva.org/images/8620/original.jpg", "img_entry": "https://yesterdays.maprva.org/8620/", "date": "1988-1989", "start": 1988, "end": 1989, "eras": [4], "direction": 221, "subjects": null}}, {"type": "Feature", "geometry": {"type": "Point", "coordinates": [-77.436975, 37.547062]}, "properties": {"fid": 108, "img_url": "https://cdn.yesterdays.maprva.org/images/8621/original.jpg", "img_entry": "https://yesterdays.maprva.org/8621/", "date": "1988-1989", "start": 1988, "end": 1989, "eras": [4], "direction": 217, "subjects": null}}, {"type": "Feature", "geometry": {"type": "Point", "coordinates": [-77.43978, 37.548758]}, "properties": {"fid": 109, "img_url": "https://cdn.yesterdays.maprva.org/images/8625/original.jpg", "img_entry": "https://yesterdays.maprva.org/8625/", "date": "1988-1989", "start": 1988, "end": 1989, "eras": [4], "direction": 219, "subjects": null}}, {"type": "Feature", "geometry": {"type": "Point", "coordinates": [-77.438091, 37.550236]}, "properties": {"fid": 110, "img_url": "https://cdn.yesterdays.maprva.org/images/8631/original.jpg", "img_entry": "https://yesterdays.maprva.org/8631/", "date": "1988-1989", "start": 1988, "end": 1989, "eras": [4], "direction": 243, "subjects": null}}, {"type": "Feature", "geometry": {"type": "Point", "coordinates": [-77.435957, 37.545924]}, "properties": {"fid": 111, "img_url": "https://cdn.yesterdays.maprva.org/images/5395/original.jpg", "img_entry": "https://yesterdays.maprva.org/5395/", "date": "3/1956", "start": 1956, "end": 1956, "eras": [3], "direction": 342, "subjects": null}}, {"type": "Feature", "geometry": {"type": "Point", "coordinates": [-77.435117, 37.552741]}, "properties": {"fid": 112, "img_url": "https://cdn.yesterdays.maprva.org/images/5054/original.jpg", "img_entry": "https://yesterdays.maprva.org/5054/", "date": "4/1956", "start": 1956, "end": 1956, "eras": [3], "direction": 308, "subjects": null}}, {"type": "Feature", "geometry": {"type": "Point", "coordinates": [-77.435989, 37.547558]}, "properties": {"fid": 113, "img_url": "https://cdn.yesterdays.maprva.org/images/1668/original.jpg", "img_entry": "https://yesterdays.maprva.org/1668/", "date": "1950-1955", "start": 1950, "end": 1955, "eras": [2, 3], "direction": 85, "subjects": null}}, {"type": "Feature", "geometry": {"type": "Point", "coordinates": [-77.436236, 37.551597]}, "properties": {"fid": 114, "img_url": "https://cdn.yesterdays.maprva.org/images/4096/original.jpg", "img_entry": "https://yesterdays.maprva.org/4096/", "date": "1/1956", "start": 1956, "end": 1956, "eras": [3], "direction": 267, "subjects": null}}, {"type": "Feature", "geometry": {"type": "Point", "coordinates": [-77.431595, 37.552102]}, "properties": {"fid": 115, "img_url": "https://cdn.yesterdays.maprva.org/images/15525/original.jpg", "img_entry": "https://yesterdays.maprva.org/15525/", "date": "1880-1920", "start": 1880, "end": 1920, "eras": [0, 1], "direction": 352, "subjects": ["Q3959678"]}}, {"type": "Feature", "geometry": {"type": "Point", "coordinates": [-77.435983, 37.55199]}, "properties": {"fid": 116, "img_url": "https://cdn.yesterdays.maprva.org/images/5051/original.jpg", "img_entry": "https://yesterdays.maprva.org/5051/", "date": "4/1956", "start": 1956, "end": 1956, "eras": [3], "direction": 94, "subjects": ["Q726", "Q859281"]}}, {"type": "Feature", "geometry": {"type": "Point", "coordinates": [-77.435546, 37.552919]}, "properties": {"fid": 117, "img_url": "https://cdn.yesterdays.maprva.org/images/5055/original.jpg", "img_entry": "https://yesterdays.maprva.org/5055/", "date": "4/1956", "start": 1956, "end": 1956, "eras": [3], "direction": 116, "subjects": null}}, {"type": "Feature", "geometry": {"type": "Point", "coordinates": [-77.435994, 37.54745]}, "properties": {"fid": 118, "img_url": "https://cdn.yesterdays.maprva.org/images/5336/original.jpg", "img_entry": "https://yesterdays.maprva.org/5336/", "date": "5/1970", "start": 1970, "end": 1970, "eras": [4], "direction": 336, "subjects": ["Q136417397", "Q16901587"]}}, {"type": "Feature", "geometry": {"type": "Point", "coordinates": [-77.43187, 37.55257]}, "properties": {"fid": 119, "img_url": "https://cdn.yesterdays.maprva.org/images/1730/original.jpg", "img_entry": "https://yesterdays.maprva.org/1730/", "date": "1941-1949", "start": 1941, "end": 1949, "eras": [2], "direction": 75, "subjects": ["Q3959678", "Q16159645"]}}, {"type": "Feature", "geometry": {"type": "Point", "coordinates": [-77.431602, 37.552076]}, "properties": {"fid": 120, "img_url": "https://cdn.yesterdays.maprva.org/images/1733/original.jpg", "img_entry": "https://yesterdays.maprva.org/1733/", "date": "Circa 1950", "start": 1950, "end": 1950, "eras": [2], "direction": 353, "subjects": ["Q3959678"]}}, {"type": "Feature", "geometry": {"type": "Point", "coordinates": [-77.432246, 37.551833]}, "properties": {"fid": 121, "img_url": "https://cdn.yesterdays.maprva.org/images/1734/original.jpg", "img_entry": "https://yesterdays.maprva.org/1734/", "date": "1941-1949", "start": 1941, "end": 1949, "eras": [2], "direction": 280, "subjects": ["Q3959678"]}}, {"type": "Feature", "geometry": {"type": "Point", "coordinates": [-77.440688, 37.547582]}, "properties": {"fid": 122, "img_url": "https://cdn.yesterdays.maprva.org/images/34085/original.jpg", "img_entry": "https://yesterdays.maprva.org/34085/", "date": "1975", "start": 1975, "end": 1975, "eras": [4], "direction": 38, "subjects": null}}, {"type": "Feature", "geometry": {"type": "Point", "coordinates": [-77.437093, 37.54636]}, "properties": {"fid": 123, "img_url": "https://cdn.yesterdays.maprva.org/images/34155/original.jpg", "img_entry": "https://yesterdays.maprva.org/34155/", "date": "1975", "start": 1975, "end": 1975, "eras": [4], "direction": 89, "subjects": ["Q900557"]}}, {"type": "Feature", "geometry": {"type": "Point", "coordinates": [-77.436774, 37.549754]}, "properties": {"fid": 124, "img_url": "https://cdn.yesterdays.maprva.org/images/34148/original.jpg", "img_entry": "https://yesterdays.maprva.org/34148/", "date": "1975", "start": 1975, "end": 1975, "eras": [4], "direction": 228, "subjects": null}}, {"type": "Feature", "geometry": {"type": "Point", "coordinates": [-77.436581, 37.5482]}, "properties": {"fid": 125, "img_url": "https://cdn.yesterdays.maprva.org/images/34149/original.jpg", "img_entry": "https://yesterdays.maprva.org/34149/", "date": "1975", "start": 1975, "end": 1975, "eras": [4], "direction": 7, "subjects": ["Q152946"]}}, {"type": "Feature", "geometry": {"type": "Point", "coordinates": [-77.438171, 37.546602]}, "properties": {"fid": 126, "img_url": "https://cdn.yesterdays.maprva.org/images/34150/original.jpg", "img_entry": "https://yesterdays.maprva.org/34150/", "date": "1975", "start": 1975, "end": 1975, "eras": [4], "direction": 124, "subjects": null}}, {"type": "Feature", "geometry": {"type": "Point", "coordinates": [-77.438968, 37.547236]}, "properties": {"fid": 127, "img_url": "https://cdn.yesterdays.maprva.org/images/34146/original.jpg", "img_entry": "https://yesterdays.maprva.org/34146/", "date": "1975", "start": 1975, "end": 1975, "eras": [4], "direction": 304, "subjects": null}}, {"type": "Feature", "geometry": {"type": "Point", "coordinates": [-77.439531, 37.546606]}, "properties": {"fid": 128, "img_url": "https://cdn.yesterdays.maprva.org/images/34152/original.jpg", "img_entry": "https://yesterdays.maprva.org/34152/", "date": "1975", "start": 1975, "end": 1975, "eras": [4], "direction": 9, "subjects": null}}, {"type": "Feature", "geometry": {"type": "Point", "coordinates": [-77.439026, 37.54723]}, "properties": {"fid": 129, "img_url": "https://cdn.yesterdays.maprva.org/images/34147/original.jpg", "img_entry": "https://yesterdays.maprva.org/34147/", "date": "1975", "start": 1975, "end": 1975, "eras": [4], "direction": 104, "subjects": null}}, {"type": "Feature", "geometry": {"type": "Point", "coordinates": [-77.437121, 37.546339]}, "properties": {"fid": 130, "img_url": "https://cdn.yesterdays.maprva.org/images/34156/original.jpg", "img_entry": "https://yesterdays.maprva.org/34156/", "date": "1975", "start": 1975, "end": 1975, "eras": [4], "direction": 70, "subjects": ["Q900557"]}}, {"type": "Feature", "geometry": {"type": "Point", "coordinates": [-77.437883, 37.546892]}, "properties": {"fid": 131, "img_url": "https://cdn.yesterdays.maprva.org/images/34157/original.jpg", "img_entry": "https://yesterdays.maprva.org/34157/", "date": "1975", "start": 1975, "end": 1975, "eras": [4], "direction": 331, "subjects": null}}, {"type": "Feature", "geometry": {"type": "Point", "coordinates": [-77.436251, 37.547278]}, "properties": {"fid": 132, "img_url": "https://cdn.yesterdays.maprva.org/images/34159/original.jpg", "img_entry": "https://yesterdays.maprva.org/34159/", "date": "1975", "start": 1975, "end": 1975, "eras": [4], "direction": 78, "subjects": null}}, {"type": "Feature", "geometry": {"type": "Point", "coordinates": [-77.437999, 37.544629]}, "properties": {"fid": 133, "img_url": "https://cdn.yesterdays.maprva.org/images/16705/original.jpg", "img_entry": "https://yesterdays.maprva.org/16705/", "date": "[1900..1930]", "start": 1900, "end": 1930, "eras": [1, 2], "direction": 66, "subjects": ["Q139466429"]}}, {"type": "Feature", "geometry": {"type": "Point", "coordinates": [-77.437897, 37.544653]}, "properties": {"fid": 134, "img_url": "https://cdn.yesterdays.maprva.org/images/16708/original.jpg", "img_entry": "https://yesterdays.maprva.org/16708/", "date": "[1900..1930]", "start": 1900, "end": 1930, "eras": [1, 2], "direction": 82, "subjects": ["Q139466429"]}}, {"type": "Feature", "geometry": {"type": "Point", "coordinates": [-77.434077, 37.548886]}, "properties": {"fid": 135, "img_url": "https://cdn.yesterdays.maprva.org/images/24864/original.jpg", "img_entry": "https://yesterdays.maprva.org/24864/", "date": "March 1987", "start": 1987, "end": 1987, "eras": [4], "direction": 186, "subjects": null}}, {"type": "Feature", "geometry": {"type": "Point", "coordinates": [-77.436521, 37.546815]}, "properties": {"fid": 136, "img_url": "https://cdn.yesterdays.maprva.org/images/11328/original.jpg", "img_entry": "https://yesterdays.maprva.org/11328/", "date": "2/4/1955", "start": 1955, "end": 1955, "eras": [3], "direction": 342, "subjects": null}}, {"type": "Feature", "geometry": {"type": "Point", "coordinates": [-77.438169, 37.543402]}, "properties": {"fid": 137, "img_url": "https://cdn.yesterdays.maprva.org/images/23707/original.jpg", "img_entry": "https://yesterdays.maprva.org/23707/", "date": "August 1997", "start": 1997, "end": 1997, "eras": [4], "direction": 98, "subjects": null}}, {"type": "Feature", "geometry": {"type": "Point", "coordinates": [-77.440552, 37.544642]}, "properties": {"fid": 138, "img_url": "https://cdn.yesterdays.maprva.org/images/23804/original.jpg", "img_entry": "https://yesterdays.maprva.org/23804/", "date": "April 1998", "start": 1998, "end": 1998, "eras": [4], "direction": 78, "subjects": null}}, {"type": "Feature", "geometry": {"type": "Point", "coordinates": [-77.440317, 37.544491]}, "properties": {"fid": 139, "img_url": "https://cdn.yesterdays.maprva.org/images/23805/original.jpg", "img_entry": "https://yesterdays.maprva.org/23805/", "date": "April 1998", "start": 1998, "end": 1998, "eras": [4], "direction": 70, "subjects": null}}, {"type": "Feature", "geometry": {"type": "Point", "coordinates": [-77.439854, 37.546988]}, "properties": {"fid": 140, "img_url": "https://cdn.yesterdays.maprva.org/images/34166/original.jpg", "img_entry": "https://yesterdays.maprva.org/34166/", "date": "1975", "start": 1975, "end": 1975, "eras": [4], "direction": 333, "subjects": null}}, {"type": "Feature", "geometry": {"type": "Point", "coordinates": [-77.439441, 37.543979]}, "properties": {"fid": 141, "img_url": "https://cdn.yesterdays.maprva.org/images/16789/original.jpg", "img_entry": "https://yesterdays.maprva.org/16789/", "date": "[1900..1930]", "start": 1900, "end": 1930, "eras": [1, 2], "direction": 98, "subjects": ["Q5325784"]}}, {"type": "Feature", "geometry": {"type": "Point", "coordinates": [-77.436851, 37.550878]}, "properties": {"fid": 142, "img_url": "https://cdn.yesterdays.maprva.org/images/16865/original.jpg", "img_entry": "https://yesterdays.maprva.org/16865/", "date": "[1900..1930]", "start": 1900, "end": 1930, "eras": [1, 2], "direction": 337, "subjects": ["Q16900575"]}}, {"type": "Feature", "geometry": {"type": "Point", "coordinates": [-77.431606, 37.552096]}, "properties": {"fid": 143, "img_url": "https://cdn.yesterdays.maprva.org/images/15538/original.jpg", "img_entry": "https://yesterdays.maprva.org/15538/", "date": "1880-1920", "start": 1880, "end": 1920, "eras": [0, 1], "direction": 3, "subjects": ["Q3959678"]}}, {"type": "Feature", "geometry": {"type": "Point", "coordinates": [-77.439648, 37.546847]}, "properties": {"fid": 144, "img_url": "https://cdn.yesterdays.maprva.org/images/34172/original.jpg", "img_entry": "https://yesterdays.maprva.org/34172/", "date": "1975", "start": 1975, "end": 1975, "eras": [4], "direction": 219, "subjects": null}}, {"type": "Feature", "geometry": {"type": "Point", "coordinates": [-77.438476, 37.546353]}, "properties": {"fid": 145, "img_url": "https://cdn.yesterdays.maprva.org/images/34173/original.jpg", "img_entry": "https://yesterdays.maprva.org/34173/", "date": "1975", "start": 1975, "end": 1975, "eras": [4], "direction": 269, "subjects": ["Q3410466", "Q8004"]}}, {"type": "Feature", "geometry": {"type": "Point", "coordinates": [-77.438078, 37.545935]}, "properties": {"fid": 146, "img_url": "https://cdn.yesterdays.maprva.org/images/34175/original.jpg", "img_entry": "https://yesterdays.maprva.org/34175/", "date": "1975", "start": 1975, "end": 1975, "eras": [4], "direction": 13, "subjects": null}}, {"type": "Feature", "geometry": {"type": "Point", "coordinates": [-77.437363, 37.545451]}, "properties": {"fid": 147, "img_url": "https://cdn.yesterdays.maprva.org/images/34176/original.jpg", "img_entry": "https://yesterdays.maprva.org/34176/", "date": "1975", "start": 1975, "end": 1975, "eras": [4], "direction": 336, "subjects": null}}, {"type": "Feature", "geometry": {"type": "Point", "coordinates": [-77.43813, 37.546042]}, "properties": {"fid": 148, "img_url": "https://cdn.yesterdays.maprva.org/images/34177/original.jpg", "img_entry": "https://yesterdays.maprva.org/34177/", "date": "1975", "start": 1975, "end": 1975, "eras": [4], "direction": 174, "subjects": ["Q900557"]}}, {"type": "Feature", "geometry": {"type": "Point", "coordinates": [-77.438038, 37.545912]}, "properties": {"fid": 149, "img_url": "https://cdn.yesterdays.maprva.org/images/34178/original.jpg", "img_entry": "https://yesterdays.maprva.org/34178/", "date": "1975", "start": 1975, "end": 1975, "eras": [4], "direction": 220, "subjects": ["Q900557"]}}, {"type": "Feature", "geometry": {"type": "Point", "coordinates": [-77.431281, 37.552921]}, "properties": {"fid": 150, "img_url": "https://cdn.yesterdays.maprva.org/images/23647/original.jpg", "img_entry": "https://yesterdays.maprva.org/23647/", "date": "April 1998", "start": 1998, "end": 1998, "eras": [4], "direction": 90, "subjects": ["Q16159645"]}}, {"type": "Feature", "geometry": {"type": "Point", "coordinates": [-77.438878, 37.543822]}, "properties": {"fid": 151, "img_url": "https://cdn.yesterdays.maprva.org/images/1900/original.jpg", "img_entry": "https://yesterdays.maprva.org/1900/", "date": "12/3/1899", "start": 1899, "end": 1899, "eras": [1], "direction": 9, "subjects": null}}, {"type": "Feature", "geometry": {"type": "Point", "coordinates": [-77.437287, 37.548994]}, "properties": {"fid": 152, "img_url": "https://cdn.yesterdays.maprva.org/images/34188/original.jpg", "img_entry": "https://yesterdays.maprva.org/34188/", "date": "1975", "start": 1975, "end": 1975, "eras": [4], "direction": 274, "subjects": null}}, {"type": "Feature", "geometry": {"type": "Point", "coordinates": [-77.437753, 37.548951]}, "properties": {"fid": 153, "img_url": "https://cdn.yesterdays.maprva.org/images/34189/original.jpg", "img_entry": "https://yesterdays.maprva.org/34189/", "date": "1975", "start": 1975, "end": 1975, "eras": [4], "direction": 37, "subjects": null}}, {"type": "Feature", "geometry": {"type": "Point", "coordinates": [-77.430005, 37.552112]}, "properties": {"fid": 154, "img_url": "https://cdn.yesterdays.maprva.org/images/16999/original.jpg", "img_entry": "https://yesterdays.maprva.org/16999/", "date": "[1900..1930]", "start": 1900, "end": 1930, "eras": [1, 2], "direction": 73, "subjects": ["Q5695834"]}}, {"type": "Feature", "geometry": {"type": "Point", "coordinates": [-77.435257, 37.552752]}, "properties": {"fid": 155, "img_url": "https://cdn.yesterdays.maprva.org/images/1958/original.jpg", "img_entry": "https://yesterdays.maprva.org/1958/", "date": "4/1954", "start": 1954, "end": 1954, "eras": [3], "direction": 280, "subjects": null}}, {"type": "Feature", "geometry": {"type": "Point", "coordinates": [-77.435191, 37.552603]}, "properties": {"fid": 156, "img_url": "https://cdn.yesterdays.maprva.org/images/1960/original.jpg", "img_entry": "https://yesterdays.maprva.org/1960/", "date": "4/1954", "start": 1954, "end": 1954, "eras": [3], "direction": 282, "subjects": null}}, {"type": "Feature", "geometry": {"type": "Point", "coordinates": [-77.440771, 37.545119]}, "properties": {"fid": 157, "img_url": "https://cdn.yesterdays.maprva.org/images/21439/original.jpg", "img_entry": "https://yesterdays.maprva.org/21439/", "date": "August 1994", "start": 1994, "end": 1994, "eras": [4], "direction": 223, "subjects": null}}, {"type": "Feature", "geometry": {"type": "Point", "coordinates": [-77.440756, 37.545109]}, "properties": {"fid": 158, "img_url": "https://cdn.yesterdays.maprva.org/images/21441/original.jpg", "img_entry": "https://yesterdays.maprva.org/21441/", "date": "August 1994", "start": 1994, "end": 1994, "eras": [4], "direction": 223, "subjects": null}}, {"type": "Feature", "geometry": {"type": "Point", "coordinates": [-77.44103, 37.544974]}, "properties": {"fid": 159, "img_url": "https://cdn.yesterdays.maprva.org/images/21440/original.jpg", "img_entry": "https://yesterdays.maprva.org/21440/", "date": "August 1994", "start": 1994, "end": 1994, "eras": [4], "direction": 147, "subjects": null}}, {"type": "Feature", "geometry": {"type": "Point", "coordinates": [-77.440003, 37.546085]}, "properties": {"fid": 160, "img_url": "https://cdn.yesterdays.maprva.org/images/21477/original.jpg", "img_entry": "https://yesterdays.maprva.org/21477/", "date": "April 1997", "start": 1997, "end": 1997, "eras": [4], "direction": 288, "subjects": null}}, {"type": "Feature", "geometry": {"type": "Point", "coordinates": [-77.43477, 37.54858]}, "properties": {"fid": 161, "img_url": "https://cdn.yesterdays.maprva.org/images/22956/original.jpg", "img_entry": "https://yesterdays.maprva.org/22956/", "date": "[1940..2000]", "start": 1940, "end": 2000, "eras": [2, 3, 4, 5], "direction": 336, "subjects": null}}, {"type": "Feature", "geometry": {"type": "Point", "coordinates": [-77.441981, 37.545588]}, "properties": {"fid": 162, "img_url": "https://cdn.yesterdays.maprva.org/images/26193/original.jpg", "img_entry": "https://yesterdays.maprva.org/26193/", "date": "June 1986", "start": 1986, "end": 1986, "eras": [4], "direction": 163, "subjects": null}}, {"type": "Feature", "geometry": {"type": "Point", "coordinates": [-77.438788, 37.549054]}, "properties": {"fid": 163, "img_url": "https://cdn.yesterdays.maprva.org/images/29944/original.jpg", "img_entry": "https://yesterdays.maprva.org/29944/", "date": "June 1990", "start": 1990, "end": 1990, "eras": [4], "direction": 115, "subjects": null}}, {"type": "Feature", "geometry": {"type": "Point", "coordinates": [-77.439124, 37.5442]}, "properties": {"fid": 164, "img_url": "https://cdn.yesterdays.maprva.org/images/17200/original.jpg", "img_entry": "https://yesterdays.maprva.org/17200/", "date": "[1900..1930]", "start": 1900, "end": 1930, "eras": [1, 2], "direction": 248, "subjects": null}}, {"type": "Feature", "geometry": {"type": "Point", "coordinates": [-77.441082, 37.544958]}, "properties": {"fid": 165, "img_url": "https://cdn.yesterdays.maprva.org/images/26202/original.jpg", "img_entry": "https://yesterdays.maprva.org/26202/", "date": "[1965..2000]", "start": 1965, "end": 2000, "eras": [4, 5], "direction": 269, "subjects": null}}, {"type": "Feature", "geometry": {"type": "Point", "coordinates": [-77.441221, 37.544988]}, "properties": {"fid": 166, "img_url": "https://cdn.yesterdays.maprva.org/images/26208/original.jpg", "img_entry": "https://yesterdays.maprva.org/26208/", "date": "July 1995", "start": 1995, "end": 1995, "eras": [4], "direction": 306, "subjects": null}}, {"type": "Feature", "geometry": {"type": "Point", "coordinates": [-77.442436, 37.545194]}, "properties": {"fid": 167, "img_url": "https://cdn.yesterdays.maprva.org/images/26210/original.jpg", "img_entry": "https://yesterdays.maprva.org/26210/", "date": "May 1997", "start": 1997, "end": 1997, "eras": [4], "direction": 105, "subjects": null}}, {"type": "Feature", "geometry": {"type": "Point", "coordinates": [-77.442148, 37.545755]}, "properties": {"fid": 168, "img_url": "https://cdn.yesterdays.maprva.org/images/26233/original.jpg", "img_entry": "https://yesterdays.maprva.org/26233/", "date": "June 1986", "start": 1986, "end": 1986, "eras": [4], "direction": 41, "subjects": null}}, {"type": "Feature", "geometry": {"type": "Point", "coordinates": [-77.442045, 37.545784]}, "properties": {"fid": 169, "img_url": "https://cdn.yesterdays.maprva.org/images/26236/original.jpg", "img_entry": "https://yesterdays.maprva.org/26236/", "date": "[1965..2000]", "start": 1965, "end": 2000, "eras": [4, 5], "direction": 25, "subjects": null}}, {"type": "Feature", "geometry": {"type": "Point", "coordinates": [-77.442053, 37.545787]}, "properties": {"fid": 170, "img_url": "https://cdn.yesterdays.maprva.org/images/26241/original.jpg", "img_entry": "https://yesterdays.maprva.org/26241/", "date": "[1965..2000]", "start": 1965, "end": 2000, "eras": [4, 5], "direction": 353, "subjects": null}}, {"type": "Feature", "geometry": {"type": "Point", "coordinates": [-77.442136, 37.545796]}, "properties": {"fid": 171, "img_url": "https://cdn.yesterdays.maprva.org/images/26257/original.jpg", "img_entry": "https://yesterdays.maprva.org/26257/", "date": "October 1993", "start": 1993, "end": 1993, "eras": [4], "direction": 232, "subjects": null}}, {"type": "Feature", "geometry": {"type": "Point", "coordinates": [-77.431594, 37.552107]}, "properties": {"fid": 172, "img_url": "https://cdn.yesterdays.maprva.org/images/17207/original.jpg", "img_entry": "https://yesterdays.maprva.org/17207/", "date": "[1900..1930]", "start": 1900, "end": 1930, "eras": [1, 2], "direction": 340, "subjects": ["Q3959678"]}}, {"type": "Feature", "geometry": {"type": "Point", "coordinates": [-77.438105, 37.543528]}, "properties": {"fid": 173, "img_url": "https://cdn.yesterdays.maprva.org/images/19744/original.jpg", "img_entry": "https://yesterdays.maprva.org/19744/", "date": "April 1970", "start": 1970, "end": 1970, "eras": [4], "direction": 275, "subjects": ["Q5061482"]}}, {"type": "Feature", "geometry": {"type": "Point", "coordinates": [-77.440581, 37.547419]}, "properties": {"fid": 174, "img_url": "https://cdn.yesterdays.maprva.org/images/29532/original.jpg", "img_entry": "https://yesterdays.maprva.org/29532/", "date": "April 1975", "start": 1975, "end": 1975, "eras": [4], "direction": 167, "subjects": null}}, {"type": "Feature", "geometry": {"type": "Point", "coordinates": [-77.439306, 37.544127]}, "properties": {"fid": 175, "img_url": "https://cdn.yesterdays.maprva.org/images/14361/original.tiff", "img_entry": "https://yesterdays.maprva.org/14361/", "date": "no date", "start": 1908, "end": 1924, "eras": [1], "direction": 172, "subjects": null}}, {"type": "Feature", "geometry": {"type": "Point", "coordinates": [-77.440537, 37.547392]}, "properties": {"fid": 176, "img_url": "https://cdn.yesterdays.maprva.org/images/29680/original.jpg", "img_entry": "https://yesterdays.maprva.org/29680/", "date": "June 1992", "start": 1992, "end": 1992, "eras": [4], "direction": 160, "subjects": null}}, {"type": "Feature", "geometry": {"type": "Point", "coordinates": [-77.439727, 37.54711]}, "properties": {"fid": 177, "img_url": "https://cdn.yesterdays.maprva.org/images/29692/original.jpg", "img_entry": "https://yesterdays.maprva.org/29692/", "date": "August 1998", "start": 1998, "end": 1998, "eras": [4], "direction": 19, "subjects": ["Q900557"]}}, {"type": "Feature", "geometry": {"type": "Point", "coordinates": [-77.439563, 37.547391]}, "properties": {"fid": 178, "img_url": "https://cdn.yesterdays.maprva.org/images/29693/original.jpg", "img_entry": "https://yesterdays.maprva.org/29693/", "date": "August 1998", "start": 1998, "end": 1998, "eras": [4], "direction": 201, "subjects": null}}, {"type": "Feature", "geometry": {"type": "Point", "coordinates": [-77.439094, 37.546533]}, "properties": {"fid": 179, "img_url": "https://cdn.yesterdays.maprva.org/images/29701/original.jpg", "img_entry": "https://yesterdays.maprva.org/29701/", "date": "September 1995", "start": 1995, "end": 1995, "eras": [4], "direction": 191, "subjects": null}}, {"type": "Feature", "geometry": {"type": "Point", "coordinates": [-77.439318, 37.546475]}, "properties": {"fid": 180, "img_url": "https://cdn.yesterdays.maprva.org/images/29704/original.jpg", "img_entry": "https://yesterdays.maprva.org/29704/", "date": "September 1995", "start": 1995, "end": 1995, "eras": [4], "direction": 129, "subjects": null}}, {"type": "Feature", "geometry": {"type": "Point", "coordinates": [-77.437492, 37.54734]}, "properties": {"fid": 181, "img_url": "https://cdn.yesterdays.maprva.org/images/29870/original.jpg", "img_entry": "https://yesterdays.maprva.org/29870/", "date": "November 1997", "start": 1997, "end": 1997, "eras": [4], "direction": 310, "subjects": ["Q8004"]}}, {"type": "Feature", "geometry": {"type": "Point", "coordinates": [-77.437384, 37.547485]}, "properties": {"fid": 182, "img_url": "https://cdn.yesterdays.maprva.org/images/29869/original.jpg", "img_entry": "https://yesterdays.maprva.org/29869/", "date": "November 1997", "start": 1997, "end": 1997, "eras": [4], "direction": 248, "subjects": ["Q8004"]}}, {"type": "Feature", "geometry": {"type": "Point", "coordinates": [-77.437652, 37.548169]}, "properties": {"fid": 183, "img_url": "https://cdn.yesterdays.maprva.org/images/29860/original.jpg", "img_entry": "https://yesterdays.maprva.org/29860/", "date": "December 1993", "start": 1993, "end": 1993, "eras": [4], "direction": 218, "subjects": null}}, {"type": "Feature", "geometry": {"type": "Point", "coordinates": [-77.438067, 37.548288]}, "properties": {"fid": 184, "img_url": "https://cdn.yesterdays.maprva.org/images/29928/original.jpg", "img_entry": "https://yesterdays.maprva.org/29928/", "date": "April 1975", "start": 1975, "end": 1975, "eras": [4], "direction": 334, "subjects": null}}, {"type": "Feature", "geometry": {"type": "Point", "coordinates": [-77.439724, 37.547976]}, "properties": {"fid": 185, "img_url": "https://cdn.yesterdays.maprva.org/images/29935/original.jpg", "img_entry": "https://yesterdays.maprva.org/29935/", "date": "February 1990", "start": 1990, "end": 1990, "eras": [4], "direction": 319, "subjects": null}}, {"type": "Feature", "geometry": {"type": "Point", "coordinates": [-77.438608, 37.549294]}, "properties": {"fid": 186, "img_url": "https://cdn.yesterdays.maprva.org/images/29946/original.jpg", "img_entry": "https://yesterdays.maprva.org/29946/", "date": "June 1997", "start": 1997, "end": 1997, "eras": [4], "direction": 169, "subjects": null}}, {"type": "Feature", "geometry": {"type": "Point", "coordinates": [-77.440881, 37.545058]}, "properties": {"fid": 187, "img_url": "https://cdn.yesterdays.maprva.org/images/7572/1/transformed.webp", "img_entry": "https://yesterdays.maprva.org/7572/", "date": "2004", "start": 2004, "end": 2004, "eras": [5], "direction": 130, "subjects": ["Q7561"]}}, {"type": "Feature", "geometry": {"type": "Point", "coordinates": [-77.436746, 37.549671]}, "properties": {"fid": 188, "img_url": "https://cdn.yesterdays.maprva.org/images/22947/original.jpg", "img_entry": "https://yesterdays.maprva.org/22947/", "date": "[1940..2000]", "start": 1940, "end": 2000, "eras": [2, 3, 4, 5], "direction": 86, "subjects": null}}, {"type": "Feature", "geometry": {"type": "Point", "coordinates": [-77.437274, 37.549069]}, "properties": {"fid": 189, "img_url": "https://cdn.yesterdays.maprva.org/images/22951/original.jpg", "img_entry": "https://yesterdays.maprva.org/22951/", "date": "[1940..2000]", "start": 1940, "end": 2000, "eras": [2, 3, 4, 5], "direction": 333, "subjects": null}}, {"type": "Feature", "geometry": {"type": "Point", "coordinates": [-77.437369, 37.548883]}, "properties": {"fid": 190, "img_url": "https://cdn.yesterdays.maprva.org/images/22952/original.jpg", "img_entry": "https://yesterdays.maprva.org/22952/", "date": "[1940..2000]", "start": 1940, "end": 2000, "eras": [2, 3, 4, 5], "direction": 147, "subjects": null}}, {"type": "Feature", "geometry": {"type": "Point", "coordinates": [-77.436729, 37.548354]}, "properties": {"fid": 191, "img_url": "https://cdn.yesterdays.maprva.org/images/22953/original.jpg", "img_entry": "https://yesterdays.maprva.org/22953/", "date": "[1940..2000]", "start": 1940, "end": 2000, "eras": [2, 3, 4, 5], "direction": 107, "subjects": null}}, {"type": "Feature", "geometry": {"type": "Point", "coordinates": [-77.436705, 37.548331]}, "properties": {"fid": 192, "img_url": "https://cdn.yesterdays.maprva.org/images/22954/original.jpg", "img_entry": "https://yesterdays.maprva.org/22954/", "date": "[1940..2000]", "start": 1940, "end": 2000, "eras": [2, 3, 4, 5], "direction": 71, "subjects": null}}, {"type": "Feature", "geometry": {"type": "Point", "coordinates": [-77.436156, 37.548416]}, "properties": {"fid": 193, "img_url": "https://cdn.yesterdays.maprva.org/images/22955/original.jpg", "img_entry": "https://yesterdays.maprva.org/22955/", "date": "[1940..2000]", "start": 1940, "end": 2000, "eras": [2, 3, 4, 5], "direction": 278, "subjects": null}}, {"type": "Feature", "geometry": {"type": "Point", "coordinates": [-77.436933, 37.549175]}, "properties": {"fid": 194, "img_url": "https://cdn.yesterdays.maprva.org/images/22957/original.jpg", "img_entry": "https://yesterdays.maprva.org/22957/", "date": "[1940..2000]", "start": 1940, "end": 2000, "eras": [2, 3, 4, 5], "direction": 36, "subjects": null}}, {"type": "Feature", "geometry": {"type": "Point", "coordinates": [-77.4364, 37.548408]}, "properties": {"fid": 195, "img_url": "https://cdn.yesterdays.maprva.org/images/22960/original.jpg", "img_entry": "https://yesterdays.maprva.org/22960/", "date": "August 1995", "start": 1995, "end": 1995, "eras": [4], "direction": 240, "subjects": null}}, {"type": "Feature", "geometry": {"type": "Point", "coordinates": [-77.434833, 37.553023]}, "properties": {"fid": 196, "img_url": "https://cdn.yesterdays.maprva.org/images/3076/original.jpg", "img_entry": "https://yesterdays.maprva.org/3076/", "date": "4/1954", "start": 1954, "end": 1954, "eras": [3], "direction": 329, "subjects": null}}, {"type": "Feature", "geometry": {"type": "Point", "coordinates": [-77.43763, 37.547638]}, "properties": {"fid": 197, "img_url": "https://cdn.yesterdays.maprva.org/images/29867/original.jpg", "img_entry": "https://yesterdays.maprva.org/29867/", "date": "November 1997", "start": 1997, "end": 1997, "eras": [4], "direction": 189, "subjects": null}}, {"type": "Feature", "geometry": {"type": "Point", "coordinates": [-77.437515, 37.54726]}, "properties": {"fid": 198, "img_url": "https://cdn.yesterdays.maprva.org/images/29874/original.jpg", "img_entry": "https://yesterdays.maprva.org/29874/", "date": "November 1997", "start": 1997, "end": 1997, "eras": [4], "direction": 311, "subjects": null}}, {"type": "Feature", "geometry": {"type": "Point", "coordinates": [-77.436917, 37.546595]}, "properties": {"fid": 199, "img_url": "https://cdn.yesterdays.maprva.org/images/29919/original.jpg", "img_entry": "https://yesterdays.maprva.org/29919/", "date": "July 1994", "start": 1994, "end": 1994, "eras": [4], "direction": 132, "subjects": null}}, {"type": "Feature", "geometry": {"type": "Point", "coordinates": [-77.439941, 37.547741]}, "properties": {"fid": 200, "img_url": "https://cdn.yesterdays.maprva.org/images/29933/original.jpg", "img_entry": "https://yesterdays.maprva.org/29933/", "date": "[1965..2000]", "start": 1965, "end": 2000, "eras": [4, 5], "direction": 283, "subjects": null}}, {"type": "Feature", "geometry": {"type": "Point", "coordinates": [-77.440851, 37.545163]}, "properties": {"fid": 201, "img_url": "https://cdn.yesterdays.maprva.org/images/26209/original.jpg", "img_entry": "https://yesterdays.maprva.org/26209/", "date": "July 1995", "start": 1995, "end": 1995, "eras": [4], "direction": 243, "subjects": null}}, {"type": "Feature", "geometry": {"type": "Point", "coordinates": [-77.44162, 37.545491]}, "properties": {"fid": 202, "img_url": "https://cdn.yesterdays.maprva.org/images/26191/original.jpg", "img_entry": "https://yesterdays.maprva.org/26191/", "date": "August 1980", "start": 1980, "end": 1980, "eras": [4], "direction": 246, "subjects": null}}, {"type": "Feature", "geometry": {"type": "Point", "coordinates": [-77.441583, 37.545592]}, "properties": {"fid": 203, "img_url": "https://cdn.yesterdays.maprva.org/images/26225/original.jpg", "img_entry": "https://yesterdays.maprva.org/26225/", "date": "[1965..2000]", "start": 1965, "end": 2000, "eras": [4, 5], "direction": 171, "subjects": null}}, {"type": "Feature", "geometry": {"type": "Point", "coordinates": [-77.440033, 37.545853]}, "properties": {"fid": 204, "img_url": "https://cdn.yesterdays.maprva.org/images/29640/original.jpg", "img_entry": "https://yesterdays.maprva.org/29640/", "date": "April 1975", "start": 1975, "end": 1975, "eras": [4], "direction": 279, "subjects": null}}, {"type": "Feature", "geometry": {"type": "Point", "coordinates": [-77.440018, 37.544833]}, "properties": {"fid": 205, "img_url": "https://cdn.yesterdays.maprva.org/images/23183/original.jpg", "img_entry": "https://yesterdays.maprva.org/23183/", "date": "March 1995", "start": 1995, "end": 1995, "eras": [4], "direction": 166, "subjects": null}}, {"type": "Feature", "geometry": {"type": "Point", "coordinates": [-77.438466, 37.547953]}, "properties": {"fid": 206, "img_url": "https://cdn.yesterdays.maprva.org/images/29528/original.jpg", "img_entry": "https://yesterdays.maprva.org/29528/", "date": "January 1983", "start": 1983, "end": 1983, "eras": [4], "direction": 88, "subjects": null}}, {"type": "Feature", "geometry": {"type": "Point", "coordinates": [-77.437319, 37.545565]}, "properties": {"fid": 207, "img_url": "https://cdn.yesterdays.maprva.org/images/29663/original.jpg", "img_entry": "https://yesterdays.maprva.org/29663/", "date": "July 1994", "start": 1994, "end": 1994, "eras": [4], "direction": 71, "subjects": null}}, {"type": "Feature", "geometry": {"type": "Point", "coordinates": [-77.439909, 37.54714]}, "properties": {"fid": 208, "img_url": "https://cdn.yesterdays.maprva.org/images/29666/original.jpg", "img_entry": "https://yesterdays.maprva.org/29666/", "date": "April 1976", "start": 1976, "end": 1976, "eras": [4], "direction": 268, "subjects": null}}, {"type": "Feature", "geometry": {"type": "Point", "coordinates": [-77.440595, 37.547084]}, "properties": {"fid": 209, "img_url": "https://cdn.yesterdays.maprva.org/images/29672/original.jpg", "img_entry": "https://yesterdays.maprva.org/29672/", "date": "January 1988", "start": 1988, "end": 1988, "eras": [4], "direction": 40, "subjects": null}}, {"type": "Feature", "geometry": {"type": "Point", "coordinates": [-77.440695, 37.547044]}, "properties": {"fid": 210, "img_url": "https://cdn.yesterdays.maprva.org/images/29674/original.jpg", "img_entry": "https://yesterdays.maprva.org/29674/", "date": "January 1988", "start": 1988, "end": 1988, "eras": [4], "direction": 38, "subjects": null}}, {"type": "Feature", "geometry": {"type": "Point", "coordinates": [-77.437014, 37.547262]}, "properties": {"fid": 211, "img_url": "https://cdn.yesterdays.maprva.org/images/29852/original.jpg", "img_entry": "https://yesterdays.maprva.org/29852/", "date": "September 1978", "start": 1978, "end": 1978, "eras": [4], "direction": 263, "subjects": ["Q138655807"]}}, {"type": "Feature", "geometry": {"type": "Point", "coordinates": [-77.436774, 37.547121]}, "properties": {"fid": 212, "img_url": "https://cdn.yesterdays.maprva.org/images/29854/original.jpg", "img_entry": "https://yesterdays.maprva.org/29854/", "date": "September 1978", "start": 1978, "end": 1978, "eras": [4], "direction": 255, "subjects": null}}, {"type": "Feature", "geometry": {"type": "Point", "coordinates": [-77.437226, 37.547233]}, "properties": {"fid": 213, "img_url": "https://cdn.yesterdays.maprva.org/images/29857/original.jpg", "img_entry": "https://yesterdays.maprva.org/29857/", "date": "September 1978", "start": 1978, "end": 1978, "eras": [4], "direction": 87, "subjects": null}}, {"type": "Feature", "geometry": {"type": "Point", "coordinates": [-77.437475, 37.547557]}, "properties": {"fid": 214, "img_url": "https://cdn.yesterdays.maprva.org/images/29865/original.jpg", "img_entry": "https://yesterdays.maprva.org/29865/", "date": "January 1983", "start": 1983, "end": 1983, "eras": [4], "direction": 283, "subjects": null}}, {"type": "Feature", "geometry": {"type": "Point", "coordinates": [-77.43813, 37.547949]}, "properties": {"fid": 215, "img_url": "https://cdn.yesterdays.maprva.org/images/29866/original.jpg", "img_entry": "https://yesterdays.maprva.org/29866/", "date": "April 1975", "start": 1975, "end": 1975, "eras": [4], "direction": 161, "subjects": null}}, {"type": "Feature", "geometry": {"type": "Point", "coordinates": [-77.438328, 37.547922]}, "properties": {"fid": 216, "img_url": "https://cdn.yesterdays.maprva.org/images/29884/original.jpg", "img_entry": "https://yesterdays.maprva.org/29884/", "date": "January 1983", "start": 1983, "end": 1983, "eras": [4], "direction": 357, "subjects": null}}, {"type": "Feature", "geometry": {"type": "Point", "coordinates": [-77.436442, 37.546923]}, "properties": {"fid": 217, "img_url": "https://cdn.yesterdays.maprva.org/images/29918/original.jpg", "img_entry": "https://yesterdays.maprva.org/29918/", "date": "September 1978", "start": 1978, "end": 1978, "eras": [4], "direction": 244, "subjects": null}}, {"type": "Feature", "geometry": {"type": "Point", "coordinates": [-77.432917, 37.550167]}, "properties": {"fid": 218, "img_url": "https://cdn.yesterdays.maprva.org/images/29988/original.jpg", "img_entry": "https://yesterdays.maprva.org/29988/", "date": "February 1978", "start": 1978, "end": 1978, "eras": [4], "direction": 152, "subjects": null}}, {"type": "Feature", "geometry": {"type": "Point", "coordinates": [-77.439912, 37.54442]}, "properties": {"fid": 219, "img_url": "https://cdn.yesterdays.maprva.org/images/7851/original.jpg", "img_entry": "https://yesterdays.maprva.org/7851/", "date": "2004", "start": 2004, "end": 2004, "eras": [5], "direction": 164, "subjects": ["Q5061482"]}}, {"type": "Feature", "geometry": {"type": "Point", "coordinates": [-77.439479, 37.544139]}, "properties": {"fid": 220, "img_url": "https://cdn.yesterdays.maprva.org/images/31315/original.jpg", "img_entry": "https://yesterdays.maprva.org/31315/", "date": "October 1975", "start": 1975, "end": 1975, "eras": [4], "direction": 218, "subjects": ["Q5061482"]}}, {"type": "Feature", "geometry": {"type": "Point", "coordinates": [-77.442045, 37.545531]}, "properties": {"fid": 221, "img_url": "https://cdn.yesterdays.maprva.org/images/26163/original.jpg", "img_entry": "https://yesterdays.maprva.org/26163/", "date": "June 1986", "start": 1986, "end": 1986, "eras": [4], "direction": 39, "subjects": null}}, {"type": "Feature", "geometry": {"type": "Point", "coordinates": [-77.441799, 37.545374]}, "properties": {"fid": 222, "img_url": "https://cdn.yesterdays.maprva.org/images/26165/original.jpg", "img_entry": "https://yesterdays.maprva.org/26165/", "date": "February 1993", "start": 1993, "end": 1993, "eras": [4], "direction": 14, "subjects": null}}, {"type": "Feature", "geometry": {"type": "Point", "coordinates": [-77.4417, 37.54556]}, "properties": {"fid": 223, "img_url": "https://cdn.yesterdays.maprva.org/images/26166/original.jpg", "img_entry": "https://yesterdays.maprva.org/26166/", "date": "February 1990", "start": 1990, "end": 1990, "eras": [4], "direction": null, "subjects": null}}, {"type": "Feature", "geometry": {"type": "Point", "coordinates": [-77.441694, 37.54566]}, "properties": {"fid": 224, "img_url": "https://cdn.yesterdays.maprva.org/images/26169/original.jpg", "img_entry": "https://yesterdays.maprva.org/26169/", "date": "February 1986", "start": 1986, "end": 1986, "eras": [4], "direction": 86, "subjects": null}}, {"type": "Feature", "geometry": {"type": "Point", "coordinates": [-77.441753, 37.545418]}, "properties": {"fid": 225, "img_url": "https://cdn.yesterdays.maprva.org/images/26172/original.jpg", "img_entry": "https://yesterdays.maprva.org/26172/", "date": "February 1993", "start": 1993, "end": 1993, "eras": [4], "direction": 40, "subjects": null}}, {"type": "Feature", "geometry": {"type": "Point", "coordinates": [-77.44152, 37.545405]}, "properties": {"fid": 226, "img_url": "https://cdn.yesterdays.maprva.org/images/26180/original.jpg", "img_entry": "https://yesterdays.maprva.org/26180/", "date": "September 1993", "start": 1993, "end": 1993, "eras": [4], "direction": 50, "subjects": null}}, {"type": "Feature", "geometry": {"type": "Point", "coordinates": [-77.430067, 37.552137]}, "properties": {"fid": 227, "img_url": "https://cdn.yesterdays.maprva.org/images/26825/original.jpg", "img_entry": "https://yesterdays.maprva.org/26825/", "date": "January 1988", "start": 1988, "end": 1988, "eras": [4], "direction": 231, "subjects": ["Q3959678"]}}, {"type": "Feature", "geometry": {"type": "Point", "coordinates": [-77.429867, 37.55218]}, "properties": {"fid": 228, "img_url": "https://cdn.yesterdays.maprva.org/images/26826/original.jpg", "img_entry": "https://yesterdays.maprva.org/26826/", "date": "January 1988", "start": 1988, "end": 1988, "eras": [4], "direction": 279, "subjects": ["Q5695834"]}}, {"type": "Feature", "geometry": {"type": "Point", "coordinates": [-77.429996, 37.552221]}, "properties": {"fid": 229, "img_url": "https://cdn.yesterdays.maprva.org/images/26827/original.jpg", "img_entry": "https://yesterdays.maprva.org/26827/", "date": "January 1988", "start": 1988, "end": 1988, "eras": [4], "direction": 265, "subjects": ["Q5695834"]}}, {"type": "Feature", "geometry": {"type": "Point", "coordinates": [-77.4303, 37.552577]}, "properties": {"fid": 230, "img_url": "https://cdn.yesterdays.maprva.org/images/26831/original.jpg", "img_entry": "https://yesterdays.maprva.org/26831/", "date": "January 1988", "start": 1988, "end": 1988, "eras": [4], "direction": 214, "subjects": ["Q3959678", "Q5695834"]}}, {"type": "Feature", "geometry": {"type": "Point", "coordinates": [-77.432226, 37.551856]}, "properties": {"fid": 231, "img_url": "https://cdn.yesterdays.maprva.org/images/26887/original.jpg", "img_entry": "https://yesterdays.maprva.org/26887/", "date": "January 1988", "start": 1988, "end": 1988, "eras": [4], "direction": 274, "subjects": ["Q3959678"]}}, {"type": "Feature", "geometry": {"type": "Point", "coordinates": [-77.434214, 37.549246]}, "properties": {"fid": 232, "img_url": "https://cdn.yesterdays.maprva.org/images/2101/original.jpg", "img_entry": "https://yesterdays.maprva.org/2101/", "date": "1/1956", "start": 1956, "end": 1956, "eras": [3], "direction": 333, "subjects": null}}, {"type": "Feature", "geometry": {"type": "Point", "coordinates": [-77.439631, 37.544093]}, "properties": {"fid": 233, "img_url": "https://cdn.yesterdays.maprva.org/images/31307/original.jpg", "img_entry": "https://yesterdays.maprva.org/31307/", "date": "October 1975", "start": 1975, "end": 1975, "eras": [4], "direction": 260, "subjects": ["Q5061482"]}}, {"type": "Feature", "geometry": {"type": "Point", "coordinates": [-77.439622, 37.544078]}, "properties": {"fid": 234, "img_url": "https://cdn.yesterdays.maprva.org/images/31314/original.jpg", "img_entry": "https://yesterdays.maprva.org/31314/", "date": "October 1975", "start": 1975, "end": 1975, "eras": [4], "direction": 231, "subjects": ["Q5061482", "Q245117"]}}, {"type": "Feature", "geometry": {"type": "Point", "coordinates": [-77.429495, 37.552172]}, "properties": {"fid": 235, "img_url": "https://cdn.yesterdays.maprva.org/images/26830/original.jpg", "img_entry": "https://yesterdays.maprva.org/26830/", "date": "January 1988", "start": 1988, "end": 1988, "eras": [4], "direction": 29, "subjects": ["Q5695834"]}}, {"type": "Feature", "geometry": {"type": "Point", "coordinates": [-77.432167, 37.551912]}, "properties": {"fid": 236, "img_url": "https://cdn.yesterdays.maprva.org/images/26882/original.jpg", "img_entry": "https://yesterdays.maprva.org/26882/", "date": "January 1988", "start": 1988, "end": 1988, "eras": [4], "direction": 299, "subjects": ["Q3959678"]}}, {"type": "Feature", "geometry": {"type": "Point", "coordinates": [-77.431239, 37.551859]}, "properties": {"fid": 237, "img_url": "https://cdn.yesterdays.maprva.org/images/26886/original.jpg", "img_entry": "https://yesterdays.maprva.org/26886/", "date": "January 1988", "start": 1988, "end": 1988, "eras": [4], "direction": 137, "subjects": ["Q3959678"]}}, {"type": "Feature", "geometry": {"type": "Point", "coordinates": [-77.43833, 37.543642]}, "properties": {"fid": 238, "img_url": "https://cdn.yesterdays.maprva.org/images/7935/original.jpg", "img_entry": "https://yesterdays.maprva.org/7935/", "date": "2003", "start": 2003, "end": 2003, "eras": [5], "direction": 177, "subjects": null}}, {"type": "Feature", "geometry": {"type": "Point", "coordinates": [-77.435471, 37.548672]}, "properties": {"fid": 239, "img_url": "https://cdn.yesterdays.maprva.org/images/8080/original.jpg", "img_entry": "https://yesterdays.maprva.org/8080/", "date": "2004", "start": 2004, "end": 2004, "eras": [5], "direction": 345, "subjects": ["Q136417397"]}}, {"type": "Feature", "geometry": {"type": "Point", "coordinates": [-77.435963, 37.547543]}, "properties": {"fid": 240, "img_url": "https://cdn.yesterdays.maprva.org/images/8074/1/transformed.webp", "img_entry": "https://yesterdays.maprva.org/8074/", "date": "2004", "start": 2004, "end": 2004, "eras": [5], "direction": 74, "subjects": ["Q136417397"]}}, {"type": "Feature", "geometry": {"type": "Point", "coordinates": [-77.435865, 37.547723]}, "properties": {"fid": 241, "img_url": "https://cdn.yesterdays.maprva.org/images/8070/original.jpg", "img_entry": "https://yesterdays.maprva.org/8070/", "date": "2004", "start": 2004, "end": 2004, "eras": [5], "direction": 154, "subjects": ["Q136417397"]}}, {"type": "Feature", "geometry": {"type": "Point", "coordinates": [-77.435486, 37.548725]}, "properties": {"fid": 242, "img_url": "https://cdn.yesterdays.maprva.org/images/8077/1/transformed.webp", "img_entry": "https://yesterdays.maprva.org/8077/", "date": "2004", "start": 2004, "end": 2004, "eras": [5], "direction": 311, "subjects": ["Q136417397"]}}, {"type": "Feature", "geometry": {"type": "Point", "coordinates": [-77.441092, 37.545298]}, "properties": {"fid": 243, "img_url": "https://cdn.yesterdays.maprva.org/images/24446/original.jpg", "img_entry": "https://yesterdays.maprva.org/24446/", "date": "August 1997", "start": 1997, "end": 1997, "eras": [4], "direction": 168, "subjects": null}}, {"type": "Feature", "geometry": {"type": "Point", "coordinates": [-77.435806, 37.547631]}, "properties": {"fid": 244, "img_url": "https://cdn.yesterdays.maprva.org/images/8073/original.jpg", "img_entry": "https://yesterdays.maprva.org/8073/", "date": "2004", "start": 2004, "end": 2004, "eras": [5], "direction": 39, "subjects": ["Q136417397"]}}, {"type": "Feature", "geometry": {"type": "Point", "coordinates": [-77.435478, 37.548717]}, "properties": {"fid": 245, "img_url": "https://cdn.yesterdays.maprva.org/images/8084/original.jpg", "img_entry": "https://yesterdays.maprva.org/8084/", "date": "2004", "start": 2004, "end": 2004, "eras": [5], "direction": 306, "subjects": ["Q136417397"]}}, {"type": "Feature", "geometry": {"type": "Point", "coordinates": [-77.436931, 37.545353]}, "properties": {"fid": 246, "img_url": "https://cdn.yesterdays.maprva.org/images/29661/original.jpg", "img_entry": "https://yesterdays.maprva.org/29661/", "date": "July 1994", "start": 1994, "end": 1994, "eras": [4], "direction": 221, "subjects": null}}, {"type": "Feature", "geometry": {"type": "Point", "coordinates": [-77.435889, 37.547706]}, "properties": {"fid": 247, "img_url": "https://cdn.yesterdays.maprva.org/images/8093/original.jpg", "img_entry": "https://yesterdays.maprva.org/8093/", "date": "2004", "start": 2004, "end": 2004, "eras": [5], "direction": 154, "subjects": ["Q136417397"]}}, {"type": "Feature", "geometry": {"type": "Point", "coordinates": [-77.436975, 37.544851]}, "properties": {"fid": 248, "img_url": "https://cdn.yesterdays.maprva.org/images/29657/original.jpg", "img_entry": "https://yesterdays.maprva.org/29657/", "date": "April 1975", "start": 1975, "end": 1975, "eras": [4], "direction": 358, "subjects": null}}, {"type": "Feature", "geometry": {"type": "Point", "coordinates": [-77.435865, 37.547596]}, "properties": {"fid": 249, "img_url": "https://cdn.yesterdays.maprva.org/images/8085/original.jpg", "img_entry": "https://yesterdays.maprva.org/8085/", "date": "2004", "start": 2004, "end": 2004, "eras": [5], "direction": 185, "subjects": ["Q136417397"]}}, {"type": "Feature", "geometry": {"type": "Point", "coordinates": [-77.439249, 37.546664]}, "properties": {"fid": 250, "img_url": "https://cdn.yesterdays.maprva.org/images/29660/original.jpg", "img_entry": "https://yesterdays.maprva.org/29660/", "date": "April 1975", "start": 1975, "end": 1975, "eras": [4], "direction": 23, "subjects": null}}, {"type": "Feature", "geometry": {"type": "Point", "coordinates": [-77.435129, 37.548498]}, "properties": {"fid": 251, "img_url": "https://cdn.yesterdays.maprva.org/images/8088/original.jpg", "img_entry": "https://yesterdays.maprva.org/8088/", "date": "2004", "start": 2004, "end": 2004, "eras": [5], "direction": 311, "subjects": ["Q136417397"]}}, {"type": "Feature", "geometry": {"type": "Point", "coordinates": [-77.43585, 37.547733]}, "properties": {"fid": 252, "img_url": "https://cdn.yesterdays.maprva.org/images/8091/original.jpg", "img_entry": "https://yesterdays.maprva.org/8091/", "date": "2004", "start": 2004, "end": 2004, "eras": [5], "direction": 147, "subjects": ["Q136417397"]}}, {"type": "Feature", "geometry": {"type": "Point", "coordinates": [-77.437232, 37.545635]}, "properties": {"fid": 253, "img_url": "https://cdn.yesterdays.maprva.org/images/29665/original.jpg", "img_entry": "https://yesterdays.maprva.org/29665/", "date": "July 1994", "start": 1994, "end": 1994, "eras": [4], "direction": 81, "subjects": ["Q900557"]}}, {"type": "Feature", "geometry": {"type": "Point", "coordinates": [-77.441453, 37.545206]}, "properties": {"fid": 254, "img_url": "https://cdn.yesterdays.maprva.org/images/26158/original.jpg", "img_entry": "https://yesterdays.maprva.org/26158/", "date": "February 1993", "start": 1993, "end": 1993, "eras": [4], "direction": null, "subjects": null}}, {"type": "Feature", "geometry": {"type": "Point", "coordinates": [-77.44199, 37.54549]}, "properties": {"fid": 255, "img_url": "https://cdn.yesterdays.maprva.org/images/26164/original.jpg", "img_entry": "https://yesterdays.maprva.org/26164/", "date": "February 1993", "start": 1993, "end": 1993, "eras": [4], "direction": 41, "subjects": null}}, {"type": "Feature", "geometry": {"type": "Point", "coordinates": [-77.435358, 37.548111]}, "properties": {"fid": 256, "img_url": "https://cdn.yesterdays.maprva.org/images/8092/original.jpg", "img_entry": "https://yesterdays.maprva.org/8092/", "date": "2004", "start": 2004, "end": 2004, "eras": [5], "direction": 56, "subjects": ["Q136417397"]}}, {"type": "Feature", "geometry": {"type": "Point", "coordinates": [-77.441764, 37.545518]}, "properties": {"fid": 257, "img_url": "https://cdn.yesterdays.maprva.org/images/26174/original.jpg", "img_entry": "https://yesterdays.maprva.org/26174/", "date": "July 1995", "start": 1995, "end": 1995, "eras": [4], "direction": 62, "subjects": null}}, {"type": "Feature", "geometry": {"type": "Point", "coordinates": [-77.441816, 37.545406]}, "properties": {"fid": 258, "img_url": "https://cdn.yesterdays.maprva.org/images/26176/original.jpg", "img_entry": "https://yesterdays.maprva.org/26176/", "date": "September 1993", "start": 1993, "end": 1993, "eras": [4], "direction": 62, "subjects": null}}, {"type": "Feature", "geometry": {"type": "Point", "coordinates": [-77.439488, 37.546955]}, "properties": {"fid": 259, "img_url": "https://cdn.yesterdays.maprva.org/images/29669/original.jpg", "img_entry": "https://yesterdays.maprva.org/29669/", "date": "June 1987", "start": 1987, "end": 1987, "eras": [4], "direction": 272, "subjects": null}}, {"type": "Feature", "geometry": {"type": "Point", "coordinates": [-77.435434, 37.548659]}, "properties": {"fid": 260, "img_url": "https://cdn.yesterdays.maprva.org/images/8096/original.jpg", "img_entry": "https://yesterdays.maprva.org/8096/", "date": "2004", "start": 2004, "end": 2004, "eras": [5], "direction": 345, "subjects": ["Q136417397"]}}, {"type": "Feature", "geometry": {"type": "Point", "coordinates": [-77.440579, 37.547056]}, "properties": {"fid": 261, "img_url": "https://cdn.yesterdays.maprva.org/images/29671/original.jpg", "img_entry": "https://yesterdays.maprva.org/29671/", "date": "January 1988", "start": 1988, "end": 1988, "eras": [4], "direction": 41, "subjects": null}}, {"type": "Feature", "geometry": {"type": "Point", "coordinates": [-77.435428, 37.548699]}, "properties": {"fid": 262, "img_url": "https://cdn.yesterdays.maprva.org/images/8098/original.jpg", "img_entry": "https://yesterdays.maprva.org/8098/", "date": "2004", "start": 2004, "end": 2004, "eras": [5], "direction": 303, "subjects": ["Q136417397"]}}, {"type": "Feature", "geometry": {"type": "Point", "coordinates": [-77.440629, 37.547122]}, "properties": {"fid": 263, "img_url": "https://cdn.yesterdays.maprva.org/images/29673/original.jpg", "img_entry": "https://yesterdays.maprva.org/29673/", "date": "January 1988", "start": 1988, "end": 1988, "eras": [4], "direction": 34, "subjects": null}}, {"type": "Feature", "geometry": {"type": "Point", "coordinates": [-77.440552, 37.547451]}, "properties": {"fid": 264, "img_url": "https://cdn.yesterdays.maprva.org/images/29682/original.jpg", "img_entry": "https://yesterdays.maprva.org/29682/", "date": "June 1992", "start": 1992, "end": 1992, "eras": [4], "direction": 176, "subjects": null}}, {"type": "Feature", "geometry": {"type": "Point", "coordinates": [-77.432468, 37.553248]}, "properties": {"fid": 265, "img_url": "https://cdn.yesterdays.maprva.org/images/21560/original.jpg", "img_entry": "https://yesterdays.maprva.org/21560/", "date": "November 1994", "start": 1994, "end": 1994, "eras": [4], "direction": 111, "subjects": ["Q16159645"]}}, {"type": "Feature", "geometry": {"type": "Point", "coordinates": [-77.440172, 37.547187]}, "properties": {"fid": 266, "img_url": "https://cdn.yesterdays.maprva.org/images/29676/original.jpg", "img_entry": "https://yesterdays.maprva.org/29676/", "date": "November 1990", "start": 1990, "end": 1990, "eras": [4], "direction": 39, "subjects": null}}, {"type": "Feature", "geometry": {"type": "Point", "coordinates": [-77.439853, 37.547566]}, "properties": {"fid": 267, "img_url": "https://cdn.yesterdays.maprva.org/images/29677/original.jpg", "img_entry": "https://yesterdays.maprva.org/29677/", "date": "November 1990", "start": 1990, "end": 1990, "eras": [4], "direction": 217, "subjects": null}}, {"type": "Feature", "geometry": {"type": "Point", "coordinates": [-77.440166, 37.546745]}, "properties": {"fid": 268, "img_url": "https://cdn.yesterdays.maprva.org/images/29681/original.jpg", "img_entry": "https://yesterdays.maprva.org/29681/", "date": "June 1987", "start": 1987, "end": 1987, "eras": [4], "direction": 39, "subjects": null}}, {"type": "Feature", "geometry": {"type": "Point", "coordinates": [-77.439953, 37.547183]}, "properties": {"fid": 269, "img_url": "https://cdn.yesterdays.maprva.org/images/29679/original.jpg", "img_entry": "https://yesterdays.maprva.org/29679/", "date": "June 1987", "start": 1987, "end": 1987, "eras": [4], "direction": 186, "subjects": null}}, {"type": "Feature", "geometry": {"type": "Point", "coordinates": [-77.43975, 37.547074]}, "properties": {"fid": 270, "img_url": "https://cdn.yesterdays.maprva.org/images/29684/original.jpg", "img_entry": "https://yesterdays.maprva.org/29684/", "date": "April 1987", "start": 1987, "end": 1987, "eras": [4], "direction": 53, "subjects": null}}, {"type": "Feature", "geometry": {"type": "Point", "coordinates": [-77.440392, 37.54746]}, "properties": {"fid": 271, "img_url": "https://cdn.yesterdays.maprva.org/images/29683/original.jpg", "img_entry": "https://yesterdays.maprva.org/29683/", "date": "April 1976", "start": 1976, "end": 1976, "eras": [4], "direction": 256, "subjects": null}}, {"type": "Feature", "geometry": {"type": "Point", "coordinates": [-77.439573, 37.547068]}, "properties": {"fid": 272, "img_url": "https://cdn.yesterdays.maprva.org/images/29688/original.jpg", "img_entry": "https://yesterdays.maprva.org/29688/", "date": "April 1987", "start": 1987, "end": 1987, "eras": [4], "direction": 40, "subjects": null}}, {"type": "Feature", "geometry": {"type": "Point", "coordinates": [-77.441315, 37.545358]}, "properties": {"fid": 273, "img_url": "https://cdn.yesterdays.maprva.org/images/26187/original.jpg", "img_entry": "https://yesterdays.maprva.org/26187/", "date": "July 1987", "start": 1987, "end": 1987, "eras": [4], "direction": 40, "subjects": null}}, {"type": "Feature", "geometry": {"type": "Point", "coordinates": [-77.439531, 37.546849]}, "properties": {"fid": 274, "img_url": "https://cdn.yesterdays.maprva.org/images/29689/original.jpg", "img_entry": "https://yesterdays.maprva.org/29689/", "date": "April 1987", "start": 1987, "end": 1987, "eras": [4], "direction": 351, "subjects": null}}, {"type": "Feature", "geometry": {"type": "Point", "coordinates": [-77.441613, 37.545561]}, "properties": {"fid": 275, "img_url": "https://cdn.yesterdays.maprva.org/images/26190/original.jpg", "img_entry": "https://yesterdays.maprva.org/26190/", "date": "February 1993", "start": 1993, "end": 1993, "eras": [4], "direction": 242, "subjects": null}}, {"type": "Feature", "geometry": {"type": "Point", "coordinates": [-77.442059, 37.545615]}, "properties": {"fid": 276, "img_url": "https://cdn.yesterdays.maprva.org/images/26194/original.jpg", "img_entry": "https://yesterdays.maprva.org/26194/", "date": "June 1986", "start": 1986, "end": 1986, "eras": [4], "direction": 171, "subjects": null}}, {"type": "Feature", "geometry": {"type": "Point", "coordinates": [-77.43941, 37.547513]}, "properties": {"fid": 277, "img_url": "https://cdn.yesterdays.maprva.org/images/29687/original.jpg", "img_entry": "https://yesterdays.maprva.org/29687/", "date": "April 1987", "start": 1987, "end": 1987, "eras": [4], "direction": 169, "subjects": null}}, {"type": "Feature", "geometry": {"type": "Point", "coordinates": [-77.44112, 37.544925]}, "properties": {"fid": 278, "img_url": "https://cdn.yesterdays.maprva.org/images/26206/original.jpg", "img_entry": "https://yesterdays.maprva.org/26206/", "date": "[1965..2000]", "start": 1965, "end": 2000, "eras": [4, 5], "direction": 265, "subjects": null}}, {"type": "Feature", "geometry": {"type": "Point", "coordinates": [-77.441184, 37.545285]}, "properties": {"fid": 279, "img_url": "https://cdn.yesterdays.maprva.org/images/26212/original.jpg", "img_entry": "https://yesterdays.maprva.org/26212/", "date": "November 1986", "start": 1986, "end": 1986, "eras": [4], "direction": 249, "subjects": null}}, {"type": "Feature", "geometry": {"type": "Point", "coordinates": [-77.442427, 37.545149]}, "properties": {"fid": 280, "img_url": "https://cdn.yesterdays.maprva.org/images/26215/original.jpg", "img_entry": "https://yesterdays.maprva.org/26215/", "date": "May 1997", "start": 1997, "end": 1997, "eras": [4], "direction": 70, "subjects": null}}, {"type": "Feature", "geometry": {"type": "Point", "coordinates": [-77.439352, 37.546226]}, "properties": {"fid": 281, "img_url": "https://cdn.yesterdays.maprva.org/images/29700/original.jpg", "img_entry": "https://yesterdays.maprva.org/29700/", "date": "September 1995", "start": 1995, "end": 1995, "eras": [4], "direction": 41, "subjects": null}}, {"type": "Feature", "geometry": {"type": "Point", "coordinates": [-77.441903, 37.545584]}, "properties": {"fid": 282, "img_url": "https://cdn.yesterdays.maprva.org/images/26230/original.jpg", "img_entry": "https://yesterdays.maprva.org/26230/", "date": "January 1996", "start": 1996, "end": 1996, "eras": [4], "direction": 36, "subjects": null}}, {"type": "Feature", "geometry": {"type": "Point", "coordinates": [-77.44213, 37.545821]}, "properties": {"fid": 283, "img_url": "https://cdn.yesterdays.maprva.org/images/26235/original.jpg", "img_entry": "https://yesterdays.maprva.org/26235/", "date": "[1965..2000]", "start": 1965, "end": 2000, "eras": [4, 5], "direction": 30, "subjects": null}}, {"type": "Feature", "geometry": {"type": "Point", "coordinates": [-77.442057, 37.545831]}, "properties": {"fid": 284, "img_url": "https://cdn.yesterdays.maprva.org/images/26237/original.jpg", "img_entry": "https://yesterdays.maprva.org/26237/", "date": "April 1993", "start": 1993, "end": 1993, "eras": [4], "direction": 42, "subjects": null}}, {"type": "Feature", "geometry": {"type": "Point", "coordinates": [-77.442119, 37.545721]}, "properties": {"fid": 285, "img_url": "https://cdn.yesterdays.maprva.org/images/26234/original.jpg", "img_entry": "https://yesterdays.maprva.org/26234/", "date": "[1965..2000]", "start": 1965, "end": 2000, "eras": [4, 5], "direction": 27, "subjects": null}}, {"type": "Feature", "geometry": {"type": "Point", "coordinates": [-77.440664, 37.547058]}, "properties": {"fid": 286, "img_url": "https://cdn.yesterdays.maprva.org/images/29696/original.jpg", "img_entry": "https://yesterdays.maprva.org/29696/", "date": "January 1988", "start": 1988, "end": 1988, "eras": [4], "direction": 47, "subjects": null}}, {"type": "Feature", "geometry": {"type": "Point", "coordinates": [-77.439839, 37.546979]}, "properties": {"fid": 287, "img_url": "https://cdn.yesterdays.maprva.org/images/29698/original.jpg", "img_entry": "https://yesterdays.maprva.org/29698/", "date": "June 1987", "start": 1987, "end": 1987, "eras": [4], "direction": 262, "subjects": ["Q900557"]}}, {"type": "Feature", "geometry": {"type": "Point", "coordinates": [-77.438901, 37.546571]}, "properties": {"fid": 288, "img_url": "https://cdn.yesterdays.maprva.org/images/29697/original.jpg", "img_entry": "https://yesterdays.maprva.org/29697/", "date": "September 1995", "start": 1995, "end": 1995, "eras": [4], "direction": 242, "subjects": null}}, {"type": "Feature", "geometry": {"type": "Point", "coordinates": [-77.439228, 37.546632]}, "properties": {"fid": 289, "img_url": "https://cdn.yesterdays.maprva.org/images/29705/original.jpg", "img_entry": "https://yesterdays.maprva.org/29705/", "date": "September 1995", "start": 1995, "end": 1995, "eras": [4], "direction": 166, "subjects": null}}, {"type": "Feature", "geometry": {"type": "Point", "coordinates": [-77.440707, 37.547546]}, "properties": {"fid": 290, "img_url": "https://cdn.yesterdays.maprva.org/images/29712/original.jpg", "img_entry": "https://yesterdays.maprva.org/29712/", "date": "March 1992", "start": 1992, "end": 1992, "eras": [4], "direction": 348, "subjects": null}}, {"type": "Feature", "geometry": {"type": "Point", "coordinates": [-77.440226, 37.547404]}, "properties": {"fid": 291, "img_url": "https://cdn.yesterdays.maprva.org/images/34078/original.jpg", "img_entry": "https://yesterdays.maprva.org/34078/", "date": "1975", "start": 1975, "end": 1975, "eras": [4], "direction": 255, "subjects": null}}, {"type": "Feature", "geometry": {"type": "Point", "coordinates": [-77.436075, 37.547437]}, "properties": {"fid": 292, "img_url": "https://cdn.yesterdays.maprva.org/images/34160/original.jpg", "img_entry": "https://yesterdays.maprva.org/34160/", "date": "1975", "start": 1975, "end": 1975, "eras": [4], "direction": 127, "subjects": null}}, {"type": "Feature", "geometry": {"type": "Point", "coordinates": [-77.439339, 37.547023]}, "properties": {"fid": 293, "img_url": "https://cdn.yesterdays.maprva.org/images/34145/original.jpg", "img_entry": "https://yesterdays.maprva.org/34145/", "date": "1975", "start": 1975, "end": 1975, "eras": [4], "direction": 67, "subjects": null}}, {"type": "Feature", "geometry": {"type": "Point", "coordinates": [-77.436367, 37.54845]}, "properties": {"fid": 294, "img_url": "https://cdn.yesterdays.maprva.org/images/34153/original.jpg", "img_entry": "https://yesterdays.maprva.org/34153/", "date": "1975", "start": 1975, "end": 1975, "eras": [4], "direction": 264, "subjects": null}}, {"type": "Feature", "geometry": {"type": "Point", "coordinates": [-77.440186, 37.547348]}, "properties": {"fid": 295, "img_url": "https://cdn.yesterdays.maprva.org/images/34165/original.jpg", "img_entry": "https://yesterdays.maprva.org/34165/", "date": "1975", "start": 1975, "end": 1975, "eras": [4], "direction": 108, "subjects": null}}, {"type": "Feature", "geometry": {"type": "Point", "coordinates": [-77.439303, 37.546828]}, "properties": {"fid": 296, "img_url": "https://cdn.yesterdays.maprva.org/images/34171/original.jpg", "img_entry": "https://yesterdays.maprva.org/34171/", "date": "1975", "start": 1975, "end": 1975, "eras": [4], "direction": 278, "subjects": null}}, {"type": "Feature", "geometry": {"type": "Point", "coordinates": [-77.436837, 37.549875]}, "properties": {"fid": 297, "img_url": "https://cdn.yesterdays.maprva.org/images/34185/original.jpg", "img_entry": "https://yesterdays.maprva.org/34185/", "date": "1975", "start": 1975, "end": 1975, "eras": [4], "direction": 258, "subjects": null}}, {"type": "Feature", "geometry": {"type": "Point", "coordinates": [-77.438194, 37.545996]}, "properties": {"fid": 298, "img_url": "https://cdn.yesterdays.maprva.org/images/34179/original.jpg", "img_entry": "https://yesterdays.maprva.org/34179/", "date": "1975", "start": 1975, "end": 1975, "eras": [4], "direction": 152, "subjects": ["Q900557"]}}, {"type": "Feature", "geometry": {"type": "Point", "coordinates": [-77.4366, 37.545243]}, "properties": {"fid": 299, "img_url": "https://cdn.yesterdays.maprva.org/images/34181/original.jpg", "img_entry": "https://yesterdays.maprva.org/34181/", "date": "1975", "start": 1975, "end": 1975, "eras": [4], "direction": 267, "subjects": null}}, {"type": "Feature", "geometry": {"type": "Point", "coordinates": [-77.436569, 37.549904]}, "properties": {"fid": 300, "img_url": "https://cdn.yesterdays.maprva.org/images/34184/original.jpg", "img_entry": "https://yesterdays.maprva.org/34184/", "date": "1975", "start": 1975, "end": 1975, "eras": [4], "direction": 245, "subjects": null}}, {"type": "Feature", "geometry": {"type": "Point", "coordinates": [-77.436589, 37.549904]}, "properties": {"fid": 301, "img_url": "https://cdn.yesterdays.maprva.org/images/34183/original.jpg", "img_entry": "https://yesterdays.maprva.org/34183/", "date": "1975", "start": 1975, "end": 1975, "eras": [4], "direction": 248, "subjects": null}}, {"type": "Feature", "geometry": {"type": "Point", "coordinates": [-77.436035, 37.546442]}, "properties": {"fid": 302, "img_url": "https://cdn.yesterdays.maprva.org/images/34234/original.jpg", "img_entry": "https://yesterdays.maprva.org/34234/", "date": "1975", "start": 1975, "end": 1975, "eras": [4], "direction": 356, "subjects": null}}, {"type": "Feature", "geometry": {"type": "Point", "coordinates": [-77.4389, 37.548279]}, "properties": {"fid": 303, "img_url": "https://cdn.yesterdays.maprva.org/images/34227/original.jpg", "img_entry": "https://yesterdays.maprva.org/34227/", "date": "1975", "start": 1975, "end": 1975, "eras": [4], "direction": 160, "subjects": null}}, {"type": "Feature", "geometry": {"type": "Point", "coordinates": [-77.43968, 37.548098]}, "properties": {"fid": 304, "img_url": "https://cdn.yesterdays.maprva.org/images/34274/original.jpg", "img_entry": "https://yesterdays.maprva.org/34274/", "date": "1975", "start": 1975, "end": 1975, "eras": [4], "direction": 218, "subjects": null}}, {"type": "Feature", "geometry": {"type": "Point", "coordinates": [-77.440245, 37.547325]}, "properties": {"fid": 305, "img_url": "https://cdn.yesterdays.maprva.org/images/34411/original.jpg", "img_entry": "https://yesterdays.maprva.org/34411/", "date": "ca. 1978", "start": 1978, "end": 1978, "eras": [4], "direction": 194, "subjects": null}}, {"type": "Feature", "geometry": {"type": "Point", "coordinates": [-77.437725, 37.547152]}, "properties": {"fid": 306, "img_url": "https://cdn.yesterdays.maprva.org/images/34761/original.jpg", "img_entry": "https://yesterdays.maprva.org/34761/", "date": "ca. 1978", "start": 1978, "end": 1978, "eras": [4], "direction": 330, "subjects": null}}, {"type": "Feature", "geometry": {"type": "Point", "coordinates": [-77.436702, 37.549866]}, "properties": {"fid": 307, "img_url": "https://cdn.yesterdays.maprva.org/images/34326/original.jpg", "img_entry": "https://yesterdays.maprva.org/34326/", "date": "ca. 1978", "start": 1978, "end": 1978, "eras": [4], "direction": 249, "subjects": null}}, {"type": "Feature", "geometry": {"type": "Point", "coordinates": [-77.439267, 37.54856]}, "properties": {"fid": 308, "img_url": "https://cdn.yesterdays.maprva.org/images/34537/original.jpg", "img_entry": "https://yesterdays.maprva.org/34537/", "date": "ca. 1978", "start": 1978, "end": 1978, "eras": [4], "direction": 166, "subjects": null}}, {"type": "Feature", "geometry": {"type": "Point", "coordinates": [-77.440629, 37.54758]}, "properties": {"fid": 309, "img_url": "https://cdn.yesterdays.maprva.org/images/34456/original.jpg", "img_entry": "https://yesterdays.maprva.org/34456/", "date": "ca. 1978", "start": 1978, "end": 1978, "eras": [4], "direction": 247, "subjects": ["Q900557"]}}, {"type": "Feature", "geometry": {"type": "Point", "coordinates": [-77.434467, 37.54757]}, "properties": {"fid": 310, "img_url": "https://cdn.yesterdays.maprva.org/images/34837/original.jpg", "img_entry": "https://yesterdays.maprva.org/34837/", "date": "ca. 1978", "start": 1978, "end": 1978, "eras": [4], "direction": 318, "subjects": null}}, {"type": "Feature", "geometry": {"type": "Point", "coordinates": [-77.438485, 37.547994]}, "properties": {"fid": 311, "img_url": "https://cdn.yesterdays.maprva.org/images/34334/original.jpg", "img_entry": "https://yesterdays.maprva.org/34334/", "date": "ca. 1978", "start": 1978, "end": 1978, "eras": [4], "direction": 102, "subjects": null}}, {"type": "Feature", "geometry": {"type": "Point", "coordinates": [-77.44106, 37.546476]}, "properties": {"fid": 312, "img_url": "https://cdn.yesterdays.maprva.org/images/34339/original.jpg", "img_entry": "https://yesterdays.maprva.org/34339/", "date": "ca. 1978", "start": 1978, "end": 1978, "eras": [4], "direction": 173, "subjects": ["Q138501474"]}}, {"type": "Feature", "geometry": {"type": "Point", "coordinates": [-77.439094, 37.546604]}, "properties": {"fid": 313, "img_url": "https://cdn.yesterdays.maprva.org/images/34421/original.jpg", "img_entry": "https://yesterdays.maprva.org/34421/", "date": "ca. 1978", "start": 1978, "end": 1978, "eras": [4], "direction": 15, "subjects": null}}, {"type": "Feature", "geometry": {"type": "Point", "coordinates": [-77.437039, 37.547901]}, "properties": {"fid": 314, "img_url": "https://cdn.yesterdays.maprva.org/images/34777/original.jpg", "img_entry": "https://yesterdays.maprva.org/34777/", "date": "ca. 1978", "start": 1978, "end": 1978, "eras": [4], "direction": 132, "subjects": null}}, {"type": "Feature", "geometry": {"type": "Point", "coordinates": [-77.435007, 37.547011]}, "properties": {"fid": 315, "img_url": "https://cdn.yesterdays.maprva.org/images/34797/original.jpg", "img_entry": "https://yesterdays.maprva.org/34797/", "date": "ca. 1978", "start": 1978, "end": 1978, "eras": [4], "direction": 177, "subjects": null}}, {"type": "Feature", "geometry": {"type": "Point", "coordinates": [-77.435054, 37.548473]}, "properties": {"fid": 316, "img_url": "https://cdn.yesterdays.maprva.org/images/34826/original.jpg", "img_entry": "https://yesterdays.maprva.org/34826/", "date": "ca. 1978", "start": 1978, "end": 1978, "eras": [4], "direction": 349, "subjects": null}}, {"type": "Feature", "geometry": {"type": "Point", "coordinates": [-77.434934, 37.548625]}, "properties": {"fid": 317, "img_url": "https://cdn.yesterdays.maprva.org/images/34828/original.jpg", "img_entry": "https://yesterdays.maprva.org/34828/", "date": "ca. 1978", "start": 1978, "end": 1978, "eras": [4], "direction": 110, "subjects": null}}, {"type": "Feature", "geometry": {"type": "Point", "coordinates": [-77.439861, 37.547018]}, "properties": {"fid": 318, "img_url": "https://cdn.yesterdays.maprva.org/images/34407/original.jpg", "img_entry": "https://yesterdays.maprva.org/34407/", "date": "ca. 1978", "start": 1978, "end": 1978, "eras": [4], "direction": 33, "subjects": ["Q900557"]}}, {"type": "Feature", "geometry": {"type": "Point", "coordinates": [-77.439839, 37.547075]}, "properties": {"fid": 319, "img_url": "https://cdn.yesterdays.maprva.org/images/34415/original.jpg", "img_entry": "https://yesterdays.maprva.org/34415/", "date": "ca. 1978", "start": 1978, "end": 1978, "eras": [4], "direction": 224, "subjects": ["Q900557"]}}, {"type": "Feature", "geometry": {"type": "Point", "coordinates": [-77.437073, 37.545452]}, "properties": {"fid": 320, "img_url": "https://cdn.yesterdays.maprva.org/images/34443/original.jpg", "img_entry": "https://yesterdays.maprva.org/34443/", "date": "ca. 1978", "start": 1978, "end": 1978, "eras": [4], "direction": 191, "subjects": null}}, {"type": "Feature", "geometry": {"type": "Point", "coordinates": [-77.438208, 37.547952]}, "properties": {"fid": 321, "img_url": "https://cdn.yesterdays.maprva.org/images/34539/original.jpg", "img_entry": "https://yesterdays.maprva.org/34539/", "date": "ca. 1978", "start": 1978, "end": 1978, "eras": [4], "direction": 260, "subjects": ["Q8004"]}}, {"type": "Feature", "geometry": {"type": "Point", "coordinates": [-77.437702, 37.547512]}, "properties": {"fid": 322, "img_url": "https://cdn.yesterdays.maprva.org/images/34555/original.jpg", "img_entry": "https://yesterdays.maprva.org/34555/", "date": "ca. 1978", "start": 1978, "end": 1978, "eras": [4], "direction": 268, "subjects": null}}, {"type": "Feature", "geometry": {"type": "Point", "coordinates": [-77.439868, 37.547884]}, "properties": {"fid": 323, "img_url": "https://cdn.yesterdays.maprva.org/images/34713/original.jpg", "img_entry": "https://yesterdays.maprva.org/34713/", "date": "ca. 1978", "start": 1978, "end": 1978, "eras": [4], "direction": 81, "subjects": null}}, {"type": "Feature", "geometry": {"type": "Point", "coordinates": [-77.438303, 37.546575]}, "properties": {"fid": 324, "img_url": "https://cdn.yesterdays.maprva.org/images/34763/original.jpg", "img_entry": "https://yesterdays.maprva.org/34763/", "date": "ca. 1978", "start": 1978, "end": 1978, "eras": [4], "direction": 110, "subjects": null}}, {"type": "Feature", "geometry": {"type": "Point", "coordinates": [-77.437084, 37.547791]}, "properties": {"fid": 325, "img_url": "https://cdn.yesterdays.maprva.org/images/34776/original.jpg", "img_entry": "https://yesterdays.maprva.org/34776/", "date": "ca. 1978", "start": 1978, "end": 1978, "eras": [4], "direction": 126, "subjects": null}}, {"type": "Feature", "geometry": {"type": "Point", "coordinates": [-77.435948, 37.548898]}, "properties": {"fid": 326, "img_url": "https://cdn.yesterdays.maprva.org/images/34788/original.jpg", "img_entry": "https://yesterdays.maprva.org/34788/", "date": "ca. 1978", "start": 1978, "end": 1978, "eras": [4], "direction": 273, "subjects": null}}, {"type": "Feature", "geometry": {"type": "Point", "coordinates": [-77.435363, 37.548164]}, "properties": {"fid": 327, "img_url": "https://cdn.yesterdays.maprva.org/images/34820/original.jpg", "img_entry": "https://yesterdays.maprva.org/34820/", "date": "ca. 1978", "start": 1978, "end": 1978, "eras": [4], "direction": 310, "subjects": null}}, {"type": "Feature", "geometry": {"type": "Point", "coordinates": [-77.437023, 37.546494]}, "properties": {"fid": 328, "img_url": "https://cdn.yesterdays.maprva.org/images/34804/original.jpg", "img_entry": "https://yesterdays.maprva.org/34804/", "date": "ca. 1978", "start": 1978, "end": 1978, "eras": [4], "direction": 130, "subjects": null}}, {"type": "Feature", "geometry": {"type": "Point", "coordinates": [-77.43525, 37.548256]}, "properties": {"fid": 329, "img_url": "https://cdn.yesterdays.maprva.org/images/34822/original.jpg", "img_entry": "https://yesterdays.maprva.org/34822/", "date": "ca. 1978", "start": 1978, "end": 1978, "eras": [4], "direction": 331, "subjects": null}}, {"type": "Feature", "geometry": {"type": "Point", "coordinates": [-77.434232, 37.547883]}, "properties": {"fid": 330, "img_url": "https://cdn.yesterdays.maprva.org/images/34840/original.jpg", "img_entry": "https://yesterdays.maprva.org/34840/", "date": "ca. 1978", "start": 1978, "end": 1978, "eras": [4], "direction": 323, "subjects": null}}, {"type": "Feature", "geometry": {"type": "Point", "coordinates": [-77.439295, 37.54678]}, "properties": {"fid": 331, "img_url": "https://cdn.yesterdays.maprva.org/images/34419/original.jpg", "img_entry": "https://yesterdays.maprva.org/34419/", "date": "ca. 1978", "start": 1978, "end": 1978, "eras": [4], "direction": 260, "subjects": null}}, {"type": "Feature", "geometry": {"type": "Point", "coordinates": [-77.440524, 37.547558]}, "properties": {"fid": 332, "img_url": "https://cdn.yesterdays.maprva.org/images/34448/original.jpg", "img_entry": "https://yesterdays.maprva.org/34448/", "date": "ca. 1978", "start": 1978, "end": 1978, "eras": [4], "direction": 339, "subjects": null}}, {"type": "Feature", "geometry": {"type": "Point", "coordinates": [-77.438048, 37.547808]}, "properties": {"fid": 333, "img_url": "https://cdn.yesterdays.maprva.org/images/34543/original.jpg", "img_entry": "https://yesterdays.maprva.org/34543/", "date": "ca. 1978", "start": 1978, "end": 1978, "eras": [4], "direction": 60, "subjects": ["Q900557"]}}, {"type": "Feature", "geometry": {"type": "Point", "coordinates": [-77.439698, 37.548113]}, "properties": {"fid": 334, "img_url": "https://cdn.yesterdays.maprva.org/images/34225/original.jpg", "img_entry": "https://yesterdays.maprva.org/34225/", "date": "1975", "start": 1975, "end": 1975, "eras": [4], "direction": 77, "subjects": null}}, {"type": "Feature", "geometry": {"type": "Point", "coordinates": [-77.438927, 37.548295]}, "properties": {"fid": 335, "img_url": "https://cdn.yesterdays.maprva.org/images/34228/original.jpg", "img_entry": "https://yesterdays.maprva.org/34228/", "date": "1975", "start": 1975, "end": 1975, "eras": [4], "direction": 161, "subjects": null}}, {"type": "Feature", "geometry": {"type": "Point", "coordinates": [-77.438872, 37.548199]}, "properties": {"fid": 336, "img_url": "https://cdn.yesterdays.maprva.org/images/34229/original.jpg", "img_entry": "https://yesterdays.maprva.org/34229/", "date": "1975", "start": 1975, "end": 1975, "eras": [4], "direction": 94, "subjects": null}}, {"type": "Feature", "geometry": {"type": "Point", "coordinates": [-77.441052, 37.545778]}, "properties": {"fid": 337, "img_url": "https://cdn.yesterdays.maprva.org/images/39847/original.jpg", "img_entry": "https://yesterdays.maprva.org/39847/", "date": "2009-11-05 08:48:21", "start": 2009, "end": 2009, "eras": [5], "direction": 198, "subjects": null}}, {"type": "Feature", "geometry": {"type": "Point", "coordinates": [-77.437776, 37.550693]}, "properties": {"fid": 338, "img_url": "https://cdn.yesterdays.maprva.org/images/23717/original.jpg", "img_entry": "https://yesterdays.maprva.org/23717/", "date": "[1940..2000]", "start": 1940, "end": 2000, "eras": [2, 3, 4, 5], "direction": 110, "subjects": null}}, {"type": "Feature", "geometry": {"type": "Point", "coordinates": [-77.433736, 37.551233]}, "properties": {"fid": 339, "img_url": "https://cdn.yesterdays.maprva.org/images/2815/original.jpg", "img_entry": "https://yesterdays.maprva.org/2815/", "date": "8/1953", "start": 1953, "end": 1953, "eras": [3], "direction": 60, "subjects": ["Q3959678"]}}, {"type": "Feature", "geometry": {"type": "Point", "coordinates": [-77.433724, 37.55124]}, "properties": {"fid": 340, "img_url": "https://cdn.yesterdays.maprva.org/images/2817/original.jpg", "img_entry": "https://yesterdays.maprva.org/2817/", "date": "8/1953", "start": 1953, "end": 1953, "eras": [3], "direction": 51, "subjects": ["Q3959678"]}}, {"type": "Feature", "geometry": {"type": "Point", "coordinates": [-77.438616, 37.54805]}, "properties": {"fid": 341, "img_url": "https://cdn.yesterdays.maprva.org/images/34232/original.jpg", "img_entry": "https://yesterdays.maprva.org/34232/", "date": "1975", "start": 1975, "end": 1975, "eras": [4], "direction": 98, "subjects": null}}, {"type": "Feature", "geometry": {"type": "Point", "coordinates": [-77.436929, 37.547136]}, "properties": {"fid": 342, "img_url": "https://cdn.yesterdays.maprva.org/images/34233/original.jpg", "img_entry": "https://yesterdays.maprva.org/34233/", "date": "1975", "start": 1975, "end": 1975, "eras": [4], "direction": 174, "subjects": null}}, {"type": "Feature", "geometry": {"type": "Point", "coordinates": [-77.436127, 37.546574]}, "properties": {"fid": 343, "img_url": "https://cdn.yesterdays.maprva.org/images/34237/original.jpg", "img_entry": "https://yesterdays.maprva.org/34237/", "date": "1975", "start": 1975, "end": 1975, "eras": [4], "direction": 283, "subjects": null}}, {"type": "Feature", "geometry": {"type": "Point", "coordinates": [-77.442173, 37.545597]}, "properties": {"fid": 344, "img_url": "https://cdn.yesterdays.maprva.org/images/26159/original.jpg", "img_entry": "https://yesterdays.maprva.org/26159/", "date": "[1965..2000]", "start": 1965, "end": 2000, "eras": [4, 5], "direction": 69, "subjects": null}}, {"type": "Feature", "geometry": {"type": "Point", "coordinates": [-77.441869, 37.545419]}, "properties": {"fid": 345, "img_url": "https://cdn.yesterdays.maprva.org/images/26161/original.jpg", "img_entry": "https://yesterdays.maprva.org/26161/", "date": "March 1993", "start": 1993, "end": 1993, "eras": [4], "direction": 48, "subjects": null}}, {"type": "Feature", "geometry": {"type": "Point", "coordinates": [-77.439277, 37.548563]}, "properties": {"fid": 346, "img_url": "https://cdn.yesterdays.maprva.org/images/34241/original.jpg", "img_entry": "https://yesterdays.maprva.org/34241/", "date": "1975", "start": 1975, "end": 1975, "eras": [4], "direction": 261, "subjects": null}}, {"type": "Feature", "geometry": {"type": "Point", "coordinates": [-77.433796, 37.551281]}, "properties": {"fid": 347, "img_url": "https://cdn.yesterdays.maprva.org/images/2819/original.jpg", "img_entry": "https://yesterdays.maprva.org/2819/", "date": "8/1953", "start": 1953, "end": 1953, "eras": [3], "direction": 85, "subjects": ["Q3959678"]}}, {"type": "Feature", "geometry": {"type": "Point", "coordinates": [-77.441803, 37.545561]}, "properties": {"fid": 348, "img_url": "https://cdn.yesterdays.maprva.org/images/26170/original.jpg", "img_entry": "https://yesterdays.maprva.org/26170/", "date": "March 1993", "start": 1993, "end": 1993, "eras": [4], "direction": 57, "subjects": null}}, {"type": "Feature", "geometry": {"type": "Point", "coordinates": [-77.439191, 37.548638]}, "properties": {"fid": 349, "img_url": "https://cdn.yesterdays.maprva.org/images/34240/original.jpg", "img_entry": "https://yesterdays.maprva.org/34240/", "date": "1975", "start": 1975, "end": 1975, "eras": [4], "direction": 238, "subjects": null}}, {"type": "Feature", "geometry": {"type": "Point", "coordinates": [-77.441459, 37.545522]}, "properties": {"fid": 350, "img_url": "https://cdn.yesterdays.maprva.org/images/26162/original.jpg", "img_entry": "https://yesterdays.maprva.org/26162/", "date": "January 1999", "start": 1999, "end": 1999, "eras": [4], "direction": 252, "subjects": null}}, {"type": "Feature", "geometry": {"type": "Point", "coordinates": [-77.433742, 37.551236]}, "properties": {"fid": 351, "img_url": "https://cdn.yesterdays.maprva.org/images/2820/original.jpg", "img_entry": "https://yesterdays.maprva.org/2820/", "date": "8/1953", "start": 1953, "end": 1953, "eras": [3], "direction": 78, "subjects": ["Q3959678"]}}, {"type": "Feature", "geometry": {"type": "Point", "coordinates": [-77.441962, 37.545466]}, "properties": {"fid": 352, "img_url": "https://cdn.yesterdays.maprva.org/images/26160/original.jpg", "img_entry": "https://yesterdays.maprva.org/26160/", "date": "February 1990", "start": 1990, "end": 1990, "eras": [4], "direction": 42, "subjects": null}}, {"type": "Feature", "geometry": {"type": "Point", "coordinates": [-77.43221, 37.551725]}, "properties": {"fid": 353, "img_url": "https://cdn.yesterdays.maprva.org/images/2827/original.jpg", "img_entry": "https://yesterdays.maprva.org/2827/", "date": "8/1953", "start": 1953, "end": 1953, "eras": [3], "direction": 67, "subjects": ["Q3959678"]}}, {"type": "Feature", "geometry": {"type": "Point", "coordinates": [-77.44172, 37.545544]}, "properties": {"fid": 354, "img_url": "https://cdn.yesterdays.maprva.org/images/26167/original.jpg", "img_entry": "https://yesterdays.maprva.org/26167/", "date": "September 1989", "start": 1989, "end": 1989, "eras": [4], "direction": 41, "subjects": null}}, {"type": "Feature", "geometry": {"type": "Point", "coordinates": [-77.441831, 37.545433]}, "properties": {"fid": 355, "img_url": "https://cdn.yesterdays.maprva.org/images/26168/original.jpg", "img_entry": "https://yesterdays.maprva.org/26168/", "date": "February 1986", "start": 1986, "end": 1986, "eras": [4], "direction": 41, "subjects": null}}, {"type": "Feature", "geometry": {"type": "Point", "coordinates": [-77.441408, 37.545398]}, "properties": {"fid": 356, "img_url": "https://cdn.yesterdays.maprva.org/images/26184/original.jpg", "img_entry": "https://yesterdays.maprva.org/26184/", "date": "August 1997", "start": 1997, "end": 1997, "eras": [4], "direction": 54, "subjects": null}}, {"type": "Feature", "geometry": {"type": "Point", "coordinates": [-77.441606, 37.545499]}, "properties": {"fid": 357, "img_url": "https://cdn.yesterdays.maprva.org/images/26178/original.jpg", "img_entry": "https://yesterdays.maprva.org/26178/", "date": "October 1992", "start": 1992, "end": 1992, "eras": [4], "direction": 59, "subjects": null}}, {"type": "Feature", "geometry": {"type": "Point", "coordinates": [-77.441084, 37.545819]}, "properties": {"fid": 358, "img_url": "https://cdn.yesterdays.maprva.org/images/26185/original.jpg", "img_entry": "https://yesterdays.maprva.org/26185/", "date": "August 1997", "start": 1997, "end": 1997, "eras": [4], "direction": 172, "subjects": null}}, {"type": "Feature", "geometry": {"type": "Point", "coordinates": [-77.441556, 37.545512]}, "properties": {"fid": 359, "img_url": "https://cdn.yesterdays.maprva.org/images/26179/original.jpg", "img_entry": "https://yesterdays.maprva.org/26179/", "date": "October 1992", "start": 1992, "end": 1992, "eras": [4], "direction": 39, "subjects": null}}, {"type": "Feature", "geometry": {"type": "Point", "coordinates": [-77.440997, 37.545142]}, "properties": {"fid": 360, "img_url": "https://cdn.yesterdays.maprva.org/images/26188/original.jpg", "img_entry": "https://yesterdays.maprva.org/26188/", "date": "July 1995", "start": 1995, "end": 1995, "eras": [4], "direction": 356, "subjects": null}}, {"type": "Feature", "geometry": {"type": "Point", "coordinates": [-77.441417, 37.545384]}, "properties": {"fid": 361, "img_url": "https://cdn.yesterdays.maprva.org/images/26186/original.jpg", "img_entry": "https://yesterdays.maprva.org/26186/", "date": "July 1987", "start": 1987, "end": 1987, "eras": [4], "direction": 71, "subjects": null}}, {"type": "Feature", "geometry": {"type": "Point", "coordinates": [-77.441003, 37.545258]}, "properties": {"fid": 362, "img_url": "https://cdn.yesterdays.maprva.org/images/26189/original.jpg", "img_entry": "https://yesterdays.maprva.org/26189/", "date": "July 1995", "start": 1995, "end": 1995, "eras": [4], "direction": 334, "subjects": null}}, {"type": "Feature", "geometry": {"type": "Point", "coordinates": [-77.441654, 37.545401]}, "properties": {"fid": 363, "img_url": "https://cdn.yesterdays.maprva.org/images/26197/original.jpg", "img_entry": "https://yesterdays.maprva.org/26197/", "date": "August 1980", "start": 1980, "end": 1980, "eras": [4], "direction": 237, "subjects": null}}, {"type": "Feature", "geometry": {"type": "Point", "coordinates": [-77.438429, 37.550147]}, "properties": {"fid": 364, "img_url": "https://cdn.yesterdays.maprva.org/images/34264/original.jpg", "img_entry": "https://yesterdays.maprva.org/34264/", "date": "1975", "start": 1975, "end": 1975, "eras": [4], "direction": 179, "subjects": null}}, {"type": "Feature", "geometry": {"type": "Point", "coordinates": [-77.439551, 37.548085]}, "properties": {"fid": 365, "img_url": "https://cdn.yesterdays.maprva.org/images/34286/original.jpg", "img_entry": "https://yesterdays.maprva.org/34286/", "date": "1975", "start": 1975, "end": 1975, "eras": [4], "direction": 328, "subjects": null}}, {"type": "Feature", "geometry": {"type": "Point", "coordinates": [-77.441278, 37.544793]}, "properties": {"fid": 366, "img_url": "https://cdn.yesterdays.maprva.org/images/26204/original.jpg", "img_entry": "https://yesterdays.maprva.org/26204/", "date": "October 1993", "start": 1993, "end": 1993, "eras": [4], "direction": 274, "subjects": null}}, {"type": "Feature", "geometry": {"type": "Point", "coordinates": [-77.441115, 37.544931]}, "properties": {"fid": 367, "img_url": "https://cdn.yesterdays.maprva.org/images/26205/original.jpg", "img_entry": "https://yesterdays.maprva.org/26205/", "date": "October 1993", "start": 1993, "end": 1993, "eras": [4], "direction": 272, "subjects": null}}, {"type": "Feature", "geometry": {"type": "Point", "coordinates": [-77.439854, 37.54787]}, "properties": {"fid": 368, "img_url": "https://cdn.yesterdays.maprva.org/images/34285/original.jpg", "img_entry": "https://yesterdays.maprva.org/34285/", "date": "1975", "start": 1975, "end": 1975, "eras": [4], "direction": 358, "subjects": null}}, {"type": "Feature", "geometry": {"type": "Point", "coordinates": [-77.440842, 37.545158]}, "properties": {"fid": 369, "img_url": "https://cdn.yesterdays.maprva.org/images/26201/original.jpg", "img_entry": "https://yesterdays.maprva.org/26201/", "date": "November 1986", "start": 1986, "end": 1986, "eras": [4], "direction": 245, "subjects": null}}, {"type": "Feature", "geometry": {"type": "Point", "coordinates": [-77.438768, 37.549858]}, "properties": {"fid": 370, "img_url": "https://cdn.yesterdays.maprva.org/images/34284/original.jpg", "img_entry": "https://yesterdays.maprva.org/34284/", "date": "1975", "start": 1975, "end": 1975, "eras": [4], "direction": 101, "subjects": null}}, {"type": "Feature", "geometry": {"type": "Point", "coordinates": [-77.441473, 37.545331]}, "properties": {"fid": 371, "img_url": "https://cdn.yesterdays.maprva.org/images/26196/original.jpg", "img_entry": "https://yesterdays.maprva.org/26196/", "date": "July 1994", "start": 1994, "end": 1994, "eras": [4], "direction": 265, "subjects": null}}, {"type": "Feature", "geometry": {"type": "Point", "coordinates": [-77.442327, 37.545291]}, "properties": {"fid": 372, "img_url": "https://cdn.yesterdays.maprva.org/images/26211/original.jpg", "img_entry": "https://yesterdays.maprva.org/26211/", "date": "May 1997", "start": 1997, "end": 1997, "eras": [4], "direction": 126, "subjects": null}}, {"type": "Feature", "geometry": {"type": "Point", "coordinates": [-77.44209, 37.545789]}, "properties": {"fid": 373, "img_url": "https://cdn.yesterdays.maprva.org/images/26213/original.jpg", "img_entry": "https://yesterdays.maprva.org/26213/", "date": "May 1997", "start": 1997, "end": 1997, "eras": [4], "direction": 162, "subjects": null}}, {"type": "Feature", "geometry": {"type": "Point", "coordinates": [-77.438166, 37.543471]}, "properties": {"fid": 374, "img_url": "https://cdn.yesterdays.maprva.org/images/23757/original.jpg", "img_entry": "https://yesterdays.maprva.org/23757/", "date": "September 1989", "start": 1989, "end": 1989, "eras": [4], "direction": 161, "subjects": null}}, {"type": "Feature", "geometry": {"type": "Point", "coordinates": [-77.441141, 37.545178]}, "properties": {"fid": 375, "img_url": "https://cdn.yesterdays.maprva.org/images/26217/original.jpg", "img_entry": "https://yesterdays.maprva.org/26217/", "date": "May 1989", "start": 1989, "end": 1989, "eras": [4], "direction": 272, "subjects": null}}, {"type": "Feature", "geometry": {"type": "Point", "coordinates": [-77.435701, 37.546251]}, "properties": {"fid": 376, "img_url": "https://cdn.yesterdays.maprva.org/images/29917/1/transformed.webp", "img_entry": "https://yesterdays.maprva.org/29917/", "date": "July 1994", "start": 1994, "end": 1994, "eras": [4], "direction": 296, "subjects": null}}, {"type": "Feature", "geometry": {"type": "Point", "coordinates": [-77.441376, 37.545154]}, "properties": {"fid": 377, "img_url": "https://cdn.yesterdays.maprva.org/images/26220/original.jpg", "img_entry": "https://yesterdays.maprva.org/26220/", "date": "April 1989", "start": 1989, "end": 1989, "eras": [4], "direction": 263, "subjects": null}}, {"type": "Feature", "geometry": {"type": "Point", "coordinates": [-77.44137, 37.545147]}, "properties": {"fid": 378, "img_url": "https://cdn.yesterdays.maprva.org/images/26221/original.jpg", "img_entry": "https://yesterdays.maprva.org/26221/", "date": "April 1989", "start": 1989, "end": 1989, "eras": [4], "direction": 274, "subjects": null}}, {"type": "Feature", "geometry": {"type": "Point", "coordinates": [-77.441379, 37.545142]}, "properties": {"fid": 379, "img_url": "https://cdn.yesterdays.maprva.org/images/26226/original.jpg", "img_entry": "https://yesterdays.maprva.org/26226/", "date": "April 1989", "start": 1989, "end": 1989, "eras": [4], "direction": 276, "subjects": null}}, {"type": "Feature", "geometry": {"type": "Point", "coordinates": [-77.440101, 37.544483]}, "properties": {"fid": 380, "img_url": "https://cdn.yesterdays.maprva.org/images/8513/original.jpg", "img_entry": "https://yesterdays.maprva.org/8513/", "date": "1988-1989", "start": 1988, "end": 1989, "eras": [4], "direction": 350, "subjects": null}}, {"type": "Feature", "geometry": {"type": "Point", "coordinates": [-77.441016, 37.545117]}, "properties": {"fid": 381, "img_url": "https://cdn.yesterdays.maprva.org/images/26216/original.jpg", "img_entry": "https://yesterdays.maprva.org/26216/", "date": "May 1989", "start": 1989, "end": 1989, "eras": [4], "direction": 282, "subjects": null}}, {"type": "Feature", "geometry": {"type": "Point", "coordinates": [-77.441378, 37.545152]}, "properties": {"fid": 382, "img_url": "https://cdn.yesterdays.maprva.org/images/26219/original.jpg", "img_entry": "https://yesterdays.maprva.org/26219/", "date": "April 1989", "start": 1989, "end": 1989, "eras": [4], "direction": 276, "subjects": null}}, {"type": "Feature", "geometry": {"type": "Point", "coordinates": [-77.441869, 37.545558]}, "properties": {"fid": 383, "img_url": "https://cdn.yesterdays.maprva.org/images/26227/original.jpg", "img_entry": "https://yesterdays.maprva.org/26227/", "date": "June 1986", "start": 1986, "end": 1986, "eras": [4], "direction": 42, "subjects": null}}, {"type": "Feature", "geometry": {"type": "Point", "coordinates": [-77.442091, 37.545761]}, "properties": {"fid": 384, "img_url": "https://cdn.yesterdays.maprva.org/images/26229/original.jpg", "img_entry": "https://yesterdays.maprva.org/26229/", "date": "January 1996", "start": 1996, "end": 1996, "eras": [4], "direction": 92, "subjects": null}}, {"type": "Feature", "geometry": {"type": "Point", "coordinates": [-77.441844, 37.545585]}, "properties": {"fid": 385, "img_url": "https://cdn.yesterdays.maprva.org/images/26231/original.jpg", "img_entry": "https://yesterdays.maprva.org/26231/", "date": "January 1996", "start": 1996, "end": 1996, "eras": [4], "direction": 35, "subjects": null}}, {"type": "Feature", "geometry": {"type": "Point", "coordinates": [-77.441851, 37.545628]}, "properties": {"fid": 386, "img_url": "https://cdn.yesterdays.maprva.org/images/26232/original.jpg", "img_entry": "https://yesterdays.maprva.org/26232/", "date": "January 1996", "start": 1996, "end": 1996, "eras": [4], "direction": 53, "subjects": null}}, {"type": "Feature", "geometry": {"type": "Point", "coordinates": [-77.440589, 37.546136]}, "properties": {"fid": 387, "img_url": "https://cdn.yesterdays.maprva.org/images/34322/original.jpg", "img_entry": "https://yesterdays.maprva.org/34322/", "date": "ca. 1978", "start": 1978, "end": 1978, "eras": [4], "direction": 14, "subjects": null}}, {"type": "Feature", "geometry": {"type": "Point", "coordinates": [-77.442067, 37.545806]}, "properties": {"fid": 388, "img_url": "https://cdn.yesterdays.maprva.org/images/26239/original.jpg", "img_entry": "https://yesterdays.maprva.org/26239/", "date": "April 1993", "start": 1993, "end": 1993, "eras": [4], "direction": 44, "subjects": null}}, {"type": "Feature", "geometry": {"type": "Point", "coordinates": [-77.440679, 37.546198]}, "properties": {"fid": 389, "img_url": "https://cdn.yesterdays.maprva.org/images/34324/original.jpg", "img_entry": "https://yesterdays.maprva.org/34324/", "date": "ca. 1978", "start": 1978, "end": 1978, "eras": [4], "direction": 11, "subjects": null}}, {"type": "Feature", "geometry": {"type": "Point", "coordinates": [-77.441231, 37.546566]}, "properties": {"fid": 390, "img_url": "https://cdn.yesterdays.maprva.org/images/34343/original.jpg", "img_entry": "https://yesterdays.maprva.org/34343/", "date": "ca. 1978", "start": 1978, "end": 1978, "eras": [4], "direction": 202, "subjects": null}}, {"type": "Feature", "geometry": {"type": "Point", "coordinates": [-77.442254, 37.545805]}, "properties": {"fid": 391, "img_url": "https://cdn.yesterdays.maprva.org/images/26243/original.jpg", "img_entry": "https://yesterdays.maprva.org/26243/", "date": "June 1986", "start": 1986, "end": 1986, "eras": [4], "direction": 41, "subjects": null}}, {"type": "Feature", "geometry": {"type": "Point", "coordinates": [-77.441621, 37.545307]}, "properties": {"fid": 392, "img_url": "https://cdn.yesterdays.maprva.org/images/26198/original.jpg", "img_entry": "https://yesterdays.maprva.org/26198/", "date": "[1965..2000]", "start": 1965, "end": 2000, "eras": [4, 5], "direction": 155, "subjects": null}}, {"type": "Feature", "geometry": {"type": "Point", "coordinates": [-77.441169, 37.545149]}, "properties": {"fid": 393, "img_url": "https://cdn.yesterdays.maprva.org/images/26200/original.jpg", "img_entry": "https://yesterdays.maprva.org/26200/", "date": "November 1986", "start": 1986, "end": 1986, "eras": [4], "direction": 223, "subjects": null}}, {"type": "Feature", "geometry": {"type": "Point", "coordinates": [-77.441351, 37.544722]}, "properties": {"fid": 394, "img_url": "https://cdn.yesterdays.maprva.org/images/26203/original.jpg", "img_entry": "https://yesterdays.maprva.org/26203/", "date": "October 1993", "start": 1993, "end": 1993, "eras": [4], "direction": 308, "subjects": null}}, {"type": "Feature", "geometry": {"type": "Point", "coordinates": [-77.442279, 37.545884]}, "properties": {"fid": 395, "img_url": "https://cdn.yesterdays.maprva.org/images/26244/original.jpg", "img_entry": "https://yesterdays.maprva.org/26244/", "date": "June 1993", "start": 1993, "end": 1993, "eras": [4], "direction": 62, "subjects": null}}, {"type": "Feature", "geometry": {"type": "Point", "coordinates": [-77.441335, 37.54666]}, "properties": {"fid": 396, "img_url": "https://cdn.yesterdays.maprva.org/images/34344/original.jpg", "img_entry": "https://yesterdays.maprva.org/34344/", "date": "ca. 1978", "start": 1978, "end": 1978, "eras": [4], "direction": 238, "subjects": null}}, {"type": "Feature", "geometry": {"type": "Point", "coordinates": [-77.442024, 37.545645]}, "properties": {"fid": 397, "img_url": "https://cdn.yesterdays.maprva.org/images/26214/original.jpg", "img_entry": "https://yesterdays.maprva.org/26214/", "date": "May 1997", "start": 1997, "end": 1997, "eras": [4], "direction": 183, "subjects": null}}, {"type": "Feature", "geometry": {"type": "Point", "coordinates": [-77.442021, 37.545864]}, "properties": {"fid": 398, "img_url": "https://cdn.yesterdays.maprva.org/images/26238/original.jpg", "img_entry": "https://yesterdays.maprva.org/26238/", "date": "April 1993", "start": 1993, "end": 1993, "eras": [4], "direction": 74, "subjects": null}}, {"type": "Feature", "geometry": {"type": "Point", "coordinates": [-77.442028, 37.545863]}, "properties": {"fid": 399, "img_url": "https://cdn.yesterdays.maprva.org/images/26242/original.jpg", "img_entry": "https://yesterdays.maprva.org/26242/", "date": "[1965..2000]", "start": 1965, "end": 2000, "eras": [4, 5], "direction": 336, "subjects": null}}, {"type": "Feature", "geometry": {"type": "Point", "coordinates": [-77.44216, 37.545863]}, "properties": {"fid": 400, "img_url": "https://cdn.yesterdays.maprva.org/images/26240/original.jpg", "img_entry": "https://yesterdays.maprva.org/26240/", "date": "[1965..2000]", "start": 1965, "end": 2000, "eras": [4, 5], "direction": 61, "subjects": null}}, {"type": "Feature", "geometry": {"type": "Point", "coordinates": [-77.442157, 37.545635]}, "properties": {"fid": 401, "img_url": "https://cdn.yesterdays.maprva.org/images/26256/original.jpg", "img_entry": "https://yesterdays.maprva.org/26256/", "date": "February 1986", "start": 1986, "end": 1986, "eras": [4], "direction": 253, "subjects": null}}, {"type": "Feature", "geometry": {"type": "Point", "coordinates": [-77.442197, 37.54563]}, "properties": {"fid": 402, "img_url": "https://cdn.yesterdays.maprva.org/images/26258/original.jpg", "img_entry": "https://yesterdays.maprva.org/26258/", "date": "October 1993", "start": 1993, "end": 1993, "eras": [4], "direction": 293, "subjects": null}}, {"type": "Feature", "geometry": {"type": "Point", "coordinates": [-77.442223, 37.545725]}, "properties": {"fid": 403, "img_url": "https://cdn.yesterdays.maprva.org/images/26259/original.jpg", "img_entry": "https://yesterdays.maprva.org/26259/", "date": "October 1993", "start": 1993, "end": 1993, "eras": [4], "direction": 223, "subjects": null}}, {"type": "Feature", "geometry": {"type": "Point", "coordinates": [-77.442044, 37.545697]}, "properties": {"fid": 404, "img_url": "https://cdn.yesterdays.maprva.org/images/26255/original.jpg", "img_entry": "https://yesterdays.maprva.org/26255/", "date": "February 1986", "start": 1986, "end": 1986, "eras": [4], "direction": 218, "subjects": null}}, {"type": "Feature", "geometry": {"type": "Point", "coordinates": [-77.44016, 37.547192]}, "properties": {"fid": 405, "img_url": "https://cdn.yesterdays.maprva.org/images/34402/original.jpg", "img_entry": "https://yesterdays.maprva.org/34402/", "date": "ca. 1978", "start": 1978, "end": 1978, "eras": [4], "direction": 12, "subjects": ["Q900557", "Q3410466", "Q138501474"]}}, {"type": "Feature", "geometry": {"type": "Point", "coordinates": [-77.440017, 37.547079]}, "properties": {"fid": 406, "img_url": "https://cdn.yesterdays.maprva.org/images/34405/original.jpg", "img_entry": "https://yesterdays.maprva.org/34405/", "date": "ca. 1978", "start": 1978, "end": 1978, "eras": [4], "direction": 38, "subjects": ["Q900557"]}}, {"type": "Feature", "geometry": {"type": "Point", "coordinates": [-77.439932, 37.547053]}, "properties": {"fid": 407, "img_url": "https://cdn.yesterdays.maprva.org/images/34406/original.jpg", "img_entry": "https://yesterdays.maprva.org/34406/", "date": "ca. 1978", "start": 1978, "end": 1978, "eras": [4], "direction": 37, "subjects": ["Q900557"]}}, {"type": "Feature", "geometry": {"type": "Point", "coordinates": [-77.440112, 37.547279]}, "properties": {"fid": 408, "img_url": "https://cdn.yesterdays.maprva.org/images/34412/original.jpg", "img_entry": "https://yesterdays.maprva.org/34412/", "date": "ca. 1978", "start": 1978, "end": 1978, "eras": [4], "direction": 217, "subjects": null}}, {"type": "Feature", "geometry": {"type": "Point", "coordinates": [-77.440072, 37.547216]}, "properties": {"fid": 409, "img_url": "https://cdn.yesterdays.maprva.org/images/34413/original.jpg", "img_entry": "https://yesterdays.maprva.org/34413/", "date": "ca. 1978", "start": 1978, "end": 1978, "eras": [4], "direction": 219, "subjects": null}}, {"type": "Feature", "geometry": {"type": "Point", "coordinates": [-77.442209, 37.545909]}, "properties": {"fid": 410, "img_url": "https://cdn.yesterdays.maprva.org/images/26263/original.jpg", "img_entry": "https://yesterdays.maprva.org/26263/", "date": "July 1993", "start": 1993, "end": 1993, "eras": [4], "direction": 181, "subjects": null}}, {"type": "Feature", "geometry": {"type": "Point", "coordinates": [-77.438263, 37.546192]}, "properties": {"fid": 411, "img_url": "https://cdn.yesterdays.maprva.org/images/34428/original.jpg", "img_entry": "https://yesterdays.maprva.org/34428/", "date": "ca. 1978", "start": 1978, "end": 1978, "eras": [4], "direction": 77, "subjects": null}}, {"type": "Feature", "geometry": {"type": "Point", "coordinates": [-77.440568, 37.547516]}, "properties": {"fid": 412, "img_url": "https://cdn.yesterdays.maprva.org/images/34454/original.jpg", "img_entry": "https://yesterdays.maprva.org/34454/", "date": "ca. 1978", "start": 1978, "end": 1978, "eras": [4], "direction": 219, "subjects": null}}, {"type": "Feature", "geometry": {"type": "Point", "coordinates": [-77.438155, 37.546008]}, "properties": {"fid": 413, "img_url": "https://cdn.yesterdays.maprva.org/images/34429/original.jpg", "img_entry": "https://yesterdays.maprva.org/34429/", "date": "ca. 1978", "start": 1978, "end": 1978, "eras": [4], "direction": 38, "subjects": null}}, {"type": "Feature", "geometry": {"type": "Point", "coordinates": [-77.438865, 37.546522]}, "properties": {"fid": 414, "img_url": "https://cdn.yesterdays.maprva.org/images/34426/original.jpg", "img_entry": "https://yesterdays.maprva.org/34426/", "date": "ca. 1978", "start": 1978, "end": 1978, "eras": [4], "direction": 177, "subjects": null}}, {"type": "Feature", "geometry": {"type": "Point", "coordinates": [-77.438898, 37.546485]}, "properties": {"fid": 415, "img_url": "https://cdn.yesterdays.maprva.org/images/34425/original.jpg", "img_entry": "https://yesterdays.maprva.org/34425/", "date": "ca. 1978", "start": 1978, "end": 1978, "eras": [4], "direction": 217, "subjects": null}}, {"type": "Feature", "geometry": {"type": "Point", "coordinates": [-77.436889, 37.545326]}, "properties": {"fid": 416, "img_url": "https://cdn.yesterdays.maprva.org/images/34439/original.jpg", "img_entry": "https://yesterdays.maprva.org/34439/", "date": "ca. 1978", "start": 1978, "end": 1978, "eras": [4], "direction": 194, "subjects": null}}, {"type": "Feature", "geometry": {"type": "Point", "coordinates": [-77.437202, 37.545548]}, "properties": {"fid": 417, "img_url": "https://cdn.yesterdays.maprva.org/images/34440/original.jpg", "img_entry": "https://yesterdays.maprva.org/34440/", "date": "ca. 1978", "start": 1978, "end": 1978, "eras": [4], "direction": 36, "subjects": ["Q900557"]}}, {"type": "Feature", "geometry": {"type": "Point", "coordinates": [-77.437995, 37.545879]}, "properties": {"fid": 418, "img_url": "https://cdn.yesterdays.maprva.org/images/34436/original.jpg", "img_entry": "https://yesterdays.maprva.org/34436/", "date": "ca. 1978", "start": 1978, "end": 1978, "eras": [4], "direction": 214, "subjects": null}}, {"type": "Feature", "geometry": {"type": "Point", "coordinates": [-77.437983, 37.545953]}, "properties": {"fid": 419, "img_url": "https://cdn.yesterdays.maprva.org/images/34437/original.jpg", "img_entry": "https://yesterdays.maprva.org/34437/", "date": "ca. 1978", "start": 1978, "end": 1978, "eras": [4], "direction": 168, "subjects": ["Q900557"]}}, {"type": "Feature", "geometry": {"type": "Point", "coordinates": [-77.437071, 37.545445]}, "properties": {"fid": 420, "img_url": "https://cdn.yesterdays.maprva.org/images/34442/original.jpg", "img_entry": "https://yesterdays.maprva.org/34442/", "date": "ca. 1978", "start": 1978, "end": 1978, "eras": [4], "direction": 218, "subjects": null}}, {"type": "Feature", "geometry": {"type": "Point", "coordinates": [-77.440721, 37.547515]}, "properties": {"fid": 421, "img_url": "https://cdn.yesterdays.maprva.org/images/34446/original.jpg", "img_entry": "https://yesterdays.maprva.org/34446/", "date": "ca. 1978", "start": 1978, "end": 1978, "eras": [4], "direction": 83, "subjects": null}}, {"type": "Feature", "geometry": {"type": "Point", "coordinates": [-77.440642, 37.547533]}, "properties": {"fid": 422, "img_url": "https://cdn.yesterdays.maprva.org/images/34447/original.jpg", "img_entry": "https://yesterdays.maprva.org/34447/", "date": "ca. 1978", "start": 1978, "end": 1978, "eras": [4], "direction": 51, "subjects": null}}, {"type": "Feature", "geometry": {"type": "Point", "coordinates": [-77.438735, 37.548153]}, "properties": {"fid": 423, "img_url": "https://cdn.yesterdays.maprva.org/images/34536/original.jpg", "img_entry": "https://yesterdays.maprva.org/34536/", "date": "ca. 1978", "start": 1978, "end": 1978, "eras": [4], "direction": 83, "subjects": null}}, {"type": "Feature", "geometry": {"type": "Point", "coordinates": [-77.43805, 37.547703]}, "properties": {"fid": 424, "img_url": "https://cdn.yesterdays.maprva.org/images/34544/original.jpg", "img_entry": "https://yesterdays.maprva.org/34544/", "date": "ca. 1978", "start": 1978, "end": 1978, "eras": [4], "direction": 52, "subjects": ["Q900557"]}}, {"type": "Feature", "geometry": {"type": "Point", "coordinates": [-77.438211, 37.547856]}, "properties": {"fid": 425, "img_url": "https://cdn.yesterdays.maprva.org/images/34540/original.jpg", "img_entry": "https://yesterdays.maprva.org/34540/", "date": "ca. 1978", "start": 1978, "end": 1978, "eras": [4], "direction": 37, "subjects": null}}, {"type": "Feature", "geometry": {"type": "Point", "coordinates": [-77.438055, 37.54781]}, "properties": {"fid": 426, "img_url": "https://cdn.yesterdays.maprva.org/images/34542/original.jpg", "img_entry": "https://yesterdays.maprva.org/34542/", "date": "ca. 1978", "start": 1978, "end": 1978, "eras": [4], "direction": 26, "subjects": null}}, {"type": "Feature", "geometry": {"type": "Point", "coordinates": [-77.438223, 37.547959]}, "properties": {"fid": 427, "img_url": "https://cdn.yesterdays.maprva.org/images/34549/original.jpg", "img_entry": "https://yesterdays.maprva.org/34549/", "date": "ca. 1978", "start": 1978, "end": 1978, "eras": [4], "direction": 196, "subjects": ["Q8004"]}}, {"type": "Feature", "geometry": {"type": "Point", "coordinates": [-77.438035, 37.54782]}, "properties": {"fid": 428, "img_url": "https://cdn.yesterdays.maprva.org/images/34550/original.jpg", "img_entry": "https://yesterdays.maprva.org/34550/", "date": "ca. 1978", "start": 1978, "end": 1978, "eras": [4], "direction": 252, "subjects": ["Q900557"]}}, {"type": "Feature", "geometry": {"type": "Point", "coordinates": [-77.437924, 37.54778]}, "properties": {"fid": 429, "img_url": "https://cdn.yesterdays.maprva.org/images/34545/original.jpg", "img_entry": "https://yesterdays.maprva.org/34545/", "date": "ca. 1978", "start": 1978, "end": 1978, "eras": [4], "direction": 83, "subjects": null}}, {"type": "Feature", "geometry": {"type": "Point", "coordinates": [-77.437874, 37.547707]}, "properties": {"fid": 430, "img_url": "https://cdn.yesterdays.maprva.org/images/34552/original.jpg", "img_entry": "https://yesterdays.maprva.org/34552/", "date": "ca. 1978", "start": 1978, "end": 1978, "eras": [4], "direction": 246, "subjects": ["Q900557"]}}, {"type": "Feature", "geometry": {"type": "Point", "coordinates": [-77.437617, 37.547479]}, "properties": {"fid": 431, "img_url": "https://cdn.yesterdays.maprva.org/images/34556/original.jpg", "img_entry": "https://yesterdays.maprva.org/34556/", "date": "ca. 1978", "start": 1978, "end": 1978, "eras": [4], "direction": 268, "subjects": null}}, {"type": "Feature", "geometry": {"type": "Point", "coordinates": [-77.437136, 37.54731]}, "properties": {"fid": 432, "img_url": "https://cdn.yesterdays.maprva.org/images/34558/original.jpg", "img_entry": "https://yesterdays.maprva.org/34558/", "date": "ca. 1978", "start": 1978, "end": 1978, "eras": [4], "direction": 174, "subjects": null}}, {"type": "Feature", "geometry": {"type": "Point", "coordinates": [-77.437037, 37.547224]}, "properties": {"fid": 433, "img_url": "https://cdn.yesterdays.maprva.org/images/34559/original.jpg", "img_entry": "https://yesterdays.maprva.org/34559/", "date": "ca. 1978", "start": 1978, "end": 1978, "eras": [4], "direction": 186, "subjects": null}}, {"type": "Feature", "geometry": {"type": "Point", "coordinates": [-77.436262, 37.546698]}, "properties": {"fid": 434, "img_url": "https://cdn.yesterdays.maprva.org/images/34564/original.jpg", "img_entry": "https://yesterdays.maprva.org/34564/", "date": "ca. 1978", "start": 1978, "end": 1978, "eras": [4], "direction": 9, "subjects": ["Q900557"]}}, {"type": "Feature", "geometry": {"type": "Point", "coordinates": [-77.436109, 37.546672]}, "properties": {"fid": 435, "img_url": "https://cdn.yesterdays.maprva.org/images/34570/original.jpg", "img_entry": "https://yesterdays.maprva.org/34570/", "date": "ca. 1978", "start": 1978, "end": 1978, "eras": [4], "direction": 170, "subjects": null}}, {"type": "Feature", "geometry": {"type": "Point", "coordinates": [-77.439553, 37.548626]}, "properties": {"fid": 436, "img_url": "https://cdn.yesterdays.maprva.org/images/34572/original.jpg", "img_entry": "https://yesterdays.maprva.org/34572/", "date": "ca. 1978", "start": 1978, "end": 1978, "eras": [4], "direction": 64, "subjects": null}}, {"type": "Feature", "geometry": {"type": "Point", "coordinates": [-77.436088, 37.5466]}, "properties": {"fid": 437, "img_url": "https://cdn.yesterdays.maprva.org/images/34566/original.jpg", "img_entry": "https://yesterdays.maprva.org/34566/", "date": "ca. 1978", "start": 1978, "end": 1978, "eras": [4], "direction": 15, "subjects": null}}, {"type": "Feature", "geometry": {"type": "Point", "coordinates": [-77.439553, 37.548791]}, "properties": {"fid": 438, "img_url": "https://cdn.yesterdays.maprva.org/images/34574/original.jpg", "img_entry": "https://yesterdays.maprva.org/34574/", "date": "ca. 1978", "start": 1978, "end": 1978, "eras": [4], "direction": 209, "subjects": null}}, {"type": "Feature", "geometry": {"type": "Point", "coordinates": [-77.436136, 37.546687]}, "properties": {"fid": 439, "img_url": "https://cdn.yesterdays.maprva.org/images/29851/original.jpg", "img_entry": "https://yesterdays.maprva.org/29851/", "date": "July 1994", "start": 1994, "end": 1994, "eras": [4], "direction": 224, "subjects": null}}, {"type": "Feature", "geometry": {"type": "Point", "coordinates": [-77.442054, 37.545721]}, "properties": {"fid": 440, "img_url": "https://cdn.yesterdays.maprva.org/images/15278/original.jpg", "img_entry": "https://yesterdays.maprva.org/15278/", "date": "1880-1920", "start": 1880, "end": 1920, "eras": [0, 1], "direction": 129, "subjects": ["Q5325784"]}}, {"type": "Feature", "geometry": {"type": "Point", "coordinates": [-77.4396, 37.548654]}, "properties": {"fid": 441, "img_url": "https://cdn.yesterdays.maprva.org/images/34573/original.jpg", "img_entry": "https://yesterdays.maprva.org/34573/", "date": "ca. 1978", "start": 1978, "end": 1978, "eras": [4], "direction": 53, "subjects": null}}, {"type": "Feature", "geometry": {"type": "Point", "coordinates": [-77.440452, 37.547422]}, "properties": {"fid": 442, "img_url": "https://cdn.yesterdays.maprva.org/images/8608/original.jpg", "img_entry": "https://yesterdays.maprva.org/8608/", "date": "1988-1989", "start": 1988, "end": 1989, "eras": [4], "direction": 222, "subjects": null}}, {"type": "Feature", "geometry": {"type": "Point", "coordinates": [-77.44048, 37.547417]}, "properties": {"fid": 443, "img_url": "https://cdn.yesterdays.maprva.org/images/8609/original.jpg", "img_entry": "https://yesterdays.maprva.org/8609/", "date": "1988-1989", "start": 1988, "end": 1989, "eras": [4], "direction": 228, "subjects": null}}, {"type": "Feature", "geometry": {"type": "Point", "coordinates": [-77.441348, 37.54531]}, "properties": {"fid": 444, "img_url": "https://cdn.yesterdays.maprva.org/images/15286/original.jpg", "img_entry": "https://yesterdays.maprva.org/15286/", "date": "1925", "start": 1925, "end": 1925, "eras": [1], "direction": 39, "subjects": null}}, {"type": "Feature", "geometry": {"type": "Point", "coordinates": [-77.434818, 37.548715]}, "properties": {"fid": 445, "img_url": "https://cdn.yesterdays.maprva.org/images/8617/original.jpg", "img_entry": "https://yesterdays.maprva.org/8617/", "date": "1988-1989", "start": 1988, "end": 1989, "eras": [4], "direction": 309, "subjects": null}}, {"type": "Feature", "geometry": {"type": "Point", "coordinates": [-77.436323, 37.546812]}, "properties": {"fid": 446, "img_url": "https://cdn.yesterdays.maprva.org/images/8622/original.jpg", "img_entry": "https://yesterdays.maprva.org/8622/", "date": "1988-1989", "start": 1988, "end": 1989, "eras": [4], "direction": 219, "subjects": null}}, {"type": "Feature", "geometry": {"type": "Point", "coordinates": [-77.436777, 37.54711]}, "properties": {"fid": 447, "img_url": "https://cdn.yesterdays.maprva.org/images/29853/1/transformed.webp", "img_entry": "https://yesterdays.maprva.org/29853/", "date": "September 1978", "start": 1978, "end": 1978, "eras": [4], "direction": 233, "subjects": null}}, {"type": "Feature", "geometry": {"type": "Point", "coordinates": [-77.436819, 37.547116]}, "properties": {"fid": 448, "img_url": "https://cdn.yesterdays.maprva.org/images/29855/1/transformed.webp", "img_entry": "https://yesterdays.maprva.org/29855/", "date": "February 1995", "start": 1995, "end": 1995, "eras": [4], "direction": 239, "subjects": null}}, {"type": "Feature", "geometry": {"type": "Point", "coordinates": [-77.439924, 37.547893]}, "properties": {"fid": 449, "img_url": "https://cdn.yesterdays.maprva.org/images/8635/original.jpg", "img_entry": "https://yesterdays.maprva.org/8635/", "date": "1988-1989", "start": 1988, "end": 1989, "eras": [4], "direction": 354, "subjects": null}}, {"type": "Feature", "geometry": {"type": "Point", "coordinates": [-77.439735, 37.548036]}, "properties": {"fid": 450, "img_url": "https://cdn.yesterdays.maprva.org/images/8636/original.jpg", "img_entry": "https://yesterdays.maprva.org/8636/", "date": "1988-1989", "start": 1988, "end": 1989, "eras": [4], "direction": 298, "subjects": null}}, {"type": "Feature", "geometry": {"type": "Point", "coordinates": [-77.436674, 37.547032]}, "properties": {"fid": 451, "img_url": "https://cdn.yesterdays.maprva.org/images/29856/original.jpg", "img_entry": "https://yesterdays.maprva.org/29856/", "date": "September 1978", "start": 1978, "end": 1978, "eras": [4], "direction": 214, "subjects": null}}, {"type": "Feature", "geometry": {"type": "Point", "coordinates": [-77.437688, 37.548146]}, "properties": {"fid": 452, "img_url": "https://cdn.yesterdays.maprva.org/images/29861/original.jpg", "img_entry": "https://yesterdays.maprva.org/29861/", "date": "December 1993", "start": 1993, "end": 1993, "eras": [4], "direction": 228, "subjects": null}}, {"type": "Feature", "geometry": {"type": "Point", "coordinates": [-77.437658, 37.548151]}, "properties": {"fid": 453, "img_url": "https://cdn.yesterdays.maprva.org/images/29863/original.jpg", "img_entry": "https://yesterdays.maprva.org/29863/", "date": "December 1993", "start": 1993, "end": 1993, "eras": [4], "direction": 262, "subjects": null}}, {"type": "Feature", "geometry": {"type": "Point", "coordinates": [-77.439677, 37.548869]}, "properties": {"fid": 454, "img_url": "https://cdn.yesterdays.maprva.org/images/34583/original.jpg", "img_entry": "https://yesterdays.maprva.org/34583/", "date": "ca. 1978", "start": 1978, "end": 1978, "eras": [4], "direction": 225, "subjects": null}}, {"type": "Feature", "geometry": {"type": "Point", "coordinates": [-77.43432, 37.55377]}, "properties": {"fid": 455, "img_url": "https://cdn.yesterdays.maprva.org/images/2926/original.jpg", "img_entry": "https://yesterdays.maprva.org/2926/", "date": "4/1954", "start": 1954, "end": 1954, "eras": [3], "direction": 68, "subjects": null}}, {"type": "Feature", "geometry": {"type": "Point", "coordinates": [-77.440364, 37.544706]}, "properties": {"fid": 456, "img_url": "https://cdn.yesterdays.maprva.org/images/23788/original.jpg", "img_entry": "https://yesterdays.maprva.org/23788/", "date": "August 1997", "start": 1997, "end": 1997, "eras": [4], "direction": 144, "subjects": ["Q5061482"]}}, {"type": "Feature", "geometry": {"type": "Point", "coordinates": [-77.440061, 37.54839]}, "properties": {"fid": 457, "img_url": "https://cdn.yesterdays.maprva.org/images/29880/original.jpg", "img_entry": "https://yesterdays.maprva.org/29880/", "date": "October 1989", "start": 1989, "end": 1989, "eras": [4], "direction": 41, "subjects": ["Q216530"]}}, {"type": "Feature", "geometry": {"type": "Point", "coordinates": [-77.437724, 37.547024]}, "properties": {"fid": 458, "img_url": "https://cdn.yesterdays.maprva.org/images/29871/original.jpg", "img_entry": "https://yesterdays.maprva.org/29871/", "date": "November 1997", "start": 1997, "end": 1997, "eras": [4], "direction": 359, "subjects": null}}, {"type": "Feature", "geometry": {"type": "Point", "coordinates": [-77.437616, 37.547159]}, "properties": {"fid": 459, "img_url": "https://cdn.yesterdays.maprva.org/images/29872/original.jpg", "img_entry": "https://yesterdays.maprva.org/29872/", "date": "November 1997", "start": 1997, "end": 1997, "eras": [4], "direction": 339, "subjects": ["Q3410466"]}}, {"type": "Feature", "geometry": {"type": "Point", "coordinates": [-77.440866, 37.545082]}, "properties": {"fid": 460, "img_url": "https://cdn.yesterdays.maprva.org/images/7948/1/transformed.webp", "img_entry": "https://yesterdays.maprva.org/7948/", "date": "2004", "start": 2004, "end": 2004, "eras": [5], "direction": 134, "subjects": ["Q5061482"]}}, {"type": "Feature", "geometry": {"type": "Point", "coordinates": [-77.438039, 37.549145]}, "properties": {"fid": 461, "img_url": "https://cdn.yesterdays.maprva.org/images/34620/original.jpg", "img_entry": "https://yesterdays.maprva.org/34620/", "date": "ca. 1978", "start": 1978, "end": 1978, "eras": [4], "direction": 358, "subjects": null}}, {"type": "Feature", "geometry": {"type": "Point", "coordinates": [-77.437572, 37.547326]}, "properties": {"fid": 462, "img_url": "https://cdn.yesterdays.maprva.org/images/29875/original.jpg", "img_entry": "https://yesterdays.maprva.org/29875/", "date": "November 1997", "start": 1997, "end": 1997, "eras": [4], "direction": 280, "subjects": null}}, {"type": "Feature", "geometry": {"type": "Point", "coordinates": [-77.437562, 37.547261]}, "properties": {"fid": 463, "img_url": "https://cdn.yesterdays.maprva.org/images/29873/original.jpg", "img_entry": "https://yesterdays.maprva.org/29873/", "date": "November 1997", "start": 1997, "end": 1997, "eras": [4], "direction": 314, "subjects": null}}, {"type": "Feature", "geometry": {"type": "Point", "coordinates": [-77.437714, 37.550212]}, "properties": {"fid": 464, "img_url": "https://cdn.yesterdays.maprva.org/images/34644/original.jpg", "img_entry": "https://yesterdays.maprva.org/34644/", "date": "ca. 1978", "start": 1978, "end": 1978, "eras": [4], "direction": 166, "subjects": null}}, {"type": "Feature", "geometry": {"type": "Point", "coordinates": [-77.437311, 37.550087]}, "properties": {"fid": 465, "img_url": "https://cdn.yesterdays.maprva.org/images/34645/original.jpg", "img_entry": "https://yesterdays.maprva.org/34645/", "date": "ca. 1978", "start": 1978, "end": 1978, "eras": [4], "direction": 250, "subjects": null}}, {"type": "Feature", "geometry": {"type": "Point", "coordinates": [-77.436986, 37.549954]}, "properties": {"fid": 466, "img_url": "https://cdn.yesterdays.maprva.org/images/34649/original.jpg", "img_entry": "https://yesterdays.maprva.org/34649/", "date": "ca. 1978", "start": 1978, "end": 1978, "eras": [4], "direction": 151, "subjects": null}}, {"type": "Feature", "geometry": {"type": "Point", "coordinates": [-77.438204, 37.55028]}, "properties": {"fid": 467, "img_url": "https://cdn.yesterdays.maprva.org/images/34652/original.jpg", "img_entry": "https://yesterdays.maprva.org/34652/", "date": "ca. 1978", "start": 1978, "end": 1978, "eras": [4], "direction": 140, "subjects": null}}, {"type": "Feature", "geometry": {"type": "Point", "coordinates": [-77.438268, 37.5503]}, "properties": {"fid": 468, "img_url": "https://cdn.yesterdays.maprva.org/images/34653/original.jpg", "img_entry": "https://yesterdays.maprva.org/34653/", "date": "ca. 1978", "start": 1978, "end": 1978, "eras": [4], "direction": 149, "subjects": null}}, {"type": "Feature", "geometry": {"type": "Point", "coordinates": [-77.438303, 37.543503]}, "properties": {"fid": 469, "img_url": "https://cdn.yesterdays.maprva.org/images/26389/original.jpg", "img_entry": "https://yesterdays.maprva.org/26389/", "date": "July 1979", "start": 1979, "end": 1979, "eras": [4], "direction": 246, "subjects": null}}, {"type": "Feature", "geometry": {"type": "Point", "coordinates": [-77.438491, 37.543405]}, "properties": {"fid": 470, "img_url": "https://cdn.yesterdays.maprva.org/images/26391/original.jpg", "img_entry": "https://yesterdays.maprva.org/26391/", "date": "[1965..2000]", "start": 1965, "end": 2000, "eras": [4, 5], "direction": 301, "subjects": null}}, {"type": "Feature", "geometry": {"type": "Point", "coordinates": [-77.440336, 37.544499]}, "properties": {"fid": 471, "img_url": "https://cdn.yesterdays.maprva.org/images/23803/original.jpg", "img_entry": "https://yesterdays.maprva.org/23803/", "date": "April 1998", "start": 1998, "end": 1998, "eras": [4], "direction": 70, "subjects": null}}, {"type": "Feature", "geometry": {"type": "Point", "coordinates": [-77.438051, 37.546049]}, "properties": {"fid": 472, "img_url": "https://cdn.yesterdays.maprva.org/images/34432/original.jpg", "img_entry": "https://yesterdays.maprva.org/34432/", "date": "ca. 1978", "start": 1978, "end": 1978, "eras": [4], "direction": 267, "subjects": null}}, {"type": "Feature", "geometry": {"type": "Point", "coordinates": [-77.440669, 37.544916]}, "properties": {"fid": 473, "img_url": "https://cdn.yesterdays.maprva.org/images/26392/original.jpg", "img_entry": "https://yesterdays.maprva.org/26392/", "date": "August 1980", "start": 1980, "end": 1980, "eras": [4], "direction": 247, "subjects": null}}, {"type": "Feature", "geometry": {"type": "Point", "coordinates": [-77.440818, 37.544861]}, "properties": {"fid": 474, "img_url": "https://cdn.yesterdays.maprva.org/images/26393/original.jpg", "img_entry": "https://yesterdays.maprva.org/26393/", "date": "August 1980", "start": 1980, "end": 1980, "eras": [4], "direction": 253, "subjects": null}}, {"type": "Feature", "geometry": {"type": "Point", "coordinates": [-77.438642, 37.549869]}, "properties": {"fid": 475, "img_url": "https://cdn.yesterdays.maprva.org/images/34702/original.jpg", "img_entry": "https://yesterdays.maprva.org/34702/", "date": "ca. 1978", "start": 1978, "end": 1978, "eras": [4], "direction": 1, "subjects": null}}, {"type": "Feature", "geometry": {"type": "Point", "coordinates": [-77.438622, 37.549929]}, "properties": {"fid": 476, "img_url": "https://cdn.yesterdays.maprva.org/images/34703/original.jpg", "img_entry": "https://yesterdays.maprva.org/34703/", "date": "ca. 1978", "start": 1978, "end": 1978, "eras": [4], "direction": 73, "subjects": null}}, {"type": "Feature", "geometry": {"type": "Point", "coordinates": [-77.438434, 37.550114]}, "properties": {"fid": 477, "img_url": "https://cdn.yesterdays.maprva.org/images/34704/original.jpg", "img_entry": "https://yesterdays.maprva.org/34704/", "date": "ca. 1978", "start": 1978, "end": 1978, "eras": [4], "direction": 153, "subjects": null}}, {"type": "Feature", "geometry": {"type": "Point", "coordinates": [-77.439792, 37.547992]}, "properties": {"fid": 478, "img_url": "https://cdn.yesterdays.maprva.org/images/34707/original.jpg", "img_entry": "https://yesterdays.maprva.org/34707/", "date": "ca. 1978", "start": 1978, "end": 1978, "eras": [4], "direction": 332, "subjects": ["Q900557"]}}, {"type": "Feature", "geometry": {"type": "Point", "coordinates": [-77.438904, 37.547358]}, "properties": {"fid": 479, "img_url": "https://cdn.yesterdays.maprva.org/images/34708/original.jpg", "img_entry": "https://yesterdays.maprva.org/34708/", "date": "ca. 1978", "start": 1978, "end": 1978, "eras": [4], "direction": 345, "subjects": null}}, {"type": "Feature", "geometry": {"type": "Point", "coordinates": [-77.439935, 37.547813]}, "properties": {"fid": 480, "img_url": "https://cdn.yesterdays.maprva.org/images/34712/original.jpg", "img_entry": "https://yesterdays.maprva.org/34712/", "date": "ca. 1978", "start": 1978, "end": 1978, "eras": [4], "direction": 82, "subjects": null}}, {"type": "Feature", "geometry": {"type": "Point", "coordinates": [-77.437456, 37.545655]}, "properties": {"fid": 481, "img_url": "https://cdn.yesterdays.maprva.org/images/34441/original.jpg", "img_entry": "https://yesterdays.maprva.org/34441/", "date": "ca. 1978", "start": 1978, "end": 1978, "eras": [4], "direction": 247, "subjects": null}}, {"type": "Feature", "geometry": {"type": "Point", "coordinates": [-77.438117, 37.549783]}, "properties": {"fid": 482, "img_url": "https://cdn.yesterdays.maprva.org/images/34718/original.jpg", "img_entry": "https://yesterdays.maprva.org/34718/", "date": "ca. 1978", "start": 1978, "end": 1978, "eras": [4], "direction": 353, "subjects": null}}, {"type": "Feature", "geometry": {"type": "Point", "coordinates": [-77.43991, 37.546314]}, "properties": {"fid": 483, "img_url": "https://cdn.yesterdays.maprva.org/images/34720/original.jpg", "img_entry": "https://yesterdays.maprva.org/34720/", "date": "ca. 1978", "start": 1978, "end": 1978, "eras": [4], "direction": 98, "subjects": null}}, {"type": "Feature", "geometry": {"type": "Point", "coordinates": [-77.438009, 37.548333]}, "properties": {"fid": 484, "img_url": "https://cdn.yesterdays.maprva.org/images/34717/original.jpg", "img_entry": "https://yesterdays.maprva.org/34717/", "date": "ca. 1978", "start": 1978, "end": 1978, "eras": [4], "direction": 75, "subjects": null}}, {"type": "Feature", "geometry": {"type": "Point", "coordinates": [-77.438873, 37.547322]}, "properties": {"fid": 485, "img_url": "https://cdn.yesterdays.maprva.org/images/34724/original.jpg", "img_entry": "https://yesterdays.maprva.org/34724/", "date": "ca. 1978", "start": 1978, "end": 1978, "eras": [4], "direction": 307, "subjects": null}}, {"type": "Feature", "geometry": {"type": "Point", "coordinates": [-77.438466, 37.543405]}, "properties": {"fid": 486, "img_url": "https://cdn.yesterdays.maprva.org/images/26390/original.jpg", "img_entry": "https://yesterdays.maprva.org/26390/", "date": "July 1979", "start": 1979, "end": 1979, "eras": [4], "direction": 284, "subjects": null}}, {"type": "Feature", "geometry": {"type": "Point", "coordinates": [-77.438726, 37.547539]}, "properties": {"fid": 487, "img_url": "https://cdn.yesterdays.maprva.org/images/34725/original.jpg", "img_entry": "https://yesterdays.maprva.org/34725/", "date": "ca. 1978", "start": 1978, "end": 1978, "eras": [4], "direction": 305, "subjects": null}}, {"type": "Feature", "geometry": {"type": "Point", "coordinates": [-77.438089, 37.54328]}, "properties": {"fid": 488, "img_url": "https://cdn.yesterdays.maprva.org/images/26388/original.jpg", "img_entry": "https://yesterdays.maprva.org/26388/", "date": "July 1979", "start": 1979, "end": 1979, "eras": [4], "direction": 251, "subjects": null}}, {"type": "Feature", "geometry": {"type": "Point", "coordinates": [-77.439074, 37.547079]}, "properties": {"fid": 489, "img_url": "https://cdn.yesterdays.maprva.org/images/34726/original.jpg", "img_entry": "https://yesterdays.maprva.org/34726/", "date": "ca. 1978", "start": 1978, "end": 1978, "eras": [4], "direction": 75, "subjects": null}}, {"type": "Feature", "geometry": {"type": "Point", "coordinates": [-77.439017, 37.547243]}, "properties": {"fid": 490, "img_url": "https://cdn.yesterdays.maprva.org/images/34727/original.jpg", "img_entry": "https://yesterdays.maprva.org/34727/", "date": "ca. 1978", "start": 1978, "end": 1978, "eras": [4], "direction": 110, "subjects": null}}, {"type": "Feature", "geometry": {"type": "Point", "coordinates": [-77.438835, 37.547334]}, "properties": {"fid": 491, "img_url": "https://cdn.yesterdays.maprva.org/images/34730/original.jpg", "img_entry": "https://yesterdays.maprva.org/34730/", "date": "ca. 1978", "start": 1978, "end": 1978, "eras": [4], "direction": 79, "subjects": null}}, {"type": "Feature", "geometry": {"type": "Point", "coordinates": [-77.438709, 37.547523]}, "properties": {"fid": 492, "img_url": "https://cdn.yesterdays.maprva.org/images/34732/original.jpg", "img_entry": "https://yesterdays.maprva.org/34732/", "date": "ca. 1978", "start": 1978, "end": 1978, "eras": [4], "direction": 124, "subjects": null}}, {"type": "Feature", "geometry": {"type": "Point", "coordinates": [-77.43865, 37.54764]}, "properties": {"fid": 493, "img_url": "https://cdn.yesterdays.maprva.org/images/34734/original.jpg", "img_entry": "https://yesterdays.maprva.org/34734/", "date": "ca. 1978", "start": 1978, "end": 1978, "eras": [4], "direction": 115, "subjects": null}}, {"type": "Feature", "geometry": {"type": "Point", "coordinates": [-77.43861, 37.547693]}, "properties": {"fid": 494, "img_url": "https://cdn.yesterdays.maprva.org/images/34735/original.jpg", "img_entry": "https://yesterdays.maprva.org/34735/", "date": "ca. 1978", "start": 1978, "end": 1978, "eras": [4], "direction": 101, "subjects": null}}, {"type": "Feature", "geometry": {"type": "Point", "coordinates": [-77.438819, 37.547394]}, "properties": {"fid": 495, "img_url": "https://cdn.yesterdays.maprva.org/images/34729/original.jpg", "img_entry": "https://yesterdays.maprva.org/34729/", "date": "ca. 1978", "start": 1978, "end": 1978, "eras": [4], "direction": 161, "subjects": null}}, {"type": "Feature", "geometry": {"type": "Point", "coordinates": [-77.438744, 37.54741]}, "properties": {"fid": 496, "img_url": "https://cdn.yesterdays.maprva.org/images/34731/original.jpg", "img_entry": "https://yesterdays.maprva.org/34731/", "date": "ca. 1978", "start": 1978, "end": 1978, "eras": [4], "direction": 87, "subjects": null}}, {"type": "Feature", "geometry": {"type": "Point", "coordinates": [-77.438042, 37.548385]}, "properties": {"fid": 497, "img_url": "https://cdn.yesterdays.maprva.org/images/34737/original.jpg", "img_entry": "https://yesterdays.maprva.org/34737/", "date": "ca. 1978", "start": 1978, "end": 1978, "eras": [4], "direction": 5, "subjects": null}}, {"type": "Feature", "geometry": {"type": "Point", "coordinates": [-77.437969, 37.548462]}, "properties": {"fid": 498, "img_url": "https://cdn.yesterdays.maprva.org/images/34738/original.jpg", "img_entry": "https://yesterdays.maprva.org/34738/", "date": "ca. 1978", "start": 1978, "end": 1978, "eras": [4], "direction": 5, "subjects": null}}, {"type": "Feature", "geometry": {"type": "Point", "coordinates": [-77.438604, 37.547605]}, "properties": {"fid": 499, "img_url": "https://cdn.yesterdays.maprva.org/images/29925/original.jpg", "img_entry": "https://yesterdays.maprva.org/29925/", "date": "January 1983", "start": 1983, "end": 1983, "eras": [4], "direction": 259, "subjects": null}}, {"type": "Feature", "geometry": {"type": "Point", "coordinates": [-77.43793, 37.548511]}, "properties": {"fid": 500, "img_url": "https://cdn.yesterdays.maprva.org/images/34739/original.jpg", "img_entry": "https://yesterdays.maprva.org/34739/", "date": "ca. 1978", "start": 1978, "end": 1978, "eras": [4], "direction": 354, "subjects": null}}, {"type": "Feature", "geometry": {"type": "Point", "coordinates": [-77.436775, 37.546695]}, "properties": {"fid": 501, "img_url": "https://cdn.yesterdays.maprva.org/images/29921/original.jpg", "img_entry": "https://yesterdays.maprva.org/29921/", "date": "February 1995", "start": 1995, "end": 1995, "eras": [4], "direction": 126, "subjects": null}}, {"type": "Feature", "geometry": {"type": "Point", "coordinates": [-77.438664, 37.547568]}, "properties": {"fid": 502, "img_url": "https://cdn.yesterdays.maprva.org/images/34733/original.jpg", "img_entry": "https://yesterdays.maprva.org/34733/", "date": "ca. 1978", "start": 1978, "end": 1978, "eras": [4], "direction": 117, "subjects": null}}, {"type": "Feature", "geometry": {"type": "Point", "coordinates": [-77.43779, 37.548649]}, "properties": {"fid": 503, "img_url": "https://cdn.yesterdays.maprva.org/images/34740/original.jpg", "img_entry": "https://yesterdays.maprva.org/34740/", "date": "ca. 1978", "start": 1978, "end": 1978, "eras": [4], "direction": 251, "subjects": null}}, {"type": "Feature", "geometry": {"type": "Point", "coordinates": [-77.439157, 37.547861]}, "properties": {"fid": 504, "img_url": "https://cdn.yesterdays.maprva.org/images/29936/original.jpg", "img_entry": "https://yesterdays.maprva.org/29936/", "date": "June 1988", "start": 1988, "end": 1988, "eras": [4], "direction": 285, "subjects": null}}, {"type": "Feature", "geometry": {"type": "Point", "coordinates": [-77.439008, 37.547178]}, "properties": {"fid": 505, "img_url": "https://cdn.yesterdays.maprva.org/images/29927/original.jpg", "img_entry": "https://yesterdays.maprva.org/29927/", "date": "January 1983", "start": 1983, "end": 1983, "eras": [4], "direction": 1, "subjects": null}}, {"type": "Feature", "geometry": {"type": "Point", "coordinates": [-77.437765, 37.548644]}, "properties": {"fid": 506, "img_url": "https://cdn.yesterdays.maprva.org/images/34741/original.jpg", "img_entry": "https://yesterdays.maprva.org/34741/", "date": "ca. 1978", "start": 1978, "end": 1978, "eras": [4], "direction": 288, "subjects": null}}, {"type": "Feature", "geometry": {"type": "Point", "coordinates": [-77.438022, 37.548287]}, "properties": {"fid": 507, "img_url": "https://cdn.yesterdays.maprva.org/images/34736/original.jpg", "img_entry": "https://yesterdays.maprva.org/34736/", "date": "ca. 1978", "start": 1978, "end": 1978, "eras": [4], "direction": 315, "subjects": null}}, {"type": "Feature", "geometry": {"type": "Point", "coordinates": [-77.437662, 37.548694]}, "properties": {"fid": 508, "img_url": "https://cdn.yesterdays.maprva.org/images/34744/original.jpg", "img_entry": "https://yesterdays.maprva.org/34744/", "date": "ca. 1978", "start": 1978, "end": 1978, "eras": [4], "direction": 350, "subjects": null}}, {"type": "Feature", "geometry": {"type": "Point", "coordinates": [-77.437656, 37.548807]}, "properties": {"fid": 509, "img_url": "https://cdn.yesterdays.maprva.org/images/34747/original.jpg", "img_entry": "https://yesterdays.maprva.org/34747/", "date": "ca. 1978", "start": 1978, "end": 1978, "eras": [4], "direction": 134, "subjects": null}}, {"type": "Feature", "geometry": {"type": "Point", "coordinates": [-77.437781, 37.548635]}, "properties": {"fid": 510, "img_url": "https://cdn.yesterdays.maprva.org/images/34742/original.jpg", "img_entry": "https://yesterdays.maprva.org/34742/", "date": "ca. 1978", "start": 1978, "end": 1978, "eras": [4], "direction": 343, "subjects": null}}, {"type": "Feature", "geometry": {"type": "Point", "coordinates": [-77.438775, 37.549118]}, "properties": {"fid": 511, "img_url": "https://cdn.yesterdays.maprva.org/images/29940/original.jpg", "img_entry": "https://yesterdays.maprva.org/29940/", "date": "June 1997", "start": 1997, "end": 1997, "eras": [4], "direction": 168, "subjects": null}}, {"type": "Feature", "geometry": {"type": "Point", "coordinates": [-77.437387, 37.549071]}, "properties": {"fid": 512, "img_url": "https://cdn.yesterdays.maprva.org/images/34748/original.jpg", "img_entry": "https://yesterdays.maprva.org/34748/", "date": "ca. 1978", "start": 1978, "end": 1978, "eras": [4], "direction": 1, "subjects": null}}, {"type": "Feature", "geometry": {"type": "Point", "coordinates": [-77.437201, 37.549271]}, "properties": {"fid": 513, "img_url": "https://cdn.yesterdays.maprva.org/images/34750/original.jpg", "img_entry": "https://yesterdays.maprva.org/34750/", "date": "ca. 1978", "start": 1978, "end": 1978, "eras": [4], "direction": 260, "subjects": null}}, {"type": "Feature", "geometry": {"type": "Point", "coordinates": [-77.437145, 37.549324]}, "properties": {"fid": 514, "img_url": "https://cdn.yesterdays.maprva.org/images/34751/original.jpg", "img_entry": "https://yesterdays.maprva.org/34751/", "date": "ca. 1978", "start": 1978, "end": 1978, "eras": [4], "direction": 249, "subjects": null}}, {"type": "Feature", "geometry": {"type": "Point", "coordinates": [-77.438302, 37.548807]}, "properties": {"fid": 515, "img_url": "https://cdn.yesterdays.maprva.org/images/29943/original.jpg", "img_entry": "https://yesterdays.maprva.org/29943/", "date": "June 1990", "start": 1990, "end": 1990, "eras": [4], "direction": 297, "subjects": null}}, {"type": "Feature", "geometry": {"type": "Point", "coordinates": [-77.437955, 37.548391]}, "properties": {"fid": 516, "img_url": "https://cdn.yesterdays.maprva.org/images/34745/original.jpg", "img_entry": "https://yesterdays.maprva.org/34745/", "date": "ca. 1978", "start": 1978, "end": 1978, "eras": [4], "direction": 167, "subjects": null}}, {"type": "Feature", "geometry": {"type": "Point", "coordinates": [-77.437057, 37.549327]}, "properties": {"fid": 517, "img_url": "https://cdn.yesterdays.maprva.org/images/34752/original.jpg", "img_entry": "https://yesterdays.maprva.org/34752/", "date": "ca. 1978", "start": 1978, "end": 1978, "eras": [4], "direction": 275, "subjects": null}}, {"type": "Feature", "geometry": {"type": "Point", "coordinates": [-77.439963, 37.548321]}, "properties": {"fid": 518, "img_url": "https://cdn.yesterdays.maprva.org/images/29938/original.jpg", "img_entry": "https://yesterdays.maprva.org/29938/", "date": "June 1988", "start": 1988, "end": 1988, "eras": [4], "direction": 100, "subjects": null}}, {"type": "Feature", "geometry": {"type": "Point", "coordinates": [-77.436945, 37.549533]}, "properties": {"fid": 519, "img_url": "https://cdn.yesterdays.maprva.org/images/34754/original.jpg", "img_entry": "https://yesterdays.maprva.org/34754/", "date": "ca. 1978", "start": 1978, "end": 1978, "eras": [4], "direction": 257, "subjects": null}}, {"type": "Feature", "geometry": {"type": "Point", "coordinates": [-77.439652, 37.548149]}, "properties": {"fid": 520, "img_url": "https://cdn.yesterdays.maprva.org/images/29937/original.jpg", "img_entry": "https://yesterdays.maprva.org/29937/", "date": "June 1988", "start": 1988, "end": 1988, "eras": [4], "direction": 144, "subjects": null}}, {"type": "Feature", "geometry": {"type": "Point", "coordinates": [-77.437355, 37.549117]}, "properties": {"fid": 521, "img_url": "https://cdn.yesterdays.maprva.org/images/34749/original.jpg", "img_entry": "https://yesterdays.maprva.org/34749/", "date": "ca. 1978", "start": 1978, "end": 1978, "eras": [4], "direction": 6, "subjects": null}}, {"type": "Feature", "geometry": {"type": "Point", "coordinates": [-77.438384, 37.546518]}, "properties": {"fid": 522, "img_url": "https://cdn.yesterdays.maprva.org/images/34762/original.jpg", "img_entry": "https://yesterdays.maprva.org/34762/", "date": "ca. 1978", "start": 1978, "end": 1978, "eras": [4], "direction": 98, "subjects": null}}, {"type": "Feature", "geometry": {"type": "Point", "coordinates": [-77.437966, 37.546944]}, "properties": {"fid": 523, "img_url": "https://cdn.yesterdays.maprva.org/images/34767/original.jpg", "img_entry": "https://yesterdays.maprva.org/34767/", "date": "ca. 1978", "start": 1978, "end": 1978, "eras": [4], "direction": 127, "subjects": null}}, {"type": "Feature", "geometry": {"type": "Point", "coordinates": [-77.437834, 37.547114]}, "properties": {"fid": 524, "img_url": "https://cdn.yesterdays.maprva.org/images/34770/original.jpg", "img_entry": "https://yesterdays.maprva.org/34770/", "date": "ca. 1978", "start": 1978, "end": 1978, "eras": [4], "direction": 129, "subjects": null}}, {"type": "Feature", "geometry": {"type": "Point", "coordinates": [-77.437727, 37.54724]}, "properties": {"fid": 525, "img_url": "https://cdn.yesterdays.maprva.org/images/34774/original.jpg", "img_entry": "https://yesterdays.maprva.org/34774/", "date": "ca. 1978", "start": 1978, "end": 1978, "eras": [4], "direction": 105, "subjects": null}}, {"type": "Feature", "geometry": {"type": "Point", "coordinates": [-77.44039, 37.548008]}, "properties": {"fid": 526, "img_url": "https://cdn.yesterdays.maprva.org/images/29951/original.jpg", "img_entry": "https://yesterdays.maprva.org/29951/", "date": "September 1988", "start": 1988, "end": 1988, "eras": [4], "direction": 331, "subjects": null}}, {"type": "Feature", "geometry": {"type": "Point", "coordinates": [-77.437031, 37.547815]}, "properties": {"fid": 527, "img_url": "https://cdn.yesterdays.maprva.org/images/34775/original.jpg", "img_entry": "https://yesterdays.maprva.org/34775/", "date": "ca. 1978", "start": 1978, "end": 1978, "eras": [4], "direction": 278, "subjects": null}}, {"type": "Feature", "geometry": {"type": "Point", "coordinates": [-77.437622, 37.547234]}, "properties": {"fid": 528, "img_url": "https://cdn.yesterdays.maprva.org/images/34773/original.jpg", "img_entry": "https://yesterdays.maprva.org/34773/", "date": "ca. 1978", "start": 1978, "end": 1978, "eras": [4], "direction": 154, "subjects": null}}, {"type": "Feature", "geometry": {"type": "Point", "coordinates": [-77.436632, 37.548259]}, "properties": {"fid": 529, "img_url": "https://cdn.yesterdays.maprva.org/images/34780/original.jpg", "img_entry": "https://yesterdays.maprva.org/34780/", "date": "ca. 1978", "start": 1978, "end": 1978, "eras": [4], "direction": 343, "subjects": null}}, {"type": "Feature", "geometry": {"type": "Point", "coordinates": [-77.436461, 37.548583]}, "properties": {"fid": 530, "img_url": "https://cdn.yesterdays.maprva.org/images/34783/original.jpg", "img_entry": "https://yesterdays.maprva.org/34783/", "date": "ca. 1978", "start": 1978, "end": 1978, "eras": [4], "direction": 280, "subjects": null}}, {"type": "Feature", "geometry": {"type": "Point", "coordinates": [-77.437034, 37.547934]}, "properties": {"fid": 531, "img_url": "https://cdn.yesterdays.maprva.org/images/34778/original.jpg", "img_entry": "https://yesterdays.maprva.org/34778/", "date": "ca. 1978", "start": 1978, "end": 1978, "eras": [4], "direction": 100, "subjects": null}}, {"type": "Feature", "geometry": {"type": "Point", "coordinates": [-77.436946, 37.548009]}, "properties": {"fid": 532, "img_url": "https://cdn.yesterdays.maprva.org/images/34779/original.jpg", "img_entry": "https://yesterdays.maprva.org/34779/", "date": "ca. 1978", "start": 1978, "end": 1978, "eras": [4], "direction": 80, "subjects": null}}, {"type": "Feature", "geometry": {"type": "Point", "coordinates": [-77.436519, 37.548337]}, "properties": {"fid": 533, "img_url": "https://cdn.yesterdays.maprva.org/images/34781/original.jpg", "img_entry": "https://yesterdays.maprva.org/34781/", "date": "ca. 1978", "start": 1978, "end": 1978, "eras": [4], "direction": 337, "subjects": null}}, {"type": "Feature", "geometry": {"type": "Point", "coordinates": [-77.436348, 37.54854]}, "properties": {"fid": 534, "img_url": "https://cdn.yesterdays.maprva.org/images/34784/original.jpg", "img_entry": "https://yesterdays.maprva.org/34784/", "date": "ca. 1978", "start": 1978, "end": 1978, "eras": [4], "direction": 309, "subjects": null}}, {"type": "Feature", "geometry": {"type": "Point", "coordinates": [-77.435927, 37.548994]}, "properties": {"fid": 535, "img_url": "https://cdn.yesterdays.maprva.org/images/34790/original.jpg", "img_entry": "https://yesterdays.maprva.org/34790/", "date": "ca. 1978", "start": 1978, "end": 1978, "eras": [4], "direction": 278, "subjects": null}}, {"type": "Feature", "geometry": {"type": "Point", "coordinates": [-77.436496, 37.548422]}, "properties": {"fid": 536, "img_url": "https://cdn.yesterdays.maprva.org/images/34793/original.jpg", "img_entry": "https://yesterdays.maprva.org/34793/", "date": "ca. 1978", "start": 1978, "end": 1978, "eras": [4], "direction": 87, "subjects": null}}, {"type": "Feature", "geometry": {"type": "Point", "coordinates": [-77.436014, 37.549003]}, "properties": {"fid": 537, "img_url": "https://cdn.yesterdays.maprva.org/images/34799/original.jpg", "img_entry": "https://yesterdays.maprva.org/34799/", "date": "ca. 1978", "start": 1978, "end": 1978, "eras": [4], "direction": 94, "subjects": null}}, {"type": "Feature", "geometry": {"type": "Point", "coordinates": [-77.436953, 37.546411]}, "properties": {"fid": 538, "img_url": "https://cdn.yesterdays.maprva.org/images/34801/original.jpg", "img_entry": "https://yesterdays.maprva.org/34801/", "date": "ca. 1978", "start": 1978, "end": 1978, "eras": [4], "direction": 325, "subjects": null}}, {"type": "Feature", "geometry": {"type": "Point", "coordinates": [-77.436922, 37.546489]}, "properties": {"fid": 539, "img_url": "https://cdn.yesterdays.maprva.org/images/34802/original.jpg", "img_entry": "https://yesterdays.maprva.org/34802/", "date": "ca. 1978", "start": 1978, "end": 1978, "eras": [4], "direction": 324, "subjects": null}}, {"type": "Feature", "geometry": {"type": "Point", "coordinates": [-77.435715, 37.547709]}, "properties": {"fid": 540, "img_url": "https://cdn.yesterdays.maprva.org/images/34810/original.jpg", "img_entry": "https://yesterdays.maprva.org/34810/", "date": "ca. 1978", "start": 1978, "end": 1978, "eras": [4], "direction": 259, "subjects": null}}, {"type": "Feature", "geometry": {"type": "Point", "coordinates": [-77.43599, 37.547491]}, "properties": {"fid": 541, "img_url": "https://cdn.yesterdays.maprva.org/images/34814/original.jpg", "img_entry": "https://yesterdays.maprva.org/34814/", "date": "ca. 1978", "start": 1978, "end": 1978, "eras": [4], "direction": 155, "subjects": null}}, {"type": "Feature", "geometry": {"type": "Point", "coordinates": [-77.435601, 37.54794]}, "properties": {"fid": 542, "img_url": "https://cdn.yesterdays.maprva.org/images/34817/original.jpg", "img_entry": "https://yesterdays.maprva.org/34817/", "date": "ca. 1978", "start": 1978, "end": 1978, "eras": [4], "direction": 308, "subjects": null}}, {"type": "Feature", "geometry": {"type": "Point", "coordinates": [-77.435529, 37.547917]}, "properties": {"fid": 543, "img_url": "https://cdn.yesterdays.maprva.org/images/34818/original.jpg", "img_entry": "https://yesterdays.maprva.org/34818/", "date": "ca. 1978", "start": 1978, "end": 1978, "eras": [4], "direction": 336, "subjects": null}}, {"type": "Feature", "geometry": {"type": "Point", "coordinates": [-77.436138, 37.547362]}, "properties": {"fid": 544, "img_url": "https://cdn.yesterdays.maprva.org/images/34813/original.jpg", "img_entry": "https://yesterdays.maprva.org/34813/", "date": "ca. 1978", "start": 1978, "end": 1978, "eras": [4], "direction": 92, "subjects": null}}, {"type": "Feature", "geometry": {"type": "Point", "coordinates": [-77.435354, 37.548178]}, "properties": {"fid": 545, "img_url": "https://cdn.yesterdays.maprva.org/images/34821/original.jpg", "img_entry": "https://yesterdays.maprva.org/34821/", "date": "ca. 1978", "start": 1978, "end": 1978, "eras": [4], "direction": 333, "subjects": null}}, {"type": "Feature", "geometry": {"type": "Point", "coordinates": [-77.435453, 37.547964]}, "properties": {"fid": 546, "img_url": "https://cdn.yesterdays.maprva.org/images/34819/original.jpg", "img_entry": "https://yesterdays.maprva.org/34819/", "date": "ca. 1978", "start": 1978, "end": 1978, "eras": [4], "direction": 334, "subjects": null}}, {"type": "Feature", "geometry": {"type": "Point", "coordinates": [-77.434816, 37.547239]}, "properties": {"fid": 547, "img_url": "https://cdn.yesterdays.maprva.org/images/34834/original.jpg", "img_entry": "https://yesterdays.maprva.org/34834/", "date": "ca. 1978", "start": 1978, "end": 1978, "eras": [4], "direction": 167, "subjects": ["Q8004"]}}, {"type": "Feature", "geometry": {"type": "Point", "coordinates": [-77.435126, 37.547006]}, "properties": {"fid": 548, "img_url": "https://cdn.yesterdays.maprva.org/images/34832/original.jpg", "img_entry": "https://yesterdays.maprva.org/34832/", "date": "ca. 1978", "start": 1978, "end": 1978, "eras": [4], "direction": 354, "subjects": null}}, {"type": "Feature", "geometry": {"type": "Point", "coordinates": [-77.43757, 37.547418]}, "properties": {"fid": 549, "img_url": "https://cdn.yesterdays.maprva.org/images/39865/original.jpg", "img_entry": "https://yesterdays.maprva.org/39865/", "date": "2009-04-27 06:39:52", "start": 2009, "end": 2009, "eras": [5], "direction": 142, "subjects": ["Q138655807"]}}, {"type": "Feature", "geometry": {"type": "Point", "coordinates": [-77.43653, 37.548411]}, "properties": {"fid": 550, "img_url": "https://cdn.yesterdays.maprva.org/images/39875/original.jpg", "img_entry": "https://yesterdays.maprva.org/39875/", "date": "2008-10-04 07:44:24", "start": 2008, "end": 2008, "eras": [5], "direction": 310, "subjects": null}}, {"type": "Feature", "geometry": {"type": "Point", "coordinates": [-77.437832, 37.550201]}, "properties": {"fid": 551, "img_url": "https://cdn.yesterdays.maprva.org/images/39876/original.jpg", "img_entry": "https://yesterdays.maprva.org/39876/", "date": "2008-10-04 07:38:09", "start": 2008, "end": 2008, "eras": [5], "direction": 210, "subjects": null}}, {"type": "Feature", "geometry": {"type": "Point", "coordinates": [-77.438912, 37.547272]}, "properties": {"fid": 552, "img_url": "https://cdn.yesterdays.maprva.org/images/39878/original.jpg", "img_entry": "https://yesterdays.maprva.org/39878/", "date": "2008-10-04 07:53:08", "start": 2008, "end": 2008, "eras": [5], "direction": 144, "subjects": null}}, {"type": "Feature", "geometry": {"type": "Point", "coordinates": [-77.432978, 37.550487]}, "properties": {"fid": 553, "img_url": "https://cdn.yesterdays.maprva.org/images/40069/original.jpg", "img_entry": "https://yesterdays.maprva.org/40069/", "date": "2025-02-28 10:34:26", "start": 2025, "end": 2025, "eras": [5], "direction": 310, "subjects": null}}, {"type": "Feature", "geometry": {"type": "Point", "coordinates": [-77.439671, 37.547011]}, "properties": {"fid": 554, "img_url": "https://cdn.yesterdays.maprva.org/images/33879/original.jpg", "img_entry": "https://yesterdays.maprva.org/33879/", "date": "Circa 1920", "start": 1920, "end": 1920, "eras": [1], "direction": 85, "subjects": null}}, {"type": "Feature", "geometry": {"type": "Point", "coordinates": [-77.439543, 37.544189]}, "properties": {"fid": 555, "img_url": "https://cdn.yesterdays.maprva.org/images/31308/original.jpg", "img_entry": "https://yesterdays.maprva.org/31308/", "date": "June 1977", "start": 1977, "end": 1977, "eras": [4], "direction": 214, "subjects": ["Q5061482"]}}, {"type": "Feature", "geometry": {"type": "Point", "coordinates": [-77.439373, 37.5441]}, "properties": {"fid": 556, "img_url": "https://cdn.yesterdays.maprva.org/images/31310/original.jpg", "img_entry": "https://yesterdays.maprva.org/31310/", "date": "August 1980", "start": 1980, "end": 1980, "eras": [4], "direction": 251, "subjects": ["Q5061482"]}}, {"type": "Feature", "geometry": {"type": "Point", "coordinates": [-77.43952, 37.544167]}, "properties": {"fid": 557, "img_url": "https://cdn.yesterdays.maprva.org/images/31311/original.jpg", "img_entry": "https://yesterdays.maprva.org/31311/", "date": "April 1975", "start": 1975, "end": 1975, "eras": [4], "direction": 222, "subjects": ["Q5061482"]}}, {"type": "Feature", "geometry": {"type": "Point", "coordinates": [-77.439058, 37.544095]}, "properties": {"fid": 558, "img_url": "https://cdn.yesterdays.maprva.org/images/31312/original.jpg", "img_entry": "https://yesterdays.maprva.org/31312/", "date": "June 1977", "start": 1977, "end": 1977, "eras": [4], "direction": 267, "subjects": ["Q5061482"]}}, {"type": "Feature", "geometry": {"type": "Point", "coordinates": [-77.439586, 37.544066]}, "properties": {"fid": 559, "img_url": "https://cdn.yesterdays.maprva.org/images/31313/original.jpg", "img_entry": "https://yesterdays.maprva.org/31313/", "date": "October 1975", "start": 1975, "end": 1975, "eras": [4], "direction": 251, "subjects": ["Q5061482"]}}, {"type": "Feature", "geometry": {"type": "Point", "coordinates": [-77.439052, 37.544105]}, "properties": {"fid": 560, "img_url": "https://cdn.yesterdays.maprva.org/images/31306/original.jpg", "img_entry": "https://yesterdays.maprva.org/31306/", "date": "August 1980", "start": 1980, "end": 1980, "eras": [4], "direction": 264, "subjects": ["Q5061482"]}}, {"type": "Feature", "geometry": {"type": "Point", "coordinates": [-77.439408, 37.544127]}, "properties": {"fid": 561, "img_url": "https://cdn.yesterdays.maprva.org/images/31309/original.jpg", "img_entry": "https://yesterdays.maprva.org/31309/", "date": "June 1977", "start": 1977, "end": 1977, "eras": [4], "direction": 251, "subjects": ["Q5061482"]}}, {"type": "Feature", "geometry": {"type": "Point", "coordinates": [-77.436759, 37.547038]}, "properties": {"fid": 562, "img_url": "https://cdn.yesterdays.maprva.org/images/34563/original.jpg", "img_entry": "https://yesterdays.maprva.org/34563/", "date": "ca. 1978", "start": 1978, "end": 1978, "eras": [4], "direction": 173, "subjects": null}}, {"type": "Feature", "geometry": {"type": "Point", "coordinates": [-77.440332, 37.54728]}, "properties": {"fid": 563, "img_url": "https://cdn.yesterdays.maprva.org/images/34077/original.jpg", "img_entry": "https://yesterdays.maprva.org/34077/", "date": "1975", "start": 1975, "end": 1975, "eras": [4], "direction": 243, "subjects": null}}, {"type": "Feature", "geometry": {"type": "Point", "coordinates": [-77.440216, 37.547511]}, "properties": {"fid": 564, "img_url": "https://cdn.yesterdays.maprva.org/images/259/original.tiff", "img_entry": "https://yesterdays.maprva.org/259/", "date": "1965", "start": 1965, "end": 1965, "eras": [4], "direction": 219, "subjects": ["Q136677552"]}}, {"type": "Feature", "geometry": {"type": "Point", "coordinates": [-77.438255, 37.547864]}, "properties": {"fid": 565, "img_url": "https://cdn.yesterdays.maprva.org/images/4489/original.jpg", "img_entry": "https://yesterdays.maprva.org/4489/", "date": "10/1973", "start": 1973, "end": 1973, "eras": [4], "direction": 40, "subjects": null}}, {"type": "Feature", "geometry": {"type": "Point", "coordinates": [-77.431931, 37.551945]}, "properties": {"fid": 566, "img_url": "https://cdn.yesterdays.maprva.org/images/12343/original.jpg", "img_entry": "https://yesterdays.maprva.org/12343/", "date": "1/15/1972", "start": 1972, "end": 1972, "eras": [4], "direction": 13, "subjects": ["Q3959678"]}}, {"type": "Feature", "geometry": {"type": "Point", "coordinates": [-77.439408, 37.546715]}, "properties": {"fid": 567, "img_url": "https://cdn.yesterdays.maprva.org/images/34409/original.jpg", "img_entry": "https://yesterdays.maprva.org/34409/", "date": "ca. 1978", "start": 1978, "end": 1978, "eras": [4], "direction": 356, "subjects": null}}, {"type": "Feature", "geometry": {"type": "Point", "coordinates": [-77.436666, 37.548153]}, "properties": {"fid": 568, "img_url": "https://cdn.yesterdays.maprva.org/images/34151/original.jpg", "img_entry": "https://yesterdays.maprva.org/34151/", "date": "1975", "start": 1975, "end": 1975, "eras": [4], "direction": 347, "subjects": null}}, {"type": "Feature", "geometry": {"type": "Point", "coordinates": [-77.429933, 37.552084]}, "properties": {"fid": 569, "img_url": "https://cdn.yesterdays.maprva.org/images/26828/original.jpg", "img_entry": "https://yesterdays.maprva.org/26828/", "date": "January 1988", "start": 1988, "end": 1988, "eras": [4], "direction": 23, "subjects": ["Q5695834"]}}, {"type": "Feature", "geometry": {"type": "Point", "coordinates": [-77.437905, 37.54831]}, "properties": {"fid": 570, "img_url": "https://cdn.yesterdays.maprva.org/images/280/original.tiff", "img_entry": "https://yesterdays.maprva.org/280/", "date": "1965", "start": 1965, "end": 1965, "eras": [4], "direction": 47, "subjects": null}}, {"type": "Feature", "geometry": {"type": "Point", "coordinates": [-77.431692, 37.551414]}, "properties": {"fid": 571, "img_url": "https://cdn.yesterdays.maprva.org/images/233/original.tiff", "img_entry": "https://yesterdays.maprva.org/233/", "date": "1965", "start": 1965, "end": 1965, "eras": [4], "direction": 279, "subjects": ["Q3959678"]}}, {"type": "Feature", "geometry": {"type": "Point", "coordinates": [-77.43719, 37.548624]}, "properties": {"fid": 572, "img_url": "https://cdn.yesterdays.maprva.org/images/283/original.tiff", "img_entry": "https://yesterdays.maprva.org/283/", "date": "1965", "start": 1965, "end": 1965, "eras": [4], "direction": 349, "subjects": null}}, {"type": "Feature", "geometry": {"type": "Point", "coordinates": [-77.433702, 37.551256]}, "properties": {"fid": 573, "img_url": "https://cdn.yesterdays.maprva.org/images/243/original.tiff", "img_entry": "https://yesterdays.maprva.org/243/", "date": "1965", "start": 1965, "end": 1965, "eras": [4], "direction": 193, "subjects": ["Q3959678"]}}, {"type": "Feature", "geometry": {"type": "Point", "coordinates": [-77.437651, 37.547175]}, "properties": {"fid": 574, "img_url": "https://cdn.yesterdays.maprva.org/images/29877/original.jpg", "img_entry": "https://yesterdays.maprva.org/29877/", "date": "November 1997", "start": 1997, "end": 1997, "eras": [4], "direction": 311, "subjects": null}}, {"type": "Feature", "geometry": {"type": "Point", "coordinates": [-77.437697, 37.547155]}, "properties": {"fid": 575, "img_url": "https://cdn.yesterdays.maprva.org/images/29878/original.jpg", "img_entry": "https://yesterdays.maprva.org/29878/", "date": "November 1997", "start": 1997, "end": 1997, "eras": [4], "direction": 306, "subjects": null}}, {"type": "Feature", "geometry": {"type": "Point", "coordinates": [-77.431702, 37.552255]}, "properties": {"fid": 576, "img_url": "https://cdn.yesterdays.maprva.org/images/3603/original.jpg", "img_entry": "https://yesterdays.maprva.org/3603/", "date": "8/1953", "start": 1953, "end": 1953, "eras": [3], "direction": 58, "subjects": ["Q3959678", "Q16159645"]}}, {"type": "Feature", "geometry": {"type": "Point", "coordinates": [-77.431081, 37.55261]}, "properties": {"fid": 577, "img_url": "https://cdn.yesterdays.maprva.org/images/3605/original.jpg", "img_entry": "https://yesterdays.maprva.org/3605/", "date": "8/1953", "start": 1953, "end": 1953, "eras": [3], "direction": 57, "subjects": ["Q16159645"]}}, {"type": "Feature", "geometry": {"type": "Point", "coordinates": [-77.435503, 37.547651]}, "properties": {"fid": 578, "img_url": "https://cdn.yesterdays.maprva.org/images/3624/original.jpg", "img_entry": "https://yesterdays.maprva.org/3624/", "date": "4/1954", "start": 1954, "end": 1954, "eras": [3], "direction": 80, "subjects": ["Q11442"]}}, {"type": "Feature", "geometry": {"type": "Point", "coordinates": [-77.432141, 37.55094]}, "properties": {"fid": 579, "img_url": "https://cdn.yesterdays.maprva.org/images/235/original.tiff", "img_entry": "https://yesterdays.maprva.org/235/", "date": "1965", "start": 1965, "end": 1965, "eras": [4], "direction": 173, "subjects": ["Q3959678"]}}, {"type": "Feature", "geometry": {"type": "Point", "coordinates": [-77.437414, 37.547327]}, "properties": {"fid": 580, "img_url": "https://cdn.yesterdays.maprva.org/images/9801/original.jpg", "img_entry": "https://yesterdays.maprva.org/9801/", "date": "4/22/1987", "start": 1987, "end": 1987, "eras": [4], "direction": 354, "subjects": ["Q6730266"]}}, {"type": "Feature", "geometry": {"type": "Point", "coordinates": [-77.439033, 37.546588]}, "properties": {"fid": 581, "img_url": "https://cdn.yesterdays.maprva.org/images/12660/original.jpg", "img_entry": "https://yesterdays.maprva.org/12660/", "date": "7/17/1968", "start": 1968, "end": 1968, "eras": [4], "direction": 305, "subjects": null}}, {"type": "Feature", "geometry": {"type": "Point", "coordinates": [-77.433146, 37.553519]}, "properties": {"fid": 582, "img_url": "https://cdn.yesterdays.maprva.org/images/37579/original.tiff", "img_entry": "https://yesterdays.maprva.org/37579/", "date": "1956 Jan. 24", "start": 1949, "end": 1949, "eras": [2], "direction": 338, "subjects": null}}, {"type": "Feature", "geometry": {"type": "Point", "coordinates": [-77.435976, 37.546478]}, "properties": {"fid": 583, "img_url": "https://cdn.yesterdays.maprva.org/images/3732/original.jpg", "img_entry": "https://yesterdays.maprva.org/3732/", "date": "10/1978", "start": 1978, "end": 1978, "eras": [4], "direction": 4, "subjects": null}}, {"type": "Feature", "geometry": {"type": "Point", "coordinates": [-77.438107, 37.543519]}, "properties": {"fid": 584, "img_url": "https://cdn.yesterdays.maprva.org/images/16150/original.jpg", "img_entry": "https://yesterdays.maprva.org/16150/", "date": "1880-1920", "start": 1880, "end": 1920, "eras": [0, 1], "direction": 253, "subjects": null}}, {"type": "Feature", "geometry": {"type": "Point", "coordinates": [-77.437991, 37.543278]}, "properties": {"fid": 585, "img_url": "https://cdn.yesterdays.maprva.org/images/7963/original.jpg", "img_entry": "https://yesterdays.maprva.org/7963/", "date": "2004", "start": 2004, "end": 2004, "eras": [5], "direction": 266, "subjects": ["Q5061482"]}}, {"type": "Feature", "geometry": {"type": "Point", "coordinates": [-77.437919, 37.544577]}, "properties": {"fid": 586, "img_url": "https://cdn.yesterdays.maprva.org/images/3934/original.jpg", "img_entry": "https://yesterdays.maprva.org/3934/", "date": "Circa 1945", "start": 1945, "end": 1945, "eras": [2], "direction": 44, "subjects": ["Q139466429"]}}, {"type": "Feature", "geometry": {"type": "Point", "coordinates": [-77.437516, 37.548737]}, "properties": {"fid": 587, "img_url": "https://cdn.yesterdays.maprva.org/images/820/original.tiff", "img_entry": "https://yesterdays.maprva.org/820/", "date": "1965", "start": 1965, "end": 1965, "eras": [4], "direction": 341, "subjects": null}}, {"type": "Feature", "geometry": {"type": "Point", "coordinates": [-77.438294, 37.550269]}, "properties": {"fid": 588, "img_url": "https://cdn.yesterdays.maprva.org/images/2058/original.jpg", "img_entry": "https://yesterdays.maprva.org/2058/", "date": "2/1953", "start": 1953, "end": 1953, "eras": [3], "direction": 121, "subjects": null}}, {"type": "Feature", "geometry": {"type": "Point", "coordinates": [-77.438121, 37.543484]}, "properties": {"fid": 589, "img_url": "https://cdn.yesterdays.maprva.org/images/37454/original.tiff", "img_entry": "https://yesterdays.maprva.org/37454/", "date": "1960 July 31", "start": 1960, "end": 1960, "eras": [3], "direction": 308, "subjects": ["Q5061482"]}}, {"type": "Feature", "geometry": {"type": "Point", "coordinates": [-77.432713, 37.550952]}, "properties": {"fid": 590, "img_url": "https://cdn.yesterdays.maprva.org/images/236/original.tiff", "img_entry": "https://yesterdays.maprva.org/236/", "date": "1965", "start": 1965, "end": 1965, "eras": [4], "direction": 216, "subjects": ["Q3959678"]}}, {"type": "Feature", "geometry": {"type": "Point", "coordinates": [-77.433838, 37.550637]}, "properties": {"fid": 591, "img_url": "https://cdn.yesterdays.maprva.org/images/4084/original.jpg", "img_entry": "https://yesterdays.maprva.org/4084/", "date": "1/1954", "start": 1954, "end": 1954, "eras": [3], "direction": 332, "subjects": null}}, {"type": "Feature", "geometry": {"type": "Point", "coordinates": [-77.437628, 37.545743]}, "properties": {"fid": 592, "img_url": "https://cdn.yesterdays.maprva.org/images/13105/original.jpg", "img_entry": "https://yesterdays.maprva.org/13105/", "date": "10/31/1974", "start": 1974, "end": 1974, "eras": [4], "direction": 268, "subjects": null}}, {"type": "Feature", "geometry": {"type": "Point", "coordinates": [-77.436488, 37.551454]}, "properties": {"fid": 593, "img_url": "https://cdn.yesterdays.maprva.org/images/4092/original.jpg", "img_entry": "https://yesterdays.maprva.org/4092/", "date": "1/1956", "start": 1956, "end": 1956, "eras": [3], "direction": 159, "subjects": null}}, {"type": "Feature", "geometry": {"type": "Point", "coordinates": [-77.435147, 37.54826]}, "properties": {"fid": 594, "img_url": "https://cdn.yesterdays.maprva.org/images/34823/original.jpg", "img_entry": "https://yesterdays.maprva.org/34823/", "date": "ca. 1978", "start": 1978, "end": 1978, "eras": [4], "direction": 315, "subjects": null}}, {"type": "Feature", "geometry": {"type": "Point", "coordinates": [-77.435799, 37.55149]}, "properties": {"fid": 595, "img_url": "https://cdn.yesterdays.maprva.org/images/4098/original.jpg", "img_entry": "https://yesterdays.maprva.org/4098/", "date": "1/1956", "start": 1956, "end": 1956, "eras": [3], "direction": 324, "subjects": null}}, {"type": "Feature", "geometry": {"type": "Point", "coordinates": [-77.440177, 37.547174]}, "properties": {"fid": 596, "img_url": "https://cdn.yesterdays.maprva.org/images/262/original.tiff", "img_entry": "https://yesterdays.maprva.org/262/", "date": "1965", "start": 1965, "end": 1965, "eras": [4], "direction": 324, "subjects": null}}, {"type": "Feature", "geometry": {"type": "Point", "coordinates": [-77.440582, 37.544695]}, "properties": {"fid": 597, "img_url": "https://cdn.yesterdays.maprva.org/images/17307/original.jpg", "img_entry": "https://yesterdays.maprva.org/17307/", "date": "[1940..2000]", "start": 1940, "end": 2000, "eras": [2, 3, 4, 5], "direction": 42, "subjects": null}}, {"type": "Feature", "geometry": {"type": "Point", "coordinates": [-77.436284, 37.547274]}, "properties": {"fid": 598, "img_url": "https://cdn.yesterdays.maprva.org/images/34158/original.jpg", "img_entry": "https://yesterdays.maprva.org/34158/", "date": "1975", "start": 1975, "end": 1975, "eras": [4], "direction": 84, "subjects": null}}, {"type": "Feature", "geometry": {"type": "Point", "coordinates": [-77.440722, 37.547696]}, "properties": {"fid": 599, "img_url": "https://cdn.yesterdays.maprva.org/images/798/original.tiff", "img_entry": "https://yesterdays.maprva.org/798/", "date": "1965", "start": 1965, "end": 1965, "eras": [4], "direction": 250, "subjects": null}}, {"type": "Feature", "geometry": {"type": "Point", "coordinates": [-77.440167, 37.547365]}, "properties": {"fid": 600, "img_url": "https://cdn.yesterdays.maprva.org/images/801/original.tiff", "img_entry": "https://yesterdays.maprva.org/801/", "date": "1965", "start": 1965, "end": 1965, "eras": [4], "direction": 241, "subjects": null}}, {"type": "Feature", "geometry": {"type": "Point", "coordinates": [-77.438286, 37.543492]}, "properties": {"fid": 601, "img_url": "https://cdn.yesterdays.maprva.org/images/13151/original.jpg", "img_entry": "https://yesterdays.maprva.org/13151/", "date": "6/30/1977", "start": 1977, "end": 1977, "eras": [4], "direction": 151, "subjects": ["Q137793303", "Q897825", "Q107711", "Q208281"]}}, {"type": "Feature", "geometry": {"type": "Point", "coordinates": [-77.441372, 37.545445]}, "properties": {"fid": 602, "img_url": "https://cdn.yesterdays.maprva.org/images/10328/original.jpg", "img_entry": "https://yesterdays.maprva.org/10328/", "date": "8/22/1986", "start": 1986, "end": 1986, "eras": [4], "direction": 222, "subjects": null}}, {"type": "Feature", "geometry": {"type": "Point", "coordinates": [-77.437576, 37.547509]}, "properties": {"fid": 603, "img_url": "https://cdn.yesterdays.maprva.org/images/3726/original.jpg", "img_entry": "https://yesterdays.maprva.org/3726/", "date": "4/1954", "start": 1954, "end": 1954, "eras": [3], "direction": 38, "subjects": null}}, {"type": "Feature", "geometry": {"type": "Point", "coordinates": [-77.435993, 37.54663]}, "properties": {"fid": 604, "img_url": "https://cdn.yesterdays.maprva.org/images/3729/original.jpg", "img_entry": "https://yesterdays.maprva.org/3729/", "date": "10/1978", "start": 1978, "end": 1978, "eras": [4], "direction": 354, "subjects": null}}, {"type": "Feature", "geometry": {"type": "Point", "coordinates": [-77.437565, 37.544783]}, "properties": {"fid": 605, "img_url": "https://cdn.yesterdays.maprva.org/images/37372/original.tiff", "img_entry": "https://yesterdays.maprva.org/37372/", "date": "May 7, 1955", "start": 1949, "end": 1949, "eras": [2], "direction": 217, "subjects": ["Q139466429"]}}, {"type": "Feature", "geometry": {"type": "Point", "coordinates": [-77.439735, 37.544906]}, "properties": {"fid": 606, "img_url": "https://cdn.yesterdays.maprva.org/images/10460/original.jpg", "img_entry": "https://yesterdays.maprva.org/10460/", "date": "8/18/1989", "start": 1989, "end": 1989, "eras": [4], "direction": 171, "subjects": ["Q897825"]}}, {"type": "Feature", "geometry": {"type": "Point", "coordinates": [-77.435593, 37.546211]}, "properties": {"fid": 607, "img_url": "https://cdn.yesterdays.maprva.org/images/10473/original.jpg", "img_entry": "https://yesterdays.maprva.org/10473/", "date": "2/24/1990", "start": 1990, "end": 1990, "eras": [4], "direction": 2, "subjects": ["Q136417397", "Q16901587"]}}, {"type": "Feature", "geometry": {"type": "Point", "coordinates": [-77.438401, 37.547842]}, "properties": {"fid": 608, "img_url": "https://cdn.yesterdays.maprva.org/images/278/original.tiff", "img_entry": "https://yesterdays.maprva.org/278/", "date": "1965", "start": 1965, "end": 1965, "eras": [4], "direction": 34, "subjects": null}}, {"type": "Feature", "geometry": {"type": "Point", "coordinates": [-77.439024, 37.54373]}, "properties": {"fid": 609, "img_url": "https://cdn.yesterdays.maprva.org/images/7547/original.jpg", "img_entry": "https://yesterdays.maprva.org/7547/", "date": "2004", "start": 2004, "end": 2004, "eras": [5], "direction": 219, "subjects": null}}, {"type": "Feature", "geometry": {"type": "Point", "coordinates": [-77.438402, 37.54364]}, "properties": {"fid": 610, "img_url": "https://cdn.yesterdays.maprva.org/images/33523/original.jpg", "img_entry": "https://yesterdays.maprva.org/33523/", "date": "Circa 1935", "start": 1935, "end": 1935, "eras": [2], "direction": 159, "subjects": null}}, {"type": "Feature", "geometry": {"type": "Point", "coordinates": [-77.432728, 37.549353]}, "properties": {"fid": 611, "img_url": "https://cdn.yesterdays.maprva.org/images/13388/original.jpg", "img_entry": "https://yesterdays.maprva.org/13388/", "date": "5/10/1968", "start": 1968, "end": 1968, "eras": [4], "direction": 281, "subjects": null}}, {"type": "Feature", "geometry": {"type": "Point", "coordinates": [-77.435495, 37.547647]}, "properties": {"fid": 612, "img_url": "https://cdn.yesterdays.maprva.org/images/4392/original.jpg", "img_entry": "https://yesterdays.maprva.org/4392/", "date": "7/1956", "start": 1956, "end": 1956, "eras": [3], "direction": 72, "subjects": null}}, {"type": "Feature", "geometry": {"type": "Point", "coordinates": [-77.435561, 37.547701]}, "properties": {"fid": 613, "img_url": "https://cdn.yesterdays.maprva.org/images/4393/original.jpg", "img_entry": "https://yesterdays.maprva.org/4393/", "date": "7/1956", "start": 1956, "end": 1956, "eras": [3], "direction": 92, "subjects": null}}, {"type": "Feature", "geometry": {"type": "Point", "coordinates": [-77.441326, 37.545164]}, "properties": {"fid": 614, "img_url": "https://cdn.yesterdays.maprva.org/images/33562/original.jpg", "img_entry": "https://yesterdays.maprva.org/33562/", "date": "1936", "start": 1936, "end": 1936, "eras": [2], "direction": 279, "subjects": null}}, {"type": "Feature", "geometry": {"type": "Point", "coordinates": [-77.438843, 37.549692]}, "properties": {"fid": 615, "img_url": "https://cdn.yesterdays.maprva.org/images/4396/original.jpg", "img_entry": "https://yesterdays.maprva.org/4396/", "date": "5/1956", "start": 1956, "end": 1956, "eras": [3], "direction": 217, "subjects": null}}, {"type": "Feature", "geometry": {"type": "Point", "coordinates": [-77.438986, 37.549611]}, "properties": {"fid": 616, "img_url": "https://cdn.yesterdays.maprva.org/images/4400/original.jpg", "img_entry": "https://yesterdays.maprva.org/4400/", "date": "11/1955", "start": 1955, "end": 1955, "eras": [3], "direction": 16, "subjects": null}}, {"type": "Feature", "geometry": {"type": "Point", "coordinates": [-77.439003, 37.549481]}, "properties": {"fid": 617, "img_url": "https://cdn.yesterdays.maprva.org/images/4401/original.jpg", "img_entry": "https://yesterdays.maprva.org/4401/", "date": "11/1955", "start": 1955, "end": 1955, "eras": [3], "direction": 1, "subjects": null}}, {"type": "Feature", "geometry": {"type": "Point", "coordinates": [-77.439233, 37.543861]}, "properties": {"fid": 618, "img_url": "https://cdn.yesterdays.maprva.org/images/33659/original.jpg", "img_entry": "https://yesterdays.maprva.org/33659/", "date": "Circa 1950", "start": 1950, "end": 1950, "eras": [2], "direction": 5, "subjects": null}}, {"type": "Feature", "geometry": {"type": "Point", "coordinates": [-77.441818, 37.545553]}, "properties": {"fid": 619, "img_url": "https://cdn.yesterdays.maprva.org/images/26171/original.jpg", "img_entry": "https://yesterdays.maprva.org/26171/", "date": "March 1993", "start": 1993, "end": 1993, "eras": [4], "direction": 60, "subjects": null}}, {"type": "Feature", "geometry": {"type": "Point", "coordinates": [-77.441712, 37.545468]}, "properties": {"fid": 620, "img_url": "https://cdn.yesterdays.maprva.org/images/26195/original.jpg", "img_entry": "https://yesterdays.maprva.org/26195/", "date": "July 1994", "start": 1994, "end": 1994, "eras": [4], "direction": 177, "subjects": null}}, {"type": "Feature", "geometry": {"type": "Point", "coordinates": [-77.438541, 37.54762]}, "properties": {"fid": 621, "img_url": "https://cdn.yesterdays.maprva.org/images/4487/original.jpg", "img_entry": "https://yesterdays.maprva.org/4487/", "date": "10/1973", "start": 1973, "end": 1973, "eras": [4], "direction": 331, "subjects": null}}, {"type": "Feature", "geometry": {"type": "Point", "coordinates": [-77.437923, 37.547665]}, "properties": {"fid": 622, "img_url": "https://cdn.yesterdays.maprva.org/images/4490/original.jpg", "img_entry": "https://yesterdays.maprva.org/4490/", "date": "10/1978", "start": 1978, "end": 1978, "eras": [4], "direction": 338, "subjects": null}}, {"type": "Feature", "geometry": {"type": "Point", "coordinates": [-77.437719, 37.547586]}, "properties": {"fid": 623, "img_url": "https://cdn.yesterdays.maprva.org/images/4492/original.jpg", "img_entry": "https://yesterdays.maprva.org/4492/", "date": "10/1978", "start": 1978, "end": 1978, "eras": [4], "direction": 1, "subjects": ["Q6730266"]}}, {"type": "Feature", "geometry": {"type": "Point", "coordinates": [-77.436591, 37.547007]}, "properties": {"fid": 624, "img_url": "https://cdn.yesterdays.maprva.org/images/4498/original.jpg", "img_entry": "https://yesterdays.maprva.org/4498/", "date": "3/1956", "start": 1956, "end": 1956, "eras": [3], "direction": 249, "subjects": null}}, {"type": "Feature", "geometry": {"type": "Point", "coordinates": [-77.437759, 37.547632]}, "properties": {"fid": 625, "img_url": "https://cdn.yesterdays.maprva.org/images/4494/original.jpg", "img_entry": "https://yesterdays.maprva.org/4494/", "date": "10/1978", "start": 1978, "end": 1978, "eras": [4], "direction": 21, "subjects": ["Q6730266"]}}, {"type": "Feature", "geometry": {"type": "Point", "coordinates": [-77.436655, 37.546858]}, "properties": {"fid": 626, "img_url": "https://cdn.yesterdays.maprva.org/images/4501/original.jpg", "img_entry": "https://yesterdays.maprva.org/4501/", "date": "5/1955", "start": 1955, "end": 1955, "eras": [3], "direction": 79, "subjects": null}}, {"type": "Feature", "geometry": {"type": "Point", "coordinates": [-77.436628, 37.546874]}, "properties": {"fid": 627, "img_url": "https://cdn.yesterdays.maprva.org/images/4503/original.jpg", "img_entry": "https://yesterdays.maprva.org/4503/", "date": "3/1956", "start": 1956, "end": 1956, "eras": [3], "direction": 84, "subjects": null}}, {"type": "Feature", "geometry": {"type": "Point", "coordinates": [-77.436369, 37.547189]}, "properties": {"fid": 628, "img_url": "https://cdn.yesterdays.maprva.org/images/4504/original.jpg", "img_entry": "https://yesterdays.maprva.org/4504/", "date": "1/1956", "start": 1956, "end": 1956, "eras": [3], "direction": 169, "subjects": null}}, {"type": "Feature", "geometry": {"type": "Point", "coordinates": [-77.435565, 37.546289]}, "properties": {"fid": 629, "img_url": "https://cdn.yesterdays.maprva.org/images/4509/original.jpg", "img_entry": "https://yesterdays.maprva.org/4509/", "date": "5/1955", "start": 1955, "end": 1955, "eras": [3], "direction": 89, "subjects": null}}, {"type": "Feature", "geometry": {"type": "Point", "coordinates": [-77.439629, 37.544137]}, "properties": {"fid": 630, "img_url": "https://cdn.yesterdays.maprva.org/images/33711/original.jpg", "img_entry": "https://yesterdays.maprva.org/33711/", "date": "Circa 1925", "start": 1925, "end": 1925, "eras": [1], "direction": 274, "subjects": null}}, {"type": "Feature", "geometry": {"type": "Point", "coordinates": [-77.44158, 37.54527]}, "properties": {"fid": 631, "img_url": "https://cdn.yesterdays.maprva.org/images/33787/original.jpg", "img_entry": "https://yesterdays.maprva.org/33787/", "date": "Circa 1935", "start": 1935, "end": 1935, "eras": [2], "direction": 39, "subjects": ["Q634299"]}}, {"type": "Feature", "geometry": {"type": "Point", "coordinates": [-77.432825, 37.550397]}, "properties": {"fid": 632, "img_url": "https://cdn.yesterdays.maprva.org/images/10874/original.jpg", "img_entry": "https://yesterdays.maprva.org/10874/", "date": "11/30/1950", "start": 1950, "end": 1950, "eras": [2], "direction": 330, "subjects": null}}, {"type": "Feature", "geometry": {"type": "Point", "coordinates": [-77.439177, 37.546996]}, "properties": {"fid": 633, "img_url": "https://cdn.yesterdays.maprva.org/images/14346/original.tiff", "img_entry": "https://yesterdays.maprva.org/14346/", "date": "ca. 1920", "start": 1920, "end": 1920, "eras": [1], "direction": 303, "subjects": null}}, {"type": "Feature", "geometry": {"type": "Point", "coordinates": [-77.437755, 37.54762]}, "properties": {"fid": 634, "img_url": "https://cdn.yesterdays.maprva.org/images/34546/original.jpg", "img_entry": "https://yesterdays.maprva.org/34546/", "date": "ca. 1978", "start": 1978, "end": 1978, "eras": [4], "direction": 17, "subjects": null}}, {"type": "Feature", "geometry": {"type": "Point", "coordinates": [-77.436767, 37.548018]}, "properties": {"fid": 635, "img_url": "https://cdn.yesterdays.maprva.org/images/13661/original.jpg", "img_entry": "https://yesterdays.maprva.org/13661/", "date": "9/23/1959", "start": 1959, "end": 1959, "eras": [3], "direction": 256, "subjects": null}}, {"type": "Feature", "geometry": {"type": "Point", "coordinates": [-77.438943, 37.54722]}, "properties": {"fid": 636, "img_url": "https://cdn.yesterdays.maprva.org/images/14325/original.tiff", "img_entry": "https://yesterdays.maprva.org/14325/", "date": "ca. 1920", "start": 1920, "end": 1920, "eras": [1], "direction": 253, "subjects": null}}, {"type": "Feature", "geometry": {"type": "Point", "coordinates": [-77.439231, 37.545283]}, "properties": {"fid": 637, "img_url": "https://cdn.yesterdays.maprva.org/images/4734/original.jpg", "img_entry": "https://yesterdays.maprva.org/4734/", "date": "12/1955", "start": 1955, "end": 1955, "eras": [3], "direction": 351, "subjects": null}}, {"type": "Feature", "geometry": {"type": "Point", "coordinates": [-77.439321, 37.545317]}, "properties": {"fid": 638, "img_url": "https://cdn.yesterdays.maprva.org/images/4736/original.jpg", "img_entry": "https://yesterdays.maprva.org/4736/", "date": "10/1978", "start": 1978, "end": 1978, "eras": [4], "direction": 341, "subjects": null}}, {"type": "Feature", "geometry": {"type": "Point", "coordinates": [-77.43787, 37.544366]}, "properties": {"fid": 639, "img_url": "https://cdn.yesterdays.maprva.org/images/4739/original.jpg", "img_entry": "https://yesterdays.maprva.org/4739/", "date": "11/1955", "start": 1955, "end": 1955, "eras": [3], "direction": 18, "subjects": ["Q139466429"]}}, {"type": "Feature", "geometry": {"type": "Point", "coordinates": [-77.438876, 37.545061]}, "properties": {"fid": 640, "img_url": "https://cdn.yesterdays.maprva.org/images/4737/original.jpg", "img_entry": "https://yesterdays.maprva.org/4737/", "date": "12/1955", "start": 1955, "end": 1955, "eras": [3], "direction": 68, "subjects": null}}, {"type": "Feature", "geometry": {"type": "Point", "coordinates": [-77.437581, 37.544201]}, "properties": {"fid": 641, "img_url": "https://cdn.yesterdays.maprva.org/images/4743/original.jpg", "img_entry": "https://yesterdays.maprva.org/4743/", "date": "11/1955", "start": 1955, "end": 1955, "eras": [3], "direction": 92, "subjects": null}}, {"type": "Feature", "geometry": {"type": "Point", "coordinates": [-77.437434, 37.544192]}, "properties": {"fid": 642, "img_url": "https://cdn.yesterdays.maprva.org/images/4745/original.jpg", "img_entry": "https://yesterdays.maprva.org/4745/", "date": "3/1956", "start": 1956, "end": 1956, "eras": [3], "direction": 65, "subjects": ["Q138501474", "Q6006"]}}, {"type": "Feature", "geometry": {"type": "Point", "coordinates": [-77.437198, 37.544062]}, "properties": {"fid": 643, "img_url": "https://cdn.yesterdays.maprva.org/images/4750/original.jpg", "img_entry": "https://yesterdays.maprva.org/4750/", "date": "8/1955", "start": 1955, "end": 1955, "eras": [3], "direction": 20, "subjects": null}}, {"type": "Feature", "geometry": {"type": "Point", "coordinates": [-77.438484, 37.544776]}, "properties": {"fid": 644, "img_url": "https://cdn.yesterdays.maprva.org/images/14207/original.tiff", "img_entry": "https://yesterdays.maprva.org/14207/", "date": "ca. 1913", "start": 1913, "end": 1913, "eras": [1], "direction": 359, "subjects": null}}, {"type": "Feature", "geometry": {"type": "Point", "coordinates": [-77.439732, 37.547002]}, "properties": {"fid": 645, "img_url": "https://cdn.yesterdays.maprva.org/images/14217/original.tiff", "img_entry": "https://yesterdays.maprva.org/14217/", "date": "ca. 1920", "start": 1920, "end": 1920, "eras": [1], "direction": 80, "subjects": null}}, {"type": "Feature", "geometry": {"type": "Point", "coordinates": [-77.441934, 37.545748]}, "properties": {"fid": 646, "img_url": "https://cdn.yesterdays.maprva.org/images/14188/original.tiff", "img_entry": "https://yesterdays.maprva.org/14188/", "date": "ca. 1917", "start": 1917, "end": 1917, "eras": [1], "direction": 181, "subjects": ["Q182323"]}}, {"type": "Feature", "geometry": {"type": "Point", "coordinates": [-77.435359, 37.548143]}, "properties": {"fid": 647, "img_url": "https://cdn.yesterdays.maprva.org/images/8089/original.jpg", "img_entry": "https://yesterdays.maprva.org/8089/", "date": "2004", "start": 2004, "end": 2004, "eras": [5], "direction": 61, "subjects": ["Q136417397"]}}, {"type": "Feature", "geometry": {"type": "Point", "coordinates": [-77.432911, 37.55011]}, "properties": {"fid": 648, "img_url": "https://cdn.yesterdays.maprva.org/images/5008/original.jpg", "img_entry": "https://yesterdays.maprva.org/5008/", "date": "1/1956", "start": 1956, "end": 1956, "eras": [3], "direction": 171, "subjects": null}}, {"type": "Feature", "geometry": {"type": "Point", "coordinates": [-77.440071, 37.547234]}, "properties": {"fid": 649, "img_url": "https://cdn.yesterdays.maprva.org/images/29675/original.jpg", "img_entry": "https://yesterdays.maprva.org/29675/", "date": "April 1976", "start": 1976, "end": 1976, "eras": [4], "direction": 241, "subjects": null}}, {"type": "Feature", "geometry": {"type": "Point", "coordinates": [-77.439802, 37.547112]}, "properties": {"fid": 650, "img_url": "https://cdn.yesterdays.maprva.org/images/29678/original.jpg", "img_entry": "https://yesterdays.maprva.org/29678/", "date": "June 1987", "start": 1987, "end": 1987, "eras": [4], "direction": 245, "subjects": null}}, {"type": "Feature", "geometry": {"type": "Point", "coordinates": [-77.439814, 37.547634]}, "properties": {"fid": 651, "img_url": "https://cdn.yesterdays.maprva.org/images/29685/original.jpg", "img_entry": "https://yesterdays.maprva.org/29685/", "date": "May 1993", "start": 1993, "end": 1993, "eras": [4], "direction": 213, "subjects": null}}, {"type": "Feature", "geometry": {"type": "Point", "coordinates": [-77.439686, 37.547048]}, "properties": {"fid": 652, "img_url": "https://cdn.yesterdays.maprva.org/images/29691/original.jpg", "img_entry": "https://yesterdays.maprva.org/29691/", "date": "August 1998", "start": 1998, "end": 1998, "eras": [4], "direction": 350, "subjects": null}}, {"type": "Feature", "geometry": {"type": "Point", "coordinates": [-77.439393, 37.54838]}, "properties": {"fid": 653, "img_url": "https://cdn.yesterdays.maprva.org/images/5031/original.jpg", "img_entry": "https://yesterdays.maprva.org/5031/", "date": "7/1957", "start": 1957, "end": 1957, "eras": [3], "direction": 219, "subjects": null}}, {"type": "Feature", "geometry": {"type": "Point", "coordinates": [-77.437481, 37.550153]}, "properties": {"fid": 654, "img_url": "https://cdn.yesterdays.maprva.org/images/5038/original.jpg", "img_entry": "https://yesterdays.maprva.org/5038/", "date": "7/1956", "start": 1956, "end": 1956, "eras": [3], "direction": 319, "subjects": null}}, {"type": "Feature", "geometry": {"type": "Point", "coordinates": [-77.436245, 37.551573]}, "properties": {"fid": 655, "img_url": "https://cdn.yesterdays.maprva.org/images/5041/original.jpg", "img_entry": "https://yesterdays.maprva.org/5041/", "date": "3/1956", "start": 1956, "end": 1956, "eras": [3], "direction": 276, "subjects": null}}, {"type": "Feature", "geometry": {"type": "Point", "coordinates": [-77.435727, 37.54636]}, "properties": {"fid": 656, "img_url": "https://cdn.yesterdays.maprva.org/images/29850/original.jpg", "img_entry": "https://yesterdays.maprva.org/29850/", "date": "July 1994", "start": 1994, "end": 1994, "eras": [4], "direction": 311, "subjects": null}}, {"type": "Feature", "geometry": {"type": "Point", "coordinates": [-77.438132, 37.547872]}, "properties": {"fid": 657, "img_url": "https://cdn.yesterdays.maprva.org/images/29859/original.jpg", "img_entry": "https://yesterdays.maprva.org/29859/", "date": "November 1979", "start": 1979, "end": 1979, "eras": [4], "direction": 38, "subjects": null}}, {"type": "Feature", "geometry": {"type": "Point", "coordinates": [-77.436934, 37.550945]}, "properties": {"fid": 658, "img_url": "https://cdn.yesterdays.maprva.org/images/5039/original.jpg", "img_entry": "https://yesterdays.maprva.org/5039/", "date": "12/1955", "start": 1955, "end": 1955, "eras": [3], "direction": 313, "subjects": ["Q16900575"]}}, {"type": "Feature", "geometry": {"type": "Point", "coordinates": [-77.437721, 37.548167]}, "properties": {"fid": 659, "img_url": "https://cdn.yesterdays.maprva.org/images/29862/original.jpg", "img_entry": "https://yesterdays.maprva.org/29862/", "date": "December 1993", "start": 1993, "end": 1993, "eras": [4], "direction": 181, "subjects": null}}, {"type": "Feature", "geometry": {"type": "Point", "coordinates": [-77.436725, 37.551726]}, "properties": {"fid": 660, "img_url": "https://cdn.yesterdays.maprva.org/images/5042/original.jpg", "img_entry": "https://yesterdays.maprva.org/5042/", "date": "4/1956", "start": 1956, "end": 1956, "eras": [3], "direction": 127, "subjects": null}}, {"type": "Feature", "geometry": {"type": "Point", "coordinates": [-77.437535, 37.54754]}, "properties": {"fid": 661, "img_url": "https://cdn.yesterdays.maprva.org/images/29868/original.jpg", "img_entry": "https://yesterdays.maprva.org/29868/", "date": "November 1997", "start": 1997, "end": 1997, "eras": [4], "direction": 218, "subjects": null}}, {"type": "Feature", "geometry": {"type": "Point", "coordinates": [-77.432266, 37.552422]}, "properties": {"fid": 662, "img_url": "https://cdn.yesterdays.maprva.org/images/15646/original.jpg", "img_entry": "https://yesterdays.maprva.org/15646/", "date": "Circa 1900", "start": 1900, "end": 1900, "eras": [1], "direction": 125, "subjects": ["Q3959678"]}}, {"type": "Feature", "geometry": {"type": "Point", "coordinates": [-77.436376, 37.551595]}, "properties": {"fid": 663, "img_url": "https://cdn.yesterdays.maprva.org/images/5047/original.jpg", "img_entry": "https://yesterdays.maprva.org/5047/", "date": "3/1956", "start": 1956, "end": 1956, "eras": [3], "direction": 82, "subjects": null}}, {"type": "Feature", "geometry": {"type": "Point", "coordinates": [-77.43975, 37.548792]}, "properties": {"fid": 664, "img_url": "https://cdn.yesterdays.maprva.org/images/29881/original.jpg", "img_entry": "https://yesterdays.maprva.org/29881/", "date": "October 1989", "start": 1989, "end": 1989, "eras": [4], "direction": 195, "subjects": null}}, {"type": "Feature", "geometry": {"type": "Point", "coordinates": [-77.436416, 37.551627]}, "properties": {"fid": 665, "img_url": "https://cdn.yesterdays.maprva.org/images/5048/original.jpg", "img_entry": "https://yesterdays.maprva.org/5048/", "date": "4/1956", "start": 1956, "end": 1956, "eras": [3], "direction": 90, "subjects": null}}, {"type": "Feature", "geometry": {"type": "Point", "coordinates": [-77.436074, 37.551911]}, "properties": {"fid": 666, "img_url": "https://cdn.yesterdays.maprva.org/images/5050/original.jpg", "img_entry": "https://yesterdays.maprva.org/5050/", "date": "4/1956", "start": 1956, "end": 1956, "eras": [3], "direction": 86, "subjects": ["Q726", "Q859281"]}}, {"type": "Feature", "geometry": {"type": "Point", "coordinates": [-77.435278, 37.552536]}, "properties": {"fid": 667, "img_url": "https://cdn.yesterdays.maprva.org/images/5052/original.jpg", "img_entry": "https://yesterdays.maprva.org/5052/", "date": "3/1956", "start": 1956, "end": 1956, "eras": [3], "direction": 307, "subjects": null}}, {"type": "Feature", "geometry": {"type": "Point", "coordinates": [-77.437028, 37.546486]}, "properties": {"fid": 668, "img_url": "https://cdn.yesterdays.maprva.org/images/29916/original.jpg", "img_entry": "https://yesterdays.maprva.org/29916/", "date": "July 1994", "start": 1994, "end": 1994, "eras": [4], "direction": 127, "subjects": null}}, {"type": "Feature", "geometry": {"type": "Point", "coordinates": [-77.435732, 37.552768]}, "properties": {"fid": 669, "img_url": "https://cdn.yesterdays.maprva.org/images/5053/original.jpg", "img_entry": "https://yesterdays.maprva.org/5053/", "date": "4/1956", "start": 1956, "end": 1956, "eras": [3], "direction": 107, "subjects": null}}, {"type": "Feature", "geometry": {"type": "Point", "coordinates": [-77.437013, 37.54652]}, "properties": {"fid": 670, "img_url": "https://cdn.yesterdays.maprva.org/images/29920/original.jpg", "img_entry": "https://yesterdays.maprva.org/29920/", "date": "July 1994", "start": 1994, "end": 1994, "eras": [4], "direction": 101, "subjects": null}}, {"type": "Feature", "geometry": {"type": "Point", "coordinates": [-77.439176, 37.547172]}, "properties": {"fid": 671, "img_url": "https://cdn.yesterdays.maprva.org/images/29926/original.jpg", "img_entry": "https://yesterdays.maprva.org/29926/", "date": "January 1983", "start": 1983, "end": 1983, "eras": [4], "direction": 70, "subjects": null}}, {"type": "Feature", "geometry": {"type": "Point", "coordinates": [-77.434963, 37.55288]}, "properties": {"fid": 672, "img_url": "https://cdn.yesterdays.maprva.org/images/5057/original.jpg", "img_entry": "https://yesterdays.maprva.org/5057/", "date": "4/1956", "start": 1956, "end": 1956, "eras": [3], "direction": 325, "subjects": null}}, {"type": "Feature", "geometry": {"type": "Point", "coordinates": [-77.440231, 37.547954]}, "properties": {"fid": 673, "img_url": "https://cdn.yesterdays.maprva.org/images/29932/original.jpg", "img_entry": "https://yesterdays.maprva.org/29932/", "date": "September 1988", "start": 1988, "end": 1988, "eras": [4], "direction": 157, "subjects": null}}, {"type": "Feature", "geometry": {"type": "Point", "coordinates": [-77.440103, 37.548337]}, "properties": {"fid": 674, "img_url": "https://cdn.yesterdays.maprva.org/images/29934/original.jpg", "img_entry": "https://yesterdays.maprva.org/29934/", "date": "February 1990", "start": 1990, "end": 1990, "eras": [4], "direction": 149, "subjects": null}}, {"type": "Feature", "geometry": {"type": "Point", "coordinates": [-77.4389, 37.548885]}, "properties": {"fid": 675, "img_url": "https://cdn.yesterdays.maprva.org/images/29941/original.jpg", "img_entry": "https://yesterdays.maprva.org/29941/", "date": "June 1997", "start": 1997, "end": 1997, "eras": [4], "direction": 78, "subjects": null}}, {"type": "Feature", "geometry": {"type": "Point", "coordinates": [-77.439634, 37.548143]}, "properties": {"fid": 676, "img_url": "https://cdn.yesterdays.maprva.org/images/29939/original.jpg", "img_entry": "https://yesterdays.maprva.org/29939/", "date": "June 1988", "start": 1988, "end": 1988, "eras": [4], "direction": 328, "subjects": null}}, {"type": "Feature", "geometry": {"type": "Point", "coordinates": [-77.438366, 37.548858]}, "properties": {"fid": 677, "img_url": "https://cdn.yesterdays.maprva.org/images/29945/original.jpg", "img_entry": "https://yesterdays.maprva.org/29945/", "date": "June 1990", "start": 1990, "end": 1990, "eras": [4], "direction": 300, "subjects": null}}, {"type": "Feature", "geometry": {"type": "Point", "coordinates": [-77.439401, 37.544115]}, "properties": {"fid": 678, "img_url": "https://cdn.yesterdays.maprva.org/images/15288/original.jpg", "img_entry": "https://yesterdays.maprva.org/15288/", "date": "1880-1920", "start": 1880, "end": 1920, "eras": [0, 1], "direction": 166, "subjects": ["Q726"]}}, {"type": "Feature", "geometry": {"type": "Point", "coordinates": [-77.43191, 37.551941]}, "properties": {"fid": 679, "img_url": "https://cdn.yesterdays.maprva.org/images/15554/original.jpg", "img_entry": "https://yesterdays.maprva.org/15554/", "date": "1880-1920", "start": 1880, "end": 1920, "eras": [0, 1], "direction": 320, "subjects": ["Q3959678"]}}, {"type": "Feature", "geometry": {"type": "Point", "coordinates": [-77.437516, 37.547495]}, "properties": {"fid": 680, "img_url": "https://cdn.yesterdays.maprva.org/images/37996/original.jpg", "img_entry": "https://yesterdays.maprva.org/37996/", "date": "12/1/1942", "start": 1942, "end": 1942, "eras": [2], "direction": 161, "subjects": ["Q897825", "Q168639"]}}, {"type": "Feature", "geometry": {"type": "Point", "coordinates": [-77.438697, 37.545988]}, "properties": {"fid": 681, "img_url": "https://cdn.yesterdays.maprva.org/images/14778/original.jpg", "img_entry": "https://yesterdays.maprva.org/14778/", "date": "1880-1920", "start": 1880, "end": 1920, "eras": [0, 1], "direction": 304, "subjects": ["Q11442"]}}, {"type": "Feature", "geometry": {"type": "Point", "coordinates": [-77.439793, 37.546492]}, "properties": {"fid": 682, "img_url": "https://cdn.yesterdays.maprva.org/images/5186/original.jpg", "img_entry": "https://yesterdays.maprva.org/5186/", "date": "10/1978", "start": 1978, "end": 1978, "eras": [4], "direction": 97, "subjects": null}}, {"type": "Feature", "geometry": {"type": "Point", "coordinates": [-77.441353, 37.545422]}, "properties": {"fid": 683, "img_url": "https://cdn.yesterdays.maprva.org/images/15287/original.jpg", "img_entry": "https://yesterdays.maprva.org/15287/", "date": "1925", "start": 1925, "end": 1925, "eras": [1], "direction": 34, "subjects": null}}, {"type": "Feature", "geometry": {"type": "Point", "coordinates": [-77.440787, 37.545121]}, "properties": {"fid": 684, "img_url": "https://cdn.yesterdays.maprva.org/images/15280/original.jpg", "img_entry": "https://yesterdays.maprva.org/15280/", "date": "1880-1920", "start": 1880, "end": 1920, "eras": [0, 1], "direction": 253, "subjects": null}}, {"type": "Feature", "geometry": {"type": "Point", "coordinates": [-77.436378, 37.549784]}, "properties": {"fid": 685, "img_url": "https://cdn.yesterdays.maprva.org/images/5193/original.jpg", "img_entry": "https://yesterdays.maprva.org/5193/", "date": "4/1956", "start": 1956, "end": 1956, "eras": [3], "direction": 337, "subjects": null}}, {"type": "Feature", "geometry": {"type": "Point", "coordinates": [-77.436037, 37.550463]}, "properties": {"fid": 686, "img_url": "https://cdn.yesterdays.maprva.org/images/5194/original.jpg", "img_entry": "https://yesterdays.maprva.org/5194/", "date": "8/1955", "start": 1955, "end": 1955, "eras": [3], "direction": 123, "subjects": null}}, {"type": "Feature", "geometry": {"type": "Point", "coordinates": [-77.438953, 37.544043]}, "properties": {"fid": 687, "img_url": "https://cdn.yesterdays.maprva.org/images/15290/original.jpg", "img_entry": "https://yesterdays.maprva.org/15290/", "date": "1917", "start": 1917, "end": 1917, "eras": [1], "direction": 220, "subjects": null}}, {"type": "Feature", "geometry": {"type": "Point", "coordinates": [-77.435333, 37.551268]}, "properties": {"fid": 688, "img_url": "https://cdn.yesterdays.maprva.org/images/5196/original.jpg", "img_entry": "https://yesterdays.maprva.org/5196/", "date": "4/1956", "start": 1956, "end": 1956, "eras": [3], "direction": 143, "subjects": null}}, {"type": "Feature", "geometry": {"type": "Point", "coordinates": [-77.434943, 37.551519]}, "properties": {"fid": 689, "img_url": "https://cdn.yesterdays.maprva.org/images/5197/original.jpg", "img_entry": "https://yesterdays.maprva.org/5197/", "date": "7/1956", "start": 1956, "end": 1956, "eras": [3], "direction": 316, "subjects": null}}, {"type": "Feature", "geometry": {"type": "Point", "coordinates": [-77.439537, 37.546638]}, "properties": {"fid": 690, "img_url": "https://cdn.yesterdays.maprva.org/images/5200/original.jpg", "img_entry": "https://yesterdays.maprva.org/5200/", "date": "12/1955", "start": 1955, "end": 1955, "eras": [3], "direction": 13, "subjects": ["Q623149"]}}, {"type": "Feature", "geometry": {"type": "Point", "coordinates": [-77.436346, 37.550791]}, "properties": {"fid": 691, "img_url": "https://cdn.yesterdays.maprva.org/images/5202/original.jpg", "img_entry": "https://yesterdays.maprva.org/5202/", "date": "3/1956", "start": 1956, "end": 1956, "eras": [3], "direction": 139, "subjects": null}}, {"type": "Feature", "geometry": {"type": "Point", "coordinates": [-77.434391, 37.552043]}, "properties": {"fid": 692, "img_url": "https://cdn.yesterdays.maprva.org/images/5203/original.jpg", "img_entry": "https://yesterdays.maprva.org/5203/", "date": "12/1956", "start": 1956, "end": 1956, "eras": [3], "direction": 308, "subjects": null}}, {"type": "Feature", "geometry": {"type": "Point", "coordinates": [-77.434172, 37.55248]}, "properties": {"fid": 693, "img_url": "https://cdn.yesterdays.maprva.org/images/5204/original.jpg", "img_entry": "https://yesterdays.maprva.org/5204/", "date": "12/1956", "start": 1956, "end": 1956, "eras": [3], "direction": 96, "subjects": null}}, {"type": "Feature", "geometry": {"type": "Point", "coordinates": [-77.434169, 37.552464]}, "properties": {"fid": 694, "img_url": "https://cdn.yesterdays.maprva.org/images/5205/original.jpg", "img_entry": "https://yesterdays.maprva.org/5205/", "date": "3/1956", "start": 1956, "end": 1956, "eras": [3], "direction": 96, "subjects": null}}, {"type": "Feature", "geometry": {"type": "Point", "coordinates": [-77.437839, 37.546893]}, "properties": {"fid": 695, "img_url": "https://cdn.yesterdays.maprva.org/images/5217/original.jpg", "img_entry": "https://yesterdays.maprva.org/5217/", "date": "10/1978", "start": 1978, "end": 1978, "eras": [4], "direction": 334, "subjects": null}}, {"type": "Feature", "geometry": {"type": "Point", "coordinates": [-77.437671, 37.547305]}, "properties": {"fid": 696, "img_url": "https://cdn.yesterdays.maprva.org/images/5218/original.jpg", "img_entry": "https://yesterdays.maprva.org/5218/", "date": "10/1978", "start": 1978, "end": 1978, "eras": [4], "direction": 121, "subjects": null}}, {"type": "Feature", "geometry": {"type": "Point", "coordinates": [-77.437928, 37.547005]}, "properties": {"fid": 697, "img_url": "https://cdn.yesterdays.maprva.org/images/38051/original.jpg", "img_entry": "https://yesterdays.maprva.org/38051/", "date": "7/12/1945", "start": 1945, "end": 1945, "eras": [2], "direction": 21, "subjects": null}}, {"type": "Feature", "geometry": {"type": "Point", "coordinates": [-77.437835, 37.546899]}, "properties": {"fid": 698, "img_url": "https://cdn.yesterdays.maprva.org/images/5215/original.jpg", "img_entry": "https://yesterdays.maprva.org/5215/", "date": "10/1978", "start": 1978, "end": 1978, "eras": [4], "direction": 310, "subjects": null}}, {"type": "Feature", "geometry": {"type": "Point", "coordinates": [-77.437217, 37.547787]}, "properties": {"fid": 699, "img_url": "https://cdn.yesterdays.maprva.org/images/5220/original.jpg", "img_entry": "https://yesterdays.maprva.org/5220/", "date": "11/1978", "start": 1978, "end": 1978, "eras": [4], "direction": 90, "subjects": null}}, {"type": "Feature", "geometry": {"type": "Point", "coordinates": [-77.436003, 37.548995]}, "properties": {"fid": 700, "img_url": "https://cdn.yesterdays.maprva.org/images/5226/original.jpg", "img_entry": "https://yesterdays.maprva.org/5226/", "date": "10/1978", "start": 1978, "end": 1978, "eras": [4], "direction": 131, "subjects": null}}, {"type": "Feature", "geometry": {"type": "Point", "coordinates": [-77.435945, 37.549126]}, "properties": {"fid": 701, "img_url": "https://cdn.yesterdays.maprva.org/images/5229/original.jpg", "img_entry": "https://yesterdays.maprva.org/5229/", "date": "2/1956", "start": 1956, "end": 1956, "eras": [3], "direction": 120, "subjects": null}}, {"type": "Feature", "geometry": {"type": "Point", "coordinates": [-77.435748, 37.54913]}, "properties": {"fid": 702, "img_url": "https://cdn.yesterdays.maprva.org/images/5228/original.jpg", "img_entry": "https://yesterdays.maprva.org/5228/", "date": "10/1978", "start": 1978, "end": 1978, "eras": [4], "direction": 283, "subjects": null}}, {"type": "Feature", "geometry": {"type": "Point", "coordinates": [-77.434794, 37.550102]}, "properties": {"fid": 703, "img_url": "https://cdn.yesterdays.maprva.org/images/5246/original.jpg", "img_entry": "https://yesterdays.maprva.org/5246/", "date": "12/1955", "start": 1955, "end": 1955, "eras": [3], "direction": 354, "subjects": null}}, {"type": "Feature", "geometry": {"type": "Point", "coordinates": [-77.434478, 37.550441]}, "properties": {"fid": 704, "img_url": "https://cdn.yesterdays.maprva.org/images/5248/original.jpg", "img_entry": "https://yesterdays.maprva.org/5248/", "date": "7/1956", "start": 1956, "end": 1956, "eras": [3], "direction": 259, "subjects": null}}, {"type": "Feature", "geometry": {"type": "Point", "coordinates": [-77.435167, 37.550325]}, "properties": {"fid": 705, "img_url": "https://cdn.yesterdays.maprva.org/images/5250/original.jpg", "img_entry": "https://yesterdays.maprva.org/5250/", "date": "1/1956", "start": 1956, "end": 1956, "eras": [3], "direction": 100, "subjects": null}}, {"type": "Feature", "geometry": {"type": "Point", "coordinates": [-77.434866, 37.550259]}, "properties": {"fid": 706, "img_url": "https://cdn.yesterdays.maprva.org/images/5254/original.jpg", "img_entry": "https://yesterdays.maprva.org/5254/", "date": "4/1956", "start": 1956, "end": 1956, "eras": [3], "direction": 85, "subjects": ["Q11442", "Q138501474"]}}, {"type": "Feature", "geometry": {"type": "Point", "coordinates": [-77.430002, 37.55211]}, "properties": {"fid": 707, "img_url": "https://cdn.yesterdays.maprva.org/images/15869/original.jpg", "img_entry": "https://yesterdays.maprva.org/15869/", "date": "Post 1873", "start": 1873, "end": 1930, "eras": [0, 1, 2], "direction": 75, "subjects": null}}, {"type": "Feature", "geometry": {"type": "Point", "coordinates": [-77.43467, 37.550453]}, "properties": {"fid": 708, "img_url": "https://cdn.yesterdays.maprva.org/images/5256/original.jpg", "img_entry": "https://yesterdays.maprva.org/5256/", "date": "5/1956", "start": 1956, "end": 1956, "eras": [3], "direction": 153, "subjects": null}}, {"type": "Feature", "geometry": {"type": "Point", "coordinates": [-77.434275, 37.550652]}, "properties": {"fid": 709, "img_url": "https://cdn.yesterdays.maprva.org/images/5261/original.jpg", "img_entry": "https://yesterdays.maprva.org/5261/", "date": "12/1955", "start": 1955, "end": 1955, "eras": [3], "direction": 335, "subjects": null}}, {"type": "Feature", "geometry": {"type": "Point", "coordinates": [-77.434707, 37.550986]}, "properties": {"fid": 710, "img_url": "https://cdn.yesterdays.maprva.org/images/5264/original.jpg", "img_entry": "https://yesterdays.maprva.org/5264/", "date": "4/1956", "start": 1956, "end": 1956, "eras": [3], "direction": 106, "subjects": null}}, {"type": "Feature", "geometry": {"type": "Point", "coordinates": [-77.43432, 37.550835]}, "properties": {"fid": 711, "img_url": "https://cdn.yesterdays.maprva.org/images/5265/original.jpg", "img_entry": "https://yesterdays.maprva.org/5265/", "date": "12/1955", "start": 1955, "end": 1955, "eras": [3], "direction": 88, "subjects": null}}, {"type": "Feature", "geometry": {"type": "Point", "coordinates": [-77.434344, 37.551052]}, "properties": {"fid": 712, "img_url": "https://cdn.yesterdays.maprva.org/images/5269/original.jpg", "img_entry": "https://yesterdays.maprva.org/5269/", "date": "4/1956", "start": 1956, "end": 1956, "eras": [3], "direction": 91, "subjects": null}}, {"type": "Feature", "geometry": {"type": "Point", "coordinates": [-77.433291, 37.550892]}, "properties": {"fid": 713, "img_url": "https://cdn.yesterdays.maprva.org/images/5272/original.jpg", "img_entry": "https://yesterdays.maprva.org/5272/", "date": "1/1956", "start": 1956, "end": 1956, "eras": [3], "direction": 288, "subjects": null}}, {"type": "Feature", "geometry": {"type": "Point", "coordinates": [-77.433577, 37.551404]}, "properties": {"fid": 714, "img_url": "https://cdn.yesterdays.maprva.org/images/5273/original.jpg", "img_entry": "https://yesterdays.maprva.org/5273/", "date": "3/1956", "start": 1956, "end": 1956, "eras": [3], "direction": 286, "subjects": null}}, {"type": "Feature", "geometry": {"type": "Point", "coordinates": [-77.433728, 37.551221]}, "properties": {"fid": 715, "img_url": "https://cdn.yesterdays.maprva.org/images/5274/original.jpg", "img_entry": "https://yesterdays.maprva.org/5274/", "date": "7/1956", "start": 1956, "end": 1956, "eras": [3], "direction": 325, "subjects": null}}, {"type": "Feature", "geometry": {"type": "Point", "coordinates": [-77.433774, 37.551223]}, "properties": {"fid": 716, "img_url": "https://cdn.yesterdays.maprva.org/images/5275/original.jpg", "img_entry": "https://yesterdays.maprva.org/5275/", "date": "7/1955", "start": 1955, "end": 1955, "eras": [3], "direction": 84, "subjects": ["Q3959678"]}}, {"type": "Feature", "geometry": {"type": "Point", "coordinates": [-77.433771, 37.551219]}, "properties": {"fid": 717, "img_url": "https://cdn.yesterdays.maprva.org/images/5278/original.jpg", "img_entry": "https://yesterdays.maprva.org/5278/", "date": "8/1955", "start": 1955, "end": 1955, "eras": [3], "direction": 59, "subjects": ["Q3959678"]}}, {"type": "Feature", "geometry": {"type": "Point", "coordinates": [-77.438432, 37.550191]}, "properties": {"fid": 718, "img_url": "https://cdn.yesterdays.maprva.org/images/5277/original.jpg", "img_entry": "https://yesterdays.maprva.org/5277/", "date": "7/1956", "start": 1956, "end": 1956, "eras": [3], "direction": 179, "subjects": null}}, {"type": "Feature", "geometry": {"type": "Point", "coordinates": [-77.437932, 37.547749]}, "properties": {"fid": 719, "img_url": "https://cdn.yesterdays.maprva.org/images/34551/original.jpg", "img_entry": "https://yesterdays.maprva.org/34551/", "date": "ca. 1978", "start": 1978, "end": 1978, "eras": [4], "direction": 255, "subjects": null}}, {"type": "Feature", "geometry": {"type": "Point", "coordinates": [-77.432094, 37.551966]}, "properties": {"fid": 720, "img_url": "https://cdn.yesterdays.maprva.org/images/15658/original.jpg", "img_entry": "https://yesterdays.maprva.org/15658/", "date": "1880-1920", "start": 1880, "end": 1920, "eras": [0, 1], "direction": 94, "subjects": ["Q3959678"]}}, {"type": "Feature", "geometry": {"type": "Point", "coordinates": [-77.437128, 37.546165]}, "properties": {"fid": 721, "img_url": "https://cdn.yesterdays.maprva.org/images/5320/original.jpg", "img_entry": "https://yesterdays.maprva.org/5320/", "date": "7/1957", "start": 1957, "end": 1957, "eras": [3], "direction": 347, "subjects": null}}, {"type": "Feature", "geometry": {"type": "Point", "coordinates": [-77.43682, 37.546472]}, "properties": {"fid": 722, "img_url": "https://cdn.yesterdays.maprva.org/images/5327/original.jpg", "img_entry": "https://yesterdays.maprva.org/5327/", "date": "10/1978", "start": 1978, "end": 1978, "eras": [4], "direction": 327, "subjects": null}}, {"type": "Feature", "geometry": {"type": "Point", "coordinates": [-77.436797, 37.546714]}, "properties": {"fid": 723, "img_url": "https://cdn.yesterdays.maprva.org/images/5328/original.jpg", "img_entry": "https://yesterdays.maprva.org/5328/", "date": "3/1956", "start": 1956, "end": 1956, "eras": [3], "direction": 133, "subjects": ["Q726", "Q859281"]}}, {"type": "Feature", "geometry": {"type": "Point", "coordinates": [-77.435438, 37.548129]}, "properties": {"fid": 724, "img_url": "https://cdn.yesterdays.maprva.org/images/5348/original.jpg", "img_entry": "https://yesterdays.maprva.org/5348/", "date": "10/1978", "start": 1978, "end": 1978, "eras": [4], "direction": 5, "subjects": null}}, {"type": "Feature", "geometry": {"type": "Point", "coordinates": [-77.435926, 37.547371]}, "properties": {"fid": 725, "img_url": "https://cdn.yesterdays.maprva.org/images/5333/original.jpg", "img_entry": "https://yesterdays.maprva.org/5333/", "date": "7/1956", "start": 1956, "end": 1956, "eras": [3], "direction": 316, "subjects": ["Q136417397", "Q16901587"]}}, {"type": "Feature", "geometry": {"type": "Point", "coordinates": [-77.435981, 37.547565]}, "properties": {"fid": 726, "img_url": "https://cdn.yesterdays.maprva.org/images/5332/original.jpg", "img_entry": "https://yesterdays.maprva.org/5332/", "date": "7/1956", "start": 1956, "end": 1956, "eras": [3], "direction": 273, "subjects": ["Q136417397", "Q16901587"]}}, {"type": "Feature", "geometry": {"type": "Point", "coordinates": [-77.436015, 37.547355]}, "properties": {"fid": 727, "img_url": "https://cdn.yesterdays.maprva.org/images/5337/original.jpg", "img_entry": "https://yesterdays.maprva.org/5337/", "date": "10/1978", "start": 1978, "end": 1978, "eras": [4], "direction": 355, "subjects": ["Q136417397", "Q16901587", "Q900977"]}}, {"type": "Feature", "geometry": {"type": "Point", "coordinates": [-77.435904, 37.54748]}, "properties": {"fid": 728, "img_url": "https://cdn.yesterdays.maprva.org/images/5338/original.jpg", "img_entry": "https://yesterdays.maprva.org/5338/", "date": "10/1978", "start": 1978, "end": 1978, "eras": [4], "direction": 325, "subjects": ["Q16901587"]}}, {"type": "Feature", "geometry": {"type": "Point", "coordinates": [-77.435599, 37.547879]}, "properties": {"fid": 729, "img_url": "https://cdn.yesterdays.maprva.org/images/5345/original.jpg", "img_entry": "https://yesterdays.maprva.org/5345/", "date": "10/1978", "start": 1978, "end": 1978, "eras": [4], "direction": 324, "subjects": null}}, {"type": "Feature", "geometry": {"type": "Point", "coordinates": [-77.433907, 37.54981]}, "properties": {"fid": 730, "img_url": "https://cdn.yesterdays.maprva.org/images/5360/original.jpg", "img_entry": "https://yesterdays.maprva.org/5360/", "date": "4/1956", "start": 1956, "end": 1956, "eras": [3], "direction": 183, "subjects": null}}, {"type": "Feature", "geometry": {"type": "Point", "coordinates": [-77.43382, 37.549641]}, "properties": {"fid": 731, "img_url": "https://cdn.yesterdays.maprva.org/images/5361/original.jpg", "img_entry": "https://yesterdays.maprva.org/5361/", "date": "1/1956", "start": 1956, "end": 1956, "eras": [3], "direction": 351, "subjects": null}}, {"type": "Feature", "geometry": {"type": "Point", "coordinates": [-77.432842, 37.550032]}, "properties": {"fid": 732, "img_url": "https://cdn.yesterdays.maprva.org/images/5367/original.jpg", "img_entry": "https://yesterdays.maprva.org/5367/", "date": "1/1956", "start": 1956, "end": 1956, "eras": [3], "direction": 325, "subjects": null}}, {"type": "Feature", "geometry": {"type": "Point", "coordinates": [-77.433135, 37.550526]}, "properties": {"fid": 733, "img_url": "https://cdn.yesterdays.maprva.org/images/5369/original.jpg", "img_entry": "https://yesterdays.maprva.org/5369/", "date": "8/1955", "start": 1955, "end": 1955, "eras": [3], "direction": 80, "subjects": ["Q3959678"]}}, {"type": "Feature", "geometry": {"type": "Point", "coordinates": [-77.433278, 37.550466]}, "properties": {"fid": 734, "img_url": "https://cdn.yesterdays.maprva.org/images/5370/original.jpg", "img_entry": "https://yesterdays.maprva.org/5370/", "date": "1/1956", "start": 1956, "end": 1956, "eras": [3], "direction": 76, "subjects": ["Q3959678"]}}, {"type": "Feature", "geometry": {"type": "Point", "coordinates": [-77.432716, 37.550574]}, "properties": {"fid": 735, "img_url": "https://cdn.yesterdays.maprva.org/images/5372/original.jpg", "img_entry": "https://yesterdays.maprva.org/5372/", "date": "1/1956", "start": 1956, "end": 1956, "eras": [3], "direction": 266, "subjects": ["Q3959678"]}}, {"type": "Feature", "geometry": {"type": "Point", "coordinates": [-77.43312, 37.550514]}, "properties": {"fid": 736, "img_url": "https://cdn.yesterdays.maprva.org/images/5371/original.jpg", "img_entry": "https://yesterdays.maprva.org/5371/", "date": "6/1956", "start": 1956, "end": 1956, "eras": [3], "direction": 85, "subjects": ["Q3959678"]}}, {"type": "Feature", "geometry": {"type": "Point", "coordinates": [-77.432244, 37.551838]}, "properties": {"fid": 737, "img_url": "https://cdn.yesterdays.maprva.org/images/15588/original.jpg", "img_entry": "https://yesterdays.maprva.org/15588/", "date": "1880-1920", "start": 1880, "end": 1920, "eras": [0, 1], "direction": 266, "subjects": ["Q3959678"]}}, {"type": "Feature", "geometry": {"type": "Point", "coordinates": [-77.432297, 37.552368]}, "properties": {"fid": 738, "img_url": "https://cdn.yesterdays.maprva.org/images/15614/original.jpg", "img_entry": "https://yesterdays.maprva.org/15614/", "date": "Pre 1900", "start": 1861, "end": 1900, "eras": [0, 1], "direction": 54, "subjects": ["Q3959678"]}}, {"type": "Feature", "geometry": {"type": "Point", "coordinates": [-77.434054, 37.548137]}, "properties": {"fid": 739, "img_url": "https://cdn.yesterdays.maprva.org/images/5407/original.jpg", "img_entry": "https://yesterdays.maprva.org/5407/", "date": "4/1956", "start": 1956, "end": 1956, "eras": [3], "direction": 153, "subjects": null}}, {"type": "Feature", "geometry": {"type": "Point", "coordinates": [-77.432192, 37.549995]}, "properties": {"fid": 740, "img_url": "https://cdn.yesterdays.maprva.org/images/5414/original.jpg", "img_entry": "https://yesterdays.maprva.org/5414/", "date": "1/1956", "start": 1956, "end": 1956, "eras": [3], "direction": 276, "subjects": null}}, {"type": "Feature", "geometry": {"type": "Point", "coordinates": [-77.432371, 37.549799]}, "properties": {"fid": 741, "img_url": "https://cdn.yesterdays.maprva.org/images/5413/original.jpg", "img_entry": "https://yesterdays.maprva.org/5413/", "date": "1/1956", "start": 1956, "end": 1956, "eras": [3], "direction": 349, "subjects": null}}, {"type": "Feature", "geometry": {"type": "Point", "coordinates": [-77.432716, 37.549969]}, "properties": {"fid": 742, "img_url": "https://cdn.yesterdays.maprva.org/images/5415/original.jpg", "img_entry": "https://yesterdays.maprva.org/5415/", "date": "1/1956", "start": 1956, "end": 1956, "eras": [3], "direction": 101, "subjects": null}}, {"type": "Feature", "geometry": {"type": "Point", "coordinates": [-77.432685, 37.549942]}, "properties": {"fid": 743, "img_url": "https://cdn.yesterdays.maprva.org/images/5416/original.jpg", "img_entry": "https://yesterdays.maprva.org/5416/", "date": "3/1956", "start": 1956, "end": 1956, "eras": [3], "direction": 112, "subjects": null}}, {"type": "Feature", "geometry": {"type": "Point", "coordinates": [-77.432568, 37.549905]}, "properties": {"fid": 744, "img_url": "https://cdn.yesterdays.maprva.org/images/5417/original.jpg", "img_entry": "https://yesterdays.maprva.org/5417/", "date": "7/1956", "start": 1956, "end": 1956, "eras": [3], "direction": 115, "subjects": null}}, {"type": "Feature", "geometry": {"type": "Point", "coordinates": [-77.432262, 37.550046]}, "properties": {"fid": 745, "img_url": "https://cdn.yesterdays.maprva.org/images/5419/original.jpg", "img_entry": "https://yesterdays.maprva.org/5419/", "date": "3/1956", "start": 1956, "end": 1956, "eras": [3], "direction": 120, "subjects": null}}, {"type": "Feature", "geometry": {"type": "Point", "coordinates": [-77.435855, 37.546559]}, "properties": {"fid": 746, "img_url": "https://cdn.yesterdays.maprva.org/images/29849/original.jpg", "img_entry": "https://yesterdays.maprva.org/29849/", "date": "July 1994", "start": 1994, "end": 1994, "eras": [4], "direction": 271, "subjects": null}}, {"type": "Feature", "geometry": {"type": "Point", "coordinates": [-77.435978, 37.545948]}, "properties": {"fid": 747, "img_url": "https://cdn.yesterdays.maprva.org/images/29913/original.jpg", "img_entry": "https://yesterdays.maprva.org/29913/", "date": "July 1994", "start": 1994, "end": 1994, "eras": [4], "direction": 314, "subjects": null}}, {"type": "Feature", "geometry": {"type": "Point", "coordinates": [-77.440231, 37.547954]}, "properties": {"fid": 748, "img_url": "https://cdn.yesterdays.maprva.org/images/29931/original.jpg", "img_entry": "https://yesterdays.maprva.org/29931/", "date": "[1965..2000]", "start": 1965, "end": 2000, "eras": [4, 5], "direction": 156, "subjects": null}}, {"type": "Feature", "geometry": {"type": "Point", "coordinates": [-77.436769, 37.545339]}, "properties": {"fid": 749, "img_url": "https://cdn.yesterdays.maprva.org/images/34180/original.jpg", "img_entry": "https://yesterdays.maprva.org/34180/", "date": "1975", "start": 1975, "end": 1975, "eras": [4], "direction": 244, "subjects": ["Q900557"]}}, {"type": "Feature", "geometry": {"type": "Point", "coordinates": [-77.438493, 37.549312]}, "properties": {"fid": 750, "img_url": "https://cdn.yesterdays.maprva.org/images/34287/original.jpg", "img_entry": "https://yesterdays.maprva.org/34287/", "date": "1975", "start": 1975, "end": 1975, "eras": [4], "direction": 7, "subjects": null}}, {"type": "Feature", "geometry": {"type": "Point", "coordinates": [-77.437346, 37.54748]}, "properties": {"fid": 751, "img_url": "https://cdn.yesterdays.maprva.org/images/34230/original.jpg", "img_entry": "https://yesterdays.maprva.org/34230/", "date": "1975", "start": 1975, "end": 1975, "eras": [4], "direction": 279, "subjects": null}}, {"type": "Feature", "geometry": {"type": "Point", "coordinates": [-77.439151, 37.548507]}, "properties": {"fid": 752, "img_url": "https://cdn.yesterdays.maprva.org/images/34239/original.jpg", "img_entry": "https://yesterdays.maprva.org/34239/", "date": "1975", "start": 1975, "end": 1975, "eras": [4], "direction": 261, "subjects": null}}, {"type": "Feature", "geometry": {"type": "Point", "coordinates": [-77.436247, 37.548774]}, "properties": {"fid": 753, "img_url": "https://cdn.yesterdays.maprva.org/images/34154/original.jpg", "img_entry": "https://yesterdays.maprva.org/34154/", "date": "1975", "start": 1975, "end": 1975, "eras": [4], "direction": 88, "subjects": null}}, {"type": "Feature", "geometry": {"type": "Point", "coordinates": [-77.440831, 37.546264]}, "properties": {"fid": 754, "img_url": "https://cdn.yesterdays.maprva.org/images/34323/original.jpg", "img_entry": "https://yesterdays.maprva.org/34323/", "date": "ca. 1978", "start": 1978, "end": 1978, "eras": [4], "direction": 38, "subjects": null}}, {"type": "Feature", "geometry": {"type": "Point", "coordinates": [-77.440703, 37.54749]}, "properties": {"fid": 755, "img_url": "https://cdn.yesterdays.maprva.org/images/34332/original.jpg", "img_entry": "https://yesterdays.maprva.org/34332/", "date": "ca. 1978", "start": 1978, "end": 1978, "eras": [4], "direction": 75, "subjects": null}}, {"type": "Feature", "geometry": {"type": "Point", "coordinates": [-77.441598, 37.546706]}, "properties": {"fid": 756, "img_url": "https://cdn.yesterdays.maprva.org/images/34336/original.jpg", "img_entry": "https://yesterdays.maprva.org/34336/", "date": "ca. 1978", "start": 1978, "end": 1978, "eras": [4], "direction": 66, "subjects": null}}, {"type": "Feature", "geometry": {"type": "Point", "coordinates": [-77.439218, 37.546688]}, "properties": {"fid": 757, "img_url": "https://cdn.yesterdays.maprva.org/images/34420/original.jpg", "img_entry": "https://yesterdays.maprva.org/34420/", "date": "ca. 1978", "start": 1978, "end": 1978, "eras": [4], "direction": 14, "subjects": ["Q900557"]}}, {"type": "Feature", "geometry": {"type": "Point", "coordinates": [-77.438901, 37.546534]}, "properties": {"fid": 758, "img_url": "https://cdn.yesterdays.maprva.org/images/34422/original.jpg", "img_entry": "https://yesterdays.maprva.org/34422/", "date": "ca. 1978", "start": 1978, "end": 1978, "eras": [4], "direction": 355, "subjects": ["Q900557"]}}, {"type": "Feature", "geometry": {"type": "Point", "coordinates": [-77.43896, 37.546521]}, "properties": {"fid": 759, "img_url": "https://cdn.yesterdays.maprva.org/images/34424/original.jpg", "img_entry": "https://yesterdays.maprva.org/34424/", "date": "ca. 1978", "start": 1978, "end": 1978, "eras": [4], "direction": 220, "subjects": null}}, {"type": "Feature", "geometry": {"type": "Point", "coordinates": [-77.437851, 37.545889]}, "properties": {"fid": 760, "img_url": "https://cdn.yesterdays.maprva.org/images/34430/original.jpg", "img_entry": "https://yesterdays.maprva.org/34430/", "date": "ca. 1978", "start": 1978, "end": 1978, "eras": [4], "direction": 349, "subjects": null}}, {"type": "Feature", "geometry": {"type": "Point", "coordinates": [-77.437535, 37.54576]}, "properties": {"fid": 761, "img_url": "https://cdn.yesterdays.maprva.org/images/34438/original.jpg", "img_entry": "https://yesterdays.maprva.org/34438/", "date": "ca. 1978", "start": 1978, "end": 1978, "eras": [4], "direction": 256, "subjects": ["Q3410466"]}}, {"type": "Feature", "geometry": {"type": "Point", "coordinates": [-77.437829, 37.547571]}, "properties": {"fid": 762, "img_url": "https://cdn.yesterdays.maprva.org/images/34547/original.jpg", "img_entry": "https://yesterdays.maprva.org/34547/", "date": "ca. 1978", "start": 1978, "end": 1978, "eras": [4], "direction": 69, "subjects": null}}, {"type": "Feature", "geometry": {"type": "Point", "coordinates": [-77.436814, 37.547075]}, "properties": {"fid": 763, "img_url": "https://cdn.yesterdays.maprva.org/images/34562/original.jpg", "img_entry": "https://yesterdays.maprva.org/34562/", "date": "ca. 1978", "start": 1978, "end": 1978, "eras": [4], "direction": 176, "subjects": null}}, {"type": "Feature", "geometry": {"type": "Point", "coordinates": [-77.436938, 37.547145]}, "properties": {"fid": 764, "img_url": "https://cdn.yesterdays.maprva.org/images/34561/original.jpg", "img_entry": "https://yesterdays.maprva.org/34561/", "date": "ca. 1978", "start": 1978, "end": 1978, "eras": [4], "direction": 177, "subjects": null}}, {"type": "Feature", "geometry": {"type": "Point", "coordinates": [-77.436223, 37.546694]}, "properties": {"fid": 765, "img_url": "https://cdn.yesterdays.maprva.org/images/34565/original.jpg", "img_entry": "https://yesterdays.maprva.org/34565/", "date": "ca. 1978", "start": 1978, "end": 1978, "eras": [4], "direction": 40, "subjects": null}}, {"type": "Feature", "geometry": {"type": "Point", "coordinates": [-77.436228, 37.546763]}, "properties": {"fid": 766, "img_url": "https://cdn.yesterdays.maprva.org/images/34569/original.jpg", "img_entry": "https://yesterdays.maprva.org/34569/", "date": "ca. 1978", "start": 1978, "end": 1978, "eras": [4], "direction": 168, "subjects": null}}, {"type": "Feature", "geometry": {"type": "Point", "coordinates": [-77.439497, 37.54859]}, "properties": {"fid": 767, "img_url": "https://cdn.yesterdays.maprva.org/images/34571/original.jpg", "img_entry": "https://yesterdays.maprva.org/34571/", "date": "ca. 1978", "start": 1978, "end": 1978, "eras": [4], "direction": 67, "subjects": null}}, {"type": "Feature", "geometry": {"type": "Point", "coordinates": [-77.439449, 37.548734]}, "properties": {"fid": 768, "img_url": "https://cdn.yesterdays.maprva.org/images/34580/original.jpg", "img_entry": "https://yesterdays.maprva.org/34580/", "date": "ca. 1978", "start": 1978, "end": 1978, "eras": [4], "direction": 209, "subjects": null}}, {"type": "Feature", "geometry": {"type": "Point", "coordinates": [-77.439586, 37.548674]}, "properties": {"fid": 769, "img_url": "https://cdn.yesterdays.maprva.org/images/34581/original.jpg", "img_entry": "https://yesterdays.maprva.org/34581/", "date": "ca. 1978", "start": 1978, "end": 1978, "eras": [4], "direction": 268, "subjects": null}}, {"type": "Feature", "geometry": {"type": "Point", "coordinates": [-77.439683, 37.548874]}, "properties": {"fid": 770, "img_url": "https://cdn.yesterdays.maprva.org/images/34584/original.jpg", "img_entry": "https://yesterdays.maprva.org/34584/", "date": "ca. 1978", "start": 1978, "end": 1978, "eras": [4], "direction": 232, "subjects": null}}, {"type": "Feature", "geometry": {"type": "Point", "coordinates": [-77.437286, 37.550018]}, "properties": {"fid": 771, "img_url": "https://cdn.yesterdays.maprva.org/images/34646/original.jpg", "img_entry": "https://yesterdays.maprva.org/34646/", "date": "ca. 1978", "start": 1978, "end": 1978, "eras": [4], "direction": 260, "subjects": null}}, {"type": "Feature", "geometry": {"type": "Point", "coordinates": [-77.437352, 37.550061]}, "properties": {"fid": 772, "img_url": "https://cdn.yesterdays.maprva.org/images/34647/original.jpg", "img_entry": "https://yesterdays.maprva.org/34647/", "date": "ca. 1978", "start": 1978, "end": 1978, "eras": [4], "direction": 171, "subjects": null}}, {"type": "Feature", "geometry": {"type": "Point", "coordinates": [-77.438742, 37.549793]}, "properties": {"fid": 773, "img_url": "https://cdn.yesterdays.maprva.org/images/34690/original.jpg", "img_entry": "https://yesterdays.maprva.org/34690/", "date": "ca. 1978", "start": 1978, "end": 1978, "eras": [4], "direction": 75, "subjects": null}}, {"type": "Feature", "geometry": {"type": "Point", "coordinates": [-77.440002, 37.547733]}, "properties": {"fid": 774, "img_url": "https://cdn.yesterdays.maprva.org/images/34711/original.jpg", "img_entry": "https://yesterdays.maprva.org/34711/", "date": "ca. 1978", "start": 1978, "end": 1978, "eras": [4], "direction": 79, "subjects": null}}, {"type": "Feature", "geometry": {"type": "Point", "coordinates": [-77.439705, 37.546491]}, "properties": {"fid": 775, "img_url": "https://cdn.yesterdays.maprva.org/images/34719/original.jpg", "img_entry": "https://yesterdays.maprva.org/34719/", "date": "ca. 1978", "start": 1978, "end": 1978, "eras": [4], "direction": 286, "subjects": null}}, {"type": "Feature", "geometry": {"type": "Point", "coordinates": [-77.438856, 37.547298]}, "properties": {"fid": 776, "img_url": "https://cdn.yesterdays.maprva.org/images/34723/original.jpg", "img_entry": "https://yesterdays.maprva.org/34723/", "date": "ca. 1978", "start": 1978, "end": 1978, "eras": [4], "direction": 278, "subjects": null}}, {"type": "Feature", "geometry": {"type": "Point", "coordinates": [-77.436066, 37.547513]}, "properties": {"fid": 777, "img_url": "https://cdn.yesterdays.maprva.org/images/34757/original.jpg", "img_entry": "https://yesterdays.maprva.org/34757/", "date": "ca. 1978", "start": 1978, "end": 1978, "eras": [4], "direction": 91, "subjects": null}}, {"type": "Feature", "geometry": {"type": "Point", "coordinates": [-77.437684, 37.547171]}, "properties": {"fid": 778, "img_url": "https://cdn.yesterdays.maprva.org/images/34772/original.jpg", "img_entry": "https://yesterdays.maprva.org/34772/", "date": "ca. 1978", "start": 1978, "end": 1978, "eras": [4], "direction": 141, "subjects": null}}, {"type": "Feature", "geometry": {"type": "Point", "coordinates": [-77.436514, 37.548464]}, "properties": {"fid": 779, "img_url": "https://cdn.yesterdays.maprva.org/images/34782/original.jpg", "img_entry": "https://yesterdays.maprva.org/34782/", "date": "ca. 1978", "start": 1978, "end": 1978, "eras": [4], "direction": 323, "subjects": null}}, {"type": "Feature", "geometry": {"type": "Point", "coordinates": [-77.435883, 37.549059]}, "properties": {"fid": 780, "img_url": "https://cdn.yesterdays.maprva.org/images/34792/original.jpg", "img_entry": "https://yesterdays.maprva.org/34792/", "date": "ca. 1978", "start": 1978, "end": 1978, "eras": [4], "direction": 274, "subjects": ["Q3410466"]}}, {"type": "Feature", "geometry": {"type": "Point", "coordinates": [-77.435962, 37.548983]}, "properties": {"fid": 781, "img_url": "https://cdn.yesterdays.maprva.org/images/34789/original.jpg", "img_entry": "https://yesterdays.maprva.org/34789/", "date": "ca. 1978", "start": 1978, "end": 1978, "eras": [4], "direction": 266, "subjects": null}}, {"type": "Feature", "geometry": {"type": "Point", "coordinates": [-77.435034, 37.547088]}, "properties": {"fid": 782, "img_url": "https://cdn.yesterdays.maprva.org/images/34791/original.jpg", "img_entry": "https://yesterdays.maprva.org/34791/", "date": "ca. 1978", "start": 1978, "end": 1978, "eras": [4], "direction": 1, "subjects": null}}, {"type": "Feature", "geometry": {"type": "Point", "coordinates": [-77.43606, 37.548899]}, "properties": {"fid": 783, "img_url": "https://cdn.yesterdays.maprva.org/images/34796/original.jpg", "img_entry": "https://yesterdays.maprva.org/34796/", "date": "ca. 1978", "start": 1978, "end": 1978, "eras": [4], "direction": 111, "subjects": null}}, {"type": "Feature", "geometry": {"type": "Point", "coordinates": [-77.436937, 37.546544]}, "properties": {"fid": 784, "img_url": "https://cdn.yesterdays.maprva.org/images/34803/original.jpg", "img_entry": "https://yesterdays.maprva.org/34803/", "date": "ca. 1978", "start": 1978, "end": 1978, "eras": [4], "direction": 349, "subjects": null}}, {"type": "Feature", "geometry": {"type": "Point", "coordinates": [-77.436907, 37.546587]}, "properties": {"fid": 785, "img_url": "https://cdn.yesterdays.maprva.org/images/34805/original.jpg", "img_entry": "https://yesterdays.maprva.org/34805/", "date": "ca. 1978", "start": 1978, "end": 1978, "eras": [4], "direction": 126, "subjects": null}}, {"type": "Feature", "geometry": {"type": "Point", "coordinates": [-77.436978, 37.546581]}, "properties": {"fid": 786, "img_url": "https://cdn.yesterdays.maprva.org/images/34806/original.jpg", "img_entry": "https://yesterdays.maprva.org/34806/", "date": "ca. 1978", "start": 1978, "end": 1978, "eras": [4], "direction": 89, "subjects": null}}, {"type": "Feature", "geometry": {"type": "Point", "coordinates": [-77.436094, 37.547326]}, "properties": {"fid": 787, "img_url": "https://cdn.yesterdays.maprva.org/images/34807/original.jpg", "img_entry": "https://yesterdays.maprva.org/34807/", "date": "ca. 1978", "start": 1978, "end": 1978, "eras": [4], "direction": 321, "subjects": null}}, {"type": "Feature", "geometry": {"type": "Point", "coordinates": [-77.434244, 37.54782]}, "properties": {"fid": 788, "img_url": "https://cdn.yesterdays.maprva.org/images/34809/original.jpg", "img_entry": "https://yesterdays.maprva.org/34809/", "date": "ca. 1978", "start": 1978, "end": 1978, "eras": [4], "direction": 308, "subjects": null}}, {"type": "Feature", "geometry": {"type": "Point", "coordinates": [-77.4351, 37.5484]}, "properties": {"fid": 789, "img_url": "https://cdn.yesterdays.maprva.org/images/34825/original.jpg", "img_entry": "https://yesterdays.maprva.org/34825/", "date": "ca. 1978", "start": 1978, "end": 1978, "eras": [4], "direction": 330, "subjects": null}}, {"type": "Feature", "geometry": {"type": "Point", "coordinates": [-77.435179, 37.548247]}, "properties": {"fid": 790, "img_url": "https://cdn.yesterdays.maprva.org/images/34824/original.jpg", "img_entry": "https://yesterdays.maprva.org/34824/", "date": "ca. 1978", "start": 1978, "end": 1978, "eras": [4], "direction": 335, "subjects": null}}, {"type": "Feature", "geometry": {"type": "Point", "coordinates": [-77.434925, 37.548572]}, "properties": {"fid": 791, "img_url": "https://cdn.yesterdays.maprva.org/images/34827/original.jpg", "img_entry": "https://yesterdays.maprva.org/34827/", "date": "ca. 1978", "start": 1978, "end": 1978, "eras": [4], "direction": 338, "subjects": null}}, {"type": "Feature", "geometry": {"type": "Point", "coordinates": [-77.435252, 37.546882]}, "properties": {"fid": 792, "img_url": "https://cdn.yesterdays.maprva.org/images/34831/original.jpg", "img_entry": "https://yesterdays.maprva.org/34831/", "date": "ca. 1978", "start": 1978, "end": 1978, "eras": [4], "direction": 3, "subjects": null}}, {"type": "Feature", "geometry": {"type": "Point", "coordinates": [-77.435333, 37.546806]}, "properties": {"fid": 793, "img_url": "https://cdn.yesterdays.maprva.org/images/34830/original.jpg", "img_entry": "https://yesterdays.maprva.org/34830/", "date": "ca. 1978", "start": 1978, "end": 1978, "eras": [4], "direction": 12, "subjects": null}}, {"type": "Feature", "geometry": {"type": "Point", "coordinates": [-77.4345, 37.5475]}, "properties": {"fid": 794, "img_url": "https://cdn.yesterdays.maprva.org/images/34836/original.jpg", "img_entry": "https://yesterdays.maprva.org/34836/", "date": "ca. 1978", "start": 1978, "end": 1978, "eras": [4], "direction": 305, "subjects": null}}, {"type": "Feature", "geometry": {"type": "Point", "coordinates": [-77.4403, 37.547394]}, "properties": {"fid": 795, "img_url": "https://cdn.yesterdays.maprva.org/images/34076/original.jpg", "img_entry": "https://yesterdays.maprva.org/34076/", "date": "1975", "start": 1975, "end": 1975, "eras": [4], "direction": 226, "subjects": null}}, {"type": "Feature", "geometry": {"type": "Point", "coordinates": [-77.438012, 37.545883]}, "properties": {"fid": 796, "img_url": "https://cdn.yesterdays.maprva.org/images/34174/original.jpg", "img_entry": "https://yesterdays.maprva.org/34174/", "date": "1975", "start": 1975, "end": 1975, "eras": [4], "direction": 341, "subjects": ["Q900557"]}}, {"type": "Feature", "geometry": {"type": "Point", "coordinates": [-77.440249, 37.546042]}, "properties": {"fid": 797, "img_url": "https://cdn.yesterdays.maprva.org/images/29637/original.jpg", "img_entry": "https://yesterdays.maprva.org/29637/", "date": "March 1975", "start": 1975, "end": 1975, "eras": [4], "direction": 254, "subjects": null}}, {"type": "Feature", "geometry": {"type": "Point", "coordinates": [-77.437141, 37.545489]}, "properties": {"fid": 798, "img_url": "https://cdn.yesterdays.maprva.org/images/29658/original.jpg", "img_entry": "https://yesterdays.maprva.org/29658/", "date": "July 1994", "start": 1994, "end": 1994, "eras": [4], "direction": 178, "subjects": null}}, {"type": "Feature", "geometry": {"type": "Point", "coordinates": [-77.436762, 37.545143]}, "properties": {"fid": 799, "img_url": "https://cdn.yesterdays.maprva.org/images/29662/original.jpg", "img_entry": "https://yesterdays.maprva.org/29662/", "date": "July 1994", "start": 1994, "end": 1994, "eras": [4], "direction": 288, "subjects": null}}, {"type": "Feature", "geometry": {"type": "Point", "coordinates": [-77.44066, 37.547018]}, "properties": {"fid": 800, "img_url": "https://cdn.yesterdays.maprva.org/images/29670/original.jpg", "img_entry": "https://yesterdays.maprva.org/29670/", "date": "February 1988", "start": 1988, "end": 1988, "eras": [4], "direction": 39, "subjects": null}}, {"type": "Feature", "geometry": {"type": "Point", "coordinates": [-77.440469, 37.547548]}, "properties": {"fid": 801, "img_url": "https://cdn.yesterdays.maprva.org/images/29694/original.jpg", "img_entry": "https://yesterdays.maprva.org/29694/", "date": "February 1983", "start": 1983, "end": 1983, "eras": [4], "direction": 273, "subjects": null}}, {"type": "Feature", "geometry": {"type": "Point", "coordinates": [-77.437831, 37.547578]}, "properties": {"fid": 802, "img_url": "https://cdn.yesterdays.maprva.org/images/29858/original.jpg", "img_entry": "https://yesterdays.maprva.org/29858/", "date": "April 1975", "start": 1975, "end": 1975, "eras": [4], "direction": 72, "subjects": null}}, {"type": "Feature", "geometry": {"type": "Point", "coordinates": [-77.43845, 37.547965]}, "properties": {"fid": 803, "img_url": "https://cdn.yesterdays.maprva.org/images/29864/original.jpg", "img_entry": "https://yesterdays.maprva.org/29864/", "date": "September 1976", "start": 1976, "end": 1976, "eras": [4], "direction": 101, "subjects": null}}, {"type": "Feature", "geometry": {"type": "Point", "coordinates": [-77.437635, 37.547204]}, "properties": {"fid": 804, "img_url": "https://cdn.yesterdays.maprva.org/images/29876/original.jpg", "img_entry": "https://yesterdays.maprva.org/29876/", "date": "November 1997", "start": 1997, "end": 1997, "eras": [4], "direction": 312, "subjects": null}}, {"type": "Feature", "geometry": {"type": "Point", "coordinates": [-77.435639, 37.546338]}, "properties": {"fid": 805, "img_url": "https://cdn.yesterdays.maprva.org/images/29915/original.jpg", "img_entry": "https://yesterdays.maprva.org/29915/", "date": "July 1994", "start": 1994, "end": 1994, "eras": [4], "direction": 254, "subjects": null}}, {"type": "Feature", "geometry": {"type": "Point", "coordinates": [-77.436104, 37.546316]}, "properties": {"fid": 806, "img_url": "https://cdn.yesterdays.maprva.org/images/29914/original.jpg", "img_entry": "https://yesterdays.maprva.org/29914/", "date": "July 1994", "start": 1994, "end": 1994, "eras": [4], "direction": 153, "subjects": null}}, {"type": "Feature", "geometry": {"type": "Point", "coordinates": [-77.43318, 37.550447]}, "properties": {"fid": 807, "img_url": "https://cdn.yesterdays.maprva.org/images/29924/original.jpg", "img_entry": "https://yesterdays.maprva.org/29924/", "date": "February 1978", "start": 1978, "end": 1978, "eras": [4], "direction": 309, "subjects": null}}, {"type": "Feature", "geometry": {"type": "Point", "coordinates": [-77.433017, 37.550608]}, "properties": {"fid": 808, "img_url": "https://cdn.yesterdays.maprva.org/images/29922/original.jpg", "img_entry": "https://yesterdays.maprva.org/29922/", "date": "February 1978", "start": 1978, "end": 1978, "eras": [4], "direction": 268, "subjects": null}}, {"type": "Feature", "geometry": {"type": "Point", "coordinates": [-77.433246, 37.550283]}, "properties": {"fid": 809, "img_url": "https://cdn.yesterdays.maprva.org/images/29923/original.jpg", "img_entry": "https://yesterdays.maprva.org/29923/", "date": "February 1976", "start": 1976, "end": 1976, "eras": [4], "direction": 347, "subjects": null}}, {"type": "Feature", "geometry": {"type": "Point", "coordinates": [-77.437372, 37.547407]}, "properties": {"fid": 810, "img_url": "https://cdn.yesterdays.maprva.org/images/29930/original.jpg", "img_entry": "https://yesterdays.maprva.org/29930/", "date": "September 1978", "start": 1978, "end": 1978, "eras": [4], "direction": 18, "subjects": ["Q8004"]}}, {"type": "Feature", "geometry": {"type": "Point", "coordinates": [-77.437859, 37.548359]}, "properties": {"fid": 811, "img_url": "https://cdn.yesterdays.maprva.org/images/29929/original.jpg", "img_entry": "https://yesterdays.maprva.org/29929/", "date": "November 1979", "start": 1979, "end": 1979, "eras": [4], "direction": 74, "subjects": null}}, {"type": "Feature", "geometry": {"type": "Point", "coordinates": [-77.439903, 37.547208]}, "properties": {"fid": 812, "img_url": "https://cdn.yesterdays.maprva.org/images/34167/original.jpg", "img_entry": "https://yesterdays.maprva.org/34167/", "date": "1975", "start": 1975, "end": 1975, "eras": [4], "direction": 252, "subjects": null}}, {"type": "Feature", "geometry": {"type": "Point", "coordinates": [-77.43213, 37.550066]}, "properties": {"fid": 813, "img_url": "https://cdn.yesterdays.maprva.org/images/6333/original.jpg", "img_entry": "https://yesterdays.maprva.org/6333/", "date": "3/1956", "start": 1956, "end": 1956, "eras": [3], "direction": 49, "subjects": ["Q3959678", "Q726", "Q859281"]}}, {"type": "Feature", "geometry": {"type": "Point", "coordinates": [-77.432905, 37.550751]}, "properties": {"fid": 814, "img_url": "https://cdn.yesterdays.maprva.org/images/6336/original.jpg", "img_entry": "https://yesterdays.maprva.org/6336/", "date": "12/1956", "start": 1956, "end": 1956, "eras": [3], "direction": 47, "subjects": ["Q3959678", "Q16159645"]}}, {"type": "Feature", "geometry": {"type": "Point", "coordinates": [-77.439739, 37.547114]}, "properties": {"fid": 815, "img_url": "https://cdn.yesterdays.maprva.org/images/34168/original.jpg", "img_entry": "https://yesterdays.maprva.org/34168/", "date": "1975", "start": 1975, "end": 1975, "eras": [4], "direction": 259, "subjects": null}}, {"type": "Feature", "geometry": {"type": "Point", "coordinates": [-77.439853, 37.546986]}, "properties": {"fid": 816, "img_url": "https://cdn.yesterdays.maprva.org/images/34170/original.jpg", "img_entry": "https://yesterdays.maprva.org/34170/", "date": "1975", "start": 1975, "end": 1975, "eras": [4], "direction": 262, "subjects": ["Q900557"]}}, {"type": "Feature", "geometry": {"type": "Point", "coordinates": [-77.43964, 37.547036]}, "properties": {"fid": 817, "img_url": "https://cdn.yesterdays.maprva.org/images/34169/original.jpg", "img_entry": "https://yesterdays.maprva.org/34169/", "date": "1975", "start": 1975, "end": 1975, "eras": [4], "direction": 272, "subjects": null}}, {"type": "Feature", "geometry": {"type": "Point", "coordinates": [-77.439057, 37.544079]}, "properties": {"fid": 818, "img_url": "https://cdn.yesterdays.maprva.org/images/31304/original.jpg", "img_entry": "https://yesterdays.maprva.org/31304/", "date": "August 1980", "start": 1980, "end": 1980, "eras": [4], "direction": 269, "subjects": ["Q5061482"]}}, {"type": "Feature", "geometry": {"type": "Point", "coordinates": [-77.436697, 37.550805]}, "properties": {"fid": 819, "img_url": "https://cdn.yesterdays.maprva.org/images/6567/original.jpg", "img_entry": "https://yesterdays.maprva.org/6567/", "date": "1/1956", "start": 1956, "end": 1956, "eras": [3], "direction": 342, "subjects": null}}, {"type": "Feature", "geometry": {"type": "Point", "coordinates": [-77.437081, 37.550848]}, "properties": {"fid": 820, "img_url": "https://cdn.yesterdays.maprva.org/images/6578/original.jpg", "img_entry": "https://yesterdays.maprva.org/6578/", "date": "4/1/1956", "start": 1956, "end": 1956, "eras": [3], "direction": 95, "subjects": null}}, {"type": "Feature", "geometry": {"type": "Point", "coordinates": [-77.439676, 37.546976]}, "properties": {"fid": 821, "img_url": "https://cdn.yesterdays.maprva.org/images/6592/original.jpg", "img_entry": "https://yesterdays.maprva.org/6592/", "date": "7/1957", "start": 1957, "end": 1957, "eras": [3], "direction": 65, "subjects": ["Q859281"]}}, {"type": "Feature", "geometry": {"type": "Point", "coordinates": [-77.438127, 37.545961]}, "properties": {"fid": 822, "img_url": "https://cdn.yesterdays.maprva.org/images/6598/original.jpg", "img_entry": "https://yesterdays.maprva.org/6598/", "date": "12/1955", "start": 1955, "end": 1955, "eras": [3], "direction": 20, "subjects": null}}, {"type": "Feature", "geometry": {"type": "Point", "coordinates": [-77.438025, 37.546091]}, "properties": {"fid": 823, "img_url": "https://cdn.yesterdays.maprva.org/images/6601/original.jpg", "img_entry": "https://yesterdays.maprva.org/6601/", "date": "5/1955", "start": 1955, "end": 1955, "eras": [3], "direction": 37, "subjects": null}}, {"type": "Feature", "geometry": {"type": "Point", "coordinates": [-77.438336, 37.546074]}, "properties": {"fid": 824, "img_url": "https://cdn.yesterdays.maprva.org/images/6599/original.jpg", "img_entry": "https://yesterdays.maprva.org/6599/", "date": "12/1955", "start": 1955, "end": 1955, "eras": [3], "direction": 64, "subjects": null}}, {"type": "Feature", "geometry": {"type": "Point", "coordinates": [-77.437392, 37.545531]}, "properties": {"fid": 825, "img_url": "https://cdn.yesterdays.maprva.org/images/6604/original.jpg", "img_entry": "https://yesterdays.maprva.org/6604/", "date": "3/1956", "start": 1956, "end": 1956, "eras": [3], "direction": 51, "subjects": null}}, {"type": "Feature", "geometry": {"type": "Point", "coordinates": [-77.437582, 37.545634]}, "properties": {"fid": 826, "img_url": "https://cdn.yesterdays.maprva.org/images/6605/original.jpg", "img_entry": "https://yesterdays.maprva.org/6605/", "date": "8/1955", "start": 1955, "end": 1955, "eras": [3], "direction": 155, "subjects": null}}, {"type": "Feature", "geometry": {"type": "Point", "coordinates": [-77.437193, 37.545499]}, "properties": {"fid": 827, "img_url": "https://cdn.yesterdays.maprva.org/images/6607/original.jpg", "img_entry": "https://yesterdays.maprva.org/6607/", "date": "3/1956", "start": 1956, "end": 1956, "eras": [3], "direction": 42, "subjects": null}}, {"type": "Feature", "geometry": {"type": "Point", "coordinates": [-77.436424, 37.545225]}, "properties": {"fid": 828, "img_url": "https://cdn.yesterdays.maprva.org/images/6611/original.jpg", "img_entry": "https://yesterdays.maprva.org/6611/", "date": "3/1956", "start": 1956, "end": 1956, "eras": [3], "direction": 76, "subjects": null}}, {"type": "Feature", "geometry": {"type": "Point", "coordinates": [-77.436682, 37.545104]}, "properties": {"fid": 829, "img_url": "https://cdn.yesterdays.maprva.org/images/6612/original.jpg", "img_entry": "https://yesterdays.maprva.org/6612/", "date": "11/1971", "start": 1971, "end": 1971, "eras": [4], "direction": 99, "subjects": ["Q4394998"]}}, {"type": "Feature", "geometry": {"type": "Point", "coordinates": [-77.440162, 37.547356]}, "properties": {"fid": 830, "img_url": "https://cdn.yesterdays.maprva.org/images/6652/original.jpg", "img_entry": "https://yesterdays.maprva.org/6652/", "date": "7/1957", "start": 1957, "end": 1957, "eras": [3], "direction": 243, "subjects": ["Q136677552"]}}, {"type": "Feature", "geometry": {"type": "Point", "coordinates": [-77.440558, 37.547405]}, "properties": {"fid": 831, "img_url": "https://cdn.yesterdays.maprva.org/images/6655/original.jpg", "img_entry": "https://yesterdays.maprva.org/6655/", "date": "10/1978", "start": 1978, "end": 1978, "eras": [4], "direction": 233, "subjects": null}}, {"type": "Feature", "geometry": {"type": "Point", "coordinates": [-77.440617, 37.546883]}, "properties": {"fid": 832, "img_url": "https://cdn.yesterdays.maprva.org/images/6654/original.jpg", "img_entry": "https://yesterdays.maprva.org/6654/", "date": "12/1955", "start": 1955, "end": 1955, "eras": [3], "direction": 9, "subjects": ["Q136677552"]}}, {"type": "Feature", "geometry": {"type": "Point", "coordinates": [-77.436628, 37.545279]}, "properties": {"fid": 833, "img_url": "https://cdn.yesterdays.maprva.org/images/34333/original.jpg", "img_entry": "https://yesterdays.maprva.org/34333/", "date": "ca. 1978", "start": 1978, "end": 1978, "eras": [4], "direction": 259, "subjects": ["Q900557"]}}, {"type": "Feature", "geometry": {"type": "Point", "coordinates": [-77.438078, 37.546013]}, "properties": {"fid": 834, "img_url": "https://cdn.yesterdays.maprva.org/images/34434/original.jpg", "img_entry": "https://yesterdays.maprva.org/34434/", "date": "ca. 1978", "start": 1978, "end": 1978, "eras": [4], "direction": 240, "subjects": null}}, {"type": "Feature", "geometry": {"type": "Point", "coordinates": [-77.439616, 37.548176]}, "properties": {"fid": 835, "img_url": "https://cdn.yesterdays.maprva.org/images/34710/original.jpg", "img_entry": "https://yesterdays.maprva.org/34710/", "date": "ca. 1978", "start": 1978, "end": 1978, "eras": [4], "direction": 324, "subjects": null}}, {"type": "Feature", "geometry": {"type": "Point", "coordinates": [-77.437773, 37.547121]}, "properties": {"fid": 836, "img_url": "https://cdn.yesterdays.maprva.org/images/34769/original.jpg", "img_entry": "https://yesterdays.maprva.org/34769/", "date": "ca. 1978", "start": 1978, "end": 1978, "eras": [4], "direction": 158, "subjects": null}}, {"type": "Feature", "geometry": {"type": "Point", "coordinates": [-77.436232, 37.548725]}, "properties": {"fid": 837, "img_url": "https://cdn.yesterdays.maprva.org/images/34794/original.jpg", "img_entry": "https://yesterdays.maprva.org/34794/", "date": "ca. 1978", "start": 1978, "end": 1978, "eras": [4], "direction": 101, "subjects": null}}, {"type": "Feature", "geometry": {"type": "Point", "coordinates": [-77.438276, 37.543706]}, "properties": {"fid": 838, "img_url": "https://cdn.yesterdays.maprva.org/images/7970/original.jpg", "img_entry": "https://yesterdays.maprva.org/7970/", "date": "2004", "start": 2004, "end": 2004, "eras": [5], "direction": 127, "subjects": null}}, {"type": "Feature", "geometry": {"type": "Point", "coordinates": [-77.436044, 37.547462]}, "properties": {"fid": 839, "img_url": "https://cdn.yesterdays.maprva.org/images/34808/original.jpg", "img_entry": "https://yesterdays.maprva.org/34808/", "date": "ca. 1978", "start": 1978, "end": 1978, "eras": [4], "direction": 336, "subjects": ["Q136417397"]}}, {"type": "Feature", "geometry": {"type": "Point", "coordinates": [-77.436221, 37.547322]}, "properties": {"fid": 840, "img_url": "https://cdn.yesterdays.maprva.org/images/34812/original.jpg", "img_entry": "https://yesterdays.maprva.org/34812/", "date": "ca. 1978", "start": 1978, "end": 1978, "eras": [4], "direction": 102, "subjects": null}}, {"type": "Feature", "geometry": {"type": "Point", "coordinates": [-77.438463, 37.544789]}, "properties": {"fid": 841, "img_url": "https://cdn.yesterdays.maprva.org/images/34891/original.jpg", "img_entry": "https://yesterdays.maprva.org/34891/", "date": "Circa 1925", "start": 1925, "end": 1925, "eras": [1], "direction": 1, "subjects": null}}, {"type": "Feature", "geometry": {"type": "Point", "coordinates": [-77.434386, 37.547622]}, "properties": {"fid": 842, "img_url": "https://cdn.yesterdays.maprva.org/images/34838/original.jpg", "img_entry": "https://yesterdays.maprva.org/34838/", "date": "ca. 1978", "start": 1978, "end": 1978, "eras": [4], "direction": 322, "subjects": null}}, {"type": "Feature", "geometry": {"type": "Point", "coordinates": [-77.434338, 37.547739]}, "properties": {"fid": 843, "img_url": "https://cdn.yesterdays.maprva.org/images/34839/original.jpg", "img_entry": "https://yesterdays.maprva.org/34839/", "date": "ca. 1978", "start": 1978, "end": 1978, "eras": [4], "direction": 326, "subjects": null}}, {"type": "Feature", "geometry": {"type": "Point", "coordinates": [-77.435132, 37.548512]}, "properties": {"fid": 844, "img_url": "https://cdn.yesterdays.maprva.org/images/8616/original.jpg", "img_entry": "https://yesterdays.maprva.org/8616/", "date": "1988-1989", "start": 1988, "end": 1989, "eras": [4], "direction": 303, "subjects": null}}, {"type": "Feature", "geometry": {"type": "Point", "coordinates": [-77.437927, 37.546792]}, "properties": {"fid": 845, "img_url": "https://cdn.yesterdays.maprva.org/images/8839/original.jpg", "img_entry": "https://yesterdays.maprva.org/8839/", "date": "3/6/2003", "start": 2003, "end": 2003, "eras": [5], "direction": 344, "subjects": null}}, {"type": "Feature", "geometry": {"type": "Point", "coordinates": [-77.437742, 37.546984]}, "properties": {"fid": 846, "img_url": "https://cdn.yesterdays.maprva.org/images/8916/original.jpg", "img_entry": "https://yesterdays.maprva.org/8916/", "date": "3/6/2003", "start": 2003, "end": 2003, "eras": [5], "direction": 326, "subjects": null}}, {"type": "Feature", "geometry": {"type": "Point", "coordinates": [-77.432252, 37.551833]}, "properties": {"fid": 847, "img_url": "https://cdn.yesterdays.maprva.org/images/15048/original.jpg", "img_entry": "https://yesterdays.maprva.org/15048/", "date": "1880-1920", "start": 1880, "end": 1920, "eras": [0, 1], "direction": 267, "subjects": ["Q3959678"]}}, {"type": "Feature", "geometry": {"type": "Point", "coordinates": [-77.440051, 37.54722]}, "properties": {"fid": 848, "img_url": "https://cdn.yesterdays.maprva.org/images/34403/original.jpg", "img_entry": "https://yesterdays.maprva.org/34403/", "date": "ca. 1978", "start": 1978, "end": 1978, "eras": [4], "direction": 17, "subjects": ["Q900557"]}}, {"type": "Feature", "geometry": {"type": "Point", "coordinates": [-77.440073, 37.547224]}, "properties": {"fid": 849, "img_url": "https://cdn.yesterdays.maprva.org/images/34404/original.jpg", "img_entry": "https://yesterdays.maprva.org/34404/", "date": "ca. 1978", "start": 1978, "end": 1978, "eras": [4], "direction": 60, "subjects": ["Q900557"]}}, {"type": "Feature", "geometry": {"type": "Point", "coordinates": [-77.43295, 37.549601]}, "properties": {"fid": 850, "img_url": "https://cdn.yesterdays.maprva.org/images/5012/original.jpg", "img_entry": "https://yesterdays.maprva.org/5012/", "date": "1/1956", "start": 1956, "end": 1956, "eras": [3], "direction": 7, "subjects": null}}, {"type": "Feature", "geometry": {"type": "Point", "coordinates": [-77.439738, 37.547002]}, "properties": {"fid": 851, "img_url": "https://cdn.yesterdays.maprva.org/images/34408/original.jpg", "img_entry": "https://yesterdays.maprva.org/34408/", "date": "ca. 1978", "start": 1978, "end": 1978, "eras": [4], "direction": 46, "subjects": ["Q900557"]}}, {"type": "Feature", "geometry": {"type": "Point", "coordinates": [-77.440181, 37.547305]}, "properties": {"fid": 852, "img_url": "https://cdn.yesterdays.maprva.org/images/34410/original.jpg", "img_entry": "https://yesterdays.maprva.org/34410/", "date": "ca. 1978", "start": 1978, "end": 1978, "eras": [4], "direction": 252, "subjects": null}}, {"type": "Feature", "geometry": {"type": "Point", "coordinates": [-77.439881, 37.544963]}, "properties": {"fid": 853, "img_url": "https://cdn.yesterdays.maprva.org/images/8498/original.jpg", "img_entry": "https://yesterdays.maprva.org/8498/", "date": "1988-1989", "start": 1988, "end": 1989, "eras": [4], "direction": 124, "subjects": null}}, {"type": "Feature", "geometry": {"type": "Point", "coordinates": [-77.440687, 37.547501]}, "properties": {"fid": 854, "img_url": "https://cdn.yesterdays.maprva.org/images/8623/original.jpg", "img_entry": "https://yesterdays.maprva.org/8623/", "date": "1988-1989", "start": 1988, "end": 1989, "eras": [4], "direction": 223, "subjects": null}}, {"type": "Feature", "geometry": {"type": "Point", "coordinates": [-77.438142, 37.547779]}, "properties": {"fid": 855, "img_url": "https://cdn.yesterdays.maprva.org/images/8618/original.jpg", "img_entry": "https://yesterdays.maprva.org/8618/", "date": "1988-1989", "start": 1988, "end": 1989, "eras": [4], "direction": 254, "subjects": null}}, {"type": "Feature", "geometry": {"type": "Point", "coordinates": [-77.438549, 37.549931]}, "properties": {"fid": 856, "img_url": "https://cdn.yesterdays.maprva.org/images/8629/original.jpg", "img_entry": "https://yesterdays.maprva.org/8629/", "date": "1988-1989", "start": 1988, "end": 1989, "eras": [4], "direction": 305, "subjects": null}}, {"type": "Feature", "geometry": {"type": "Point", "coordinates": [-77.439841, 37.547079]}, "properties": {"fid": 857, "img_url": "https://cdn.yesterdays.maprva.org/images/34414/original.jpg", "img_entry": "https://yesterdays.maprva.org/34414/", "date": "ca. 1978", "start": 1978, "end": 1978, "eras": [4], "direction": 253, "subjects": ["Q900557"]}}, {"type": "Feature", "geometry": {"type": "Point", "coordinates": [-77.439795, 37.546999]}, "properties": {"fid": 858, "img_url": "https://cdn.yesterdays.maprva.org/images/34416/original.jpg", "img_entry": "https://yesterdays.maprva.org/34416/", "date": "ca. 1978", "start": 1978, "end": 1978, "eras": [4], "direction": 219, "subjects": ["Q900557"]}}, {"type": "Feature", "geometry": {"type": "Point", "coordinates": [-77.43974, 37.547022]}, "properties": {"fid": 859, "img_url": "https://cdn.yesterdays.maprva.org/images/34417/original.jpg", "img_entry": "https://yesterdays.maprva.org/34417/", "date": "ca. 1978", "start": 1978, "end": 1978, "eras": [4], "direction": 206, "subjects": ["Q900557"]}}, {"type": "Feature", "geometry": {"type": "Point", "coordinates": [-77.439575, 37.54692]}, "properties": {"fid": 860, "img_url": "https://cdn.yesterdays.maprva.org/images/34418/original.jpg", "img_entry": "https://yesterdays.maprva.org/34418/", "date": "ca. 1978", "start": 1978, "end": 1978, "eras": [4], "direction": 246, "subjects": ["Q900557"]}}, {"type": "Feature", "geometry": {"type": "Point", "coordinates": [-77.437352, 37.550227]}, "properties": {"fid": 861, "img_url": "https://cdn.yesterdays.maprva.org/images/9071/original.jpg", "img_entry": "https://yesterdays.maprva.org/9071/", "date": "3/11/2003", "start": 2003, "end": 2003, "eras": [5], "direction": 25, "subjects": ["Q16900575"]}}, {"type": "Feature", "geometry": {"type": "Point", "coordinates": [-77.440168, 37.544754]}, "properties": {"fid": 862, "img_url": "https://cdn.yesterdays.maprva.org/images/8514/original.jpg", "img_entry": "https://yesterdays.maprva.org/8514/", "date": "1988-1989", "start": 1988, "end": 1989, "eras": [4], "direction": 182, "subjects": null}}, {"type": "Feature", "geometry": {"type": "Point", "coordinates": [-77.440038, 37.547208]}, "properties": {"fid": 863, "img_url": "https://cdn.yesterdays.maprva.org/images/8606/original.jpg", "img_entry": "https://yesterdays.maprva.org/8606/", "date": "1988-1989", "start": 1988, "end": 1989, "eras": [4], "direction": 43, "subjects": null}}, {"type": "Feature", "geometry": {"type": "Point", "coordinates": [-77.439819, 37.546984]}, "properties": {"fid": 864, "img_url": "https://cdn.yesterdays.maprva.org/images/8607/original.jpg", "img_entry": "https://yesterdays.maprva.org/8607/", "date": "1988-1989", "start": 1988, "end": 1989, "eras": [4], "direction": 230, "subjects": null}}, {"type": "Feature", "geometry": {"type": "Point", "coordinates": [-77.436177, 37.548765]}, "properties": {"fid": 865, "img_url": "https://cdn.yesterdays.maprva.org/images/8615/original.jpg", "img_entry": "https://yesterdays.maprva.org/8615/", "date": "1988-1989", "start": 1988, "end": 1989, "eras": [4], "direction": 129, "subjects": null}}, {"type": "Feature", "geometry": {"type": "Point", "coordinates": [-77.437643, 37.545647]}, "properties": {"fid": 866, "img_url": "https://cdn.yesterdays.maprva.org/images/34431/original.jpg", "img_entry": "https://yesterdays.maprva.org/34431/", "date": "ca. 1978", "start": 1978, "end": 1978, "eras": [4], "direction": 353, "subjects": null}}, {"type": "Feature", "geometry": {"type": "Point", "coordinates": [-77.437954, 37.545951]}, "properties": {"fid": 867, "img_url": "https://cdn.yesterdays.maprva.org/images/34435/original.jpg", "img_entry": "https://yesterdays.maprva.org/34435/", "date": "ca. 1978", "start": 1978, "end": 1978, "eras": [4], "direction": 244, "subjects": ["Q900557"]}}, {"type": "Feature", "geometry": {"type": "Point", "coordinates": [-77.436839, 37.545319]}, "properties": {"fid": 868, "img_url": "https://cdn.yesterdays.maprva.org/images/34444/original.jpg", "img_entry": "https://yesterdays.maprva.org/34444/", "date": "ca. 1978", "start": 1978, "end": 1978, "eras": [4], "direction": 239, "subjects": null}}, {"type": "Feature", "geometry": {"type": "Point", "coordinates": [-77.437025, 37.546367]}, "properties": {"fid": 869, "img_url": "https://cdn.yesterdays.maprva.org/images/34800/original.jpg", "img_entry": "https://yesterdays.maprva.org/34800/", "date": "ca. 1978", "start": 1978, "end": 1978, "eras": [4], "direction": 257, "subjects": null}}, {"type": "Feature", "geometry": {"type": "Point", "coordinates": [-77.434368, 37.550587]}, "properties": {"fid": 870, "img_url": "https://cdn.yesterdays.maprva.org/images/5258/original.jpg", "img_entry": "https://yesterdays.maprva.org/5258/", "date": "12/1955", "start": 1955, "end": 1955, "eras": [3], "direction": 303, "subjects": null}}, {"type": "Feature", "geometry": {"type": "Point", "coordinates": [-77.436906, 37.546375]}, "properties": {"fid": 871, "img_url": "https://cdn.yesterdays.maprva.org/images/5322/original.jpg", "img_entry": "https://yesterdays.maprva.org/5322/", "date": "7/1956", "start": 1956, "end": 1956, "eras": [3], "direction": 277, "subjects": null}}, {"type": "Feature", "geometry": {"type": "Point", "coordinates": [-77.436032, 37.547504]}, "properties": {"fid": 872, "img_url": "https://cdn.yesterdays.maprva.org/images/5330/original.jpg", "img_entry": "https://yesterdays.maprva.org/5330/", "date": "1/1956", "start": 1956, "end": 1956, "eras": [3], "direction": 331, "subjects": ["Q136417397"]}}, {"type": "Feature", "geometry": {"type": "Point", "coordinates": [-77.435971, 37.547536]}, "properties": {"fid": 873, "img_url": "https://cdn.yesterdays.maprva.org/images/5331/original.jpg", "img_entry": "https://yesterdays.maprva.org/5331/", "date": "1/1956", "start": 1956, "end": 1956, "eras": [3], "direction": 285, "subjects": ["Q136417397"]}}, {"type": "Feature", "geometry": {"type": "Point", "coordinates": [-77.436982, 37.547174]}, "properties": {"fid": 874, "img_url": "https://cdn.yesterdays.maprva.org/images/34560/original.jpg", "img_entry": "https://yesterdays.maprva.org/34560/", "date": "ca. 1978", "start": 1978, "end": 1978, "eras": [4], "direction": 184, "subjects": null}}, {"type": "Feature", "geometry": {"type": "Point", "coordinates": [-77.437939, 37.550197]}, "properties": {"fid": 875, "img_url": "https://cdn.yesterdays.maprva.org/images/34651/original.jpg", "img_entry": "https://yesterdays.maprva.org/34651/", "date": "ca. 1978", "start": 1978, "end": 1978, "eras": [4], "direction": 154, "subjects": null}}, {"type": "Feature", "geometry": {"type": "Point", "coordinates": [-77.439283, 37.544129]}, "properties": {"fid": 876, "img_url": "https://cdn.yesterdays.maprva.org/images/14360/original.tiff", "img_entry": "https://yesterdays.maprva.org/14360/", "date": "ca. 1918", "start": 1918, "end": 1918, "eras": [1], "direction": 179, "subjects": null}}, {"type": "Feature", "geometry": {"type": "Point", "coordinates": [-77.439805, 37.546481]}, "properties": {"fid": 877, "img_url": "https://cdn.yesterdays.maprva.org/images/34722/original.jpg", "img_entry": "https://yesterdays.maprva.org/34722/", "date": "ca. 1978", "start": 1978, "end": 1978, "eras": [4], "direction": 93, "subjects": null}}, {"type": "Feature", "geometry": {"type": "Point", "coordinates": [-77.435703, 37.546363]}, "properties": {"fid": 878, "img_url": "https://cdn.yesterdays.maprva.org/images/822/original.tiff", "img_entry": "https://yesterdays.maprva.org/822/", "date": "1965", "start": 1965, "end": 1965, "eras": [4], "direction": 152, "subjects": null}}, {"type": "Feature", "geometry": {"type": "Point", "coordinates": [-77.435579, 37.546489]}, "properties": {"fid": 879, "img_url": "https://cdn.yesterdays.maprva.org/images/823/original.tiff", "img_entry": "https://yesterdays.maprva.org/823/", "date": "1965", "start": 1965, "end": 1965, "eras": [4], "direction": 170, "subjects": null}}, {"type": "Feature", "geometry": {"type": "Point", "coordinates": [-77.431621, 37.552561]}, "properties": {"fid": 880, "img_url": "https://cdn.yesterdays.maprva.org/images/6332/original.jpg", "img_entry": "https://yesterdays.maprva.org/6332/", "date": "8/1955", "start": 1955, "end": 1955, "eras": [3], "direction": 65, "subjects": ["Q3959678", "Q16159645"]}}, {"type": "Feature", "geometry": {"type": "Point", "coordinates": [-77.432912, 37.55007]}, "properties": {"fid": 881, "img_url": "https://cdn.yesterdays.maprva.org/images/770/original.tiff", "img_entry": "https://yesterdays.maprva.org/770/", "date": "1965", "start": 1965, "end": 1965, "eras": [4], "direction": 8, "subjects": null}}, {"type": "Feature", "geometry": {"type": "Point", "coordinates": [-77.440288, 37.547487]}, "properties": {"fid": 882, "img_url": "https://cdn.yesterdays.maprva.org/images/258/original.tiff", "img_entry": "https://yesterdays.maprva.org/258/", "date": "1965", "start": 1965, "end": 1965, "eras": [4], "direction": 280, "subjects": null}}, {"type": "Feature", "geometry": {"type": "Point", "coordinates": [-77.435262, 37.546143]}, "properties": {"fid": 883, "img_url": "https://cdn.yesterdays.maprva.org/images/824/original.tiff", "img_entry": "https://yesterdays.maprva.org/824/", "date": "1965", "start": 1965, "end": 1965, "eras": [4], "direction": 52, "subjects": null}}, {"type": "Feature", "geometry": {"type": "Point", "coordinates": [-77.431763, 37.551269]}, "properties": {"fid": 884, "img_url": "https://cdn.yesterdays.maprva.org/images/234/original.tiff", "img_entry": "https://yesterdays.maprva.org/234/", "date": "1965", "start": 1965, "end": 1965, "eras": [4], "direction": 231, "subjects": ["Q3959678"]}}, {"type": "Feature", "geometry": {"type": "Point", "coordinates": [-77.440578, 37.547611]}, "properties": {"fid": 885, "img_url": "https://cdn.yesterdays.maprva.org/images/257/original.tiff", "img_entry": "https://yesterdays.maprva.org/257/", "date": "1965", "start": 1965, "end": 1965, "eras": [4], "direction": 327, "subjects": null}}, {"type": "Feature", "geometry": {"type": "Point", "coordinates": [-77.438222, 37.547997]}, "properties": {"fid": 886, "img_url": "https://cdn.yesterdays.maprva.org/images/818/original.tiff", "img_entry": "https://yesterdays.maprva.org/818/", "date": "1965", "start": 1965, "end": 1965, "eras": [4], "direction": 252, "subjects": null}}, {"type": "Feature", "geometry": {"type": "Point", "coordinates": [-77.437746, 37.54455]}, "properties": {"fid": 887, "img_url": "https://cdn.yesterdays.maprva.org/images/1489/original.jpg", "img_entry": "https://yesterdays.maprva.org/1489/", "date": "9/1961", "start": 1961, "end": 1961, "eras": [3], "direction": 19, "subjects": ["Q139466429"]}}, {"type": "Feature", "geometry": {"type": "Point", "coordinates": [-77.441117, 37.546478]}, "properties": {"fid": 888, "img_url": "https://cdn.yesterdays.maprva.org/images/34342/original.jpg", "img_entry": "https://yesterdays.maprva.org/34342/", "date": "ca. 1978", "start": 1978, "end": 1978, "eras": [4], "direction": 217, "subjects": ["Q900557"]}}, {"type": "Feature", "geometry": {"type": "Point", "coordinates": [-77.436007, 37.547485]}, "properties": {"fid": 889, "img_url": "https://cdn.yesterdays.maprva.org/images/34815/original.jpg", "img_entry": "https://yesterdays.maprva.org/34815/", "date": "ca. 1978", "start": 1978, "end": 1978, "eras": [4], "direction": 121, "subjects": null}}, {"type": "Feature", "geometry": {"type": "Point", "coordinates": [-77.441108, 37.546466]}, "properties": {"fid": 890, "img_url": "https://cdn.yesterdays.maprva.org/images/34340/original.jpg", "img_entry": "https://yesterdays.maprva.org/34340/", "date": "ca. 1978", "start": 1978, "end": 1978, "eras": [4], "direction": 190, "subjects": ["Q900557"]}}, {"type": "Feature", "geometry": {"type": "Point", "coordinates": [-77.440577, 37.547503]}, "properties": {"fid": 891, "img_url": "https://cdn.yesterdays.maprva.org/images/34455/original.jpg", "img_entry": "https://yesterdays.maprva.org/34455/", "date": "ca. 1978", "start": 1978, "end": 1978, "eras": [4], "direction": 255, "subjects": ["Q900557"]}}, {"type": "Feature", "geometry": {"type": "Point", "coordinates": [-77.440766, 37.547637]}, "properties": {"fid": 892, "img_url": "https://cdn.yesterdays.maprva.org/images/34457/original.jpg", "img_entry": "https://yesterdays.maprva.org/34457/", "date": "ca. 1978", "start": 1978, "end": 1978, "eras": [4], "direction": 246, "subjects": ["Q900557"]}}, {"type": "Feature", "geometry": {"type": "Point", "coordinates": [-77.433009, 37.550546]}, "properties": {"fid": 893, "img_url": "https://cdn.yesterdays.maprva.org/images/6335/original.jpg", "img_entry": "https://yesterdays.maprva.org/6335/", "date": "12/1956", "start": 1956, "end": 1956, "eras": [3], "direction": 37, "subjects": ["Q3959678"]}}, {"type": "Feature", "geometry": {"type": "Point", "coordinates": [-77.432932, 37.550721]}, "properties": {"fid": 894, "img_url": "https://cdn.yesterdays.maprva.org/images/6334/original.jpg", "img_entry": "https://yesterdays.maprva.org/6334/", "date": "7/1956", "start": 1956, "end": 1956, "eras": [3], "direction": 360, "subjects": ["Q3959678"]}}, {"type": "Feature", "geometry": {"type": "Point", "coordinates": [-77.437283, 37.548965]}, "properties": {"fid": 895, "img_url": "https://cdn.yesterdays.maprva.org/images/22948/original.jpg", "img_entry": "https://yesterdays.maprva.org/22948/", "date": "[1940..2000]", "start": 1940, "end": 2000, "eras": [2, 3, 4, 5], "direction": 110, "subjects": null}}, {"type": "Feature", "geometry": {"type": "Point", "coordinates": [-77.437288, 37.548961]}, "properties": {"fid": 896, "img_url": "https://cdn.yesterdays.maprva.org/images/22949/original.jpg", "img_entry": "https://yesterdays.maprva.org/22949/", "date": "[1940..2000]", "start": 1940, "end": 2000, "eras": [2, 3, 4, 5], "direction": 145, "subjects": null}}, {"type": "Feature", "geometry": {"type": "Point", "coordinates": [-77.435908, 37.548988]}, "properties": {"fid": 897, "img_url": "https://cdn.yesterdays.maprva.org/images/22959/original.jpg", "img_entry": "https://yesterdays.maprva.org/22959/", "date": "[1940..2000]", "start": 1940, "end": 2000, "eras": [2, 3, 4, 5], "direction": 37, "subjects": null}}, {"type": "Feature", "geometry": {"type": "Point", "coordinates": [-77.439469, 37.546652]}, "properties": {"fid": 898, "img_url": "https://cdn.yesterdays.maprva.org/images/6574/original.jpg", "img_entry": "https://yesterdays.maprva.org/6574/", "date": "10/1973", "start": 1973, "end": 1973, "eras": [4], "direction": 1, "subjects": null}}, {"type": "Feature", "geometry": {"type": "Point", "coordinates": [-77.438139, 37.547865]}, "properties": {"fid": 899, "img_url": "https://cdn.yesterdays.maprva.org/images/34541/original.jpg", "img_entry": "https://yesterdays.maprva.org/34541/", "date": "ca. 1978", "start": 1978, "end": 1978, "eras": [4], "direction": 37, "subjects": null}}, {"type": "Feature", "geometry": {"type": "Point", "coordinates": [-77.437499, 37.54873]}, "properties": {"fid": 900, "img_url": "https://cdn.yesterdays.maprva.org/images/4388/original.jpg", "img_entry": "https://yesterdays.maprva.org/4388/", "date": "8/1955", "start": 1955, "end": 1955, "eras": [3], "direction": 330, "subjects": null}}, {"type": "Feature", "geometry": {"type": "Point", "coordinates": [-77.439242, 37.54861]}, "properties": {"fid": 901, "img_url": "https://cdn.yesterdays.maprva.org/images/34579/original.jpg", "img_entry": "https://yesterdays.maprva.org/34579/", "date": "ca. 1978", "start": 1978, "end": 1978, "eras": [4], "direction": 240, "subjects": null}}, {"type": "Feature", "geometry": {"type": "Point", "coordinates": [-77.436992, 37.549905]}, "properties": {"fid": 902, "img_url": "https://cdn.yesterdays.maprva.org/images/6774/original.jpg", "img_entry": "https://yesterdays.maprva.org/6774/", "date": "3/1956", "start": 1956, "end": 1956, "eras": [3], "direction": 238, "subjects": null}}, {"type": "Feature", "geometry": {"type": "Point", "coordinates": [-77.437834, 37.548992]}, "properties": {"fid": 903, "img_url": "https://cdn.yesterdays.maprva.org/images/34621/original.jpg", "img_entry": "https://yesterdays.maprva.org/34621/", "date": "ca. 1978", "start": 1978, "end": 1978, "eras": [4], "direction": 86, "subjects": null}}, {"type": "Feature", "geometry": {"type": "Point", "coordinates": [-77.433059, 37.550169]}, "properties": {"fid": 904, "img_url": "https://cdn.yesterdays.maprva.org/images/5005/original.jpg", "img_entry": "https://yesterdays.maprva.org/5005/", "date": "10/1970", "start": 1970, "end": 1970, "eras": [4], "direction": 73, "subjects": null}}, {"type": "Feature", "geometry": {"type": "Point", "coordinates": [-77.434874, 37.553195]}, "properties": {"fid": 905, "img_url": "https://cdn.yesterdays.maprva.org/images/5058/original.jpg", "img_entry": "https://yesterdays.maprva.org/5058/", "date": "4/1956", "start": 1956, "end": 1956, "eras": [3], "direction": 86, "subjects": null}}, {"type": "Feature", "geometry": {"type": "Point", "coordinates": [-77.43707, 37.549954]}, "properties": {"fid": 906, "img_url": "https://cdn.yesterdays.maprva.org/images/34648/original.jpg", "img_entry": "https://yesterdays.maprva.org/34648/", "date": "ca. 1978", "start": 1978, "end": 1978, "eras": [4], "direction": 264, "subjects": null}}, {"type": "Feature", "geometry": {"type": "Point", "coordinates": [-77.438037, 37.548416]}, "properties": {"fid": 907, "img_url": "https://cdn.yesterdays.maprva.org/images/5192/original.jpg", "img_entry": "https://yesterdays.maprva.org/5192/", "date": "10/1978", "start": 1978, "end": 1978, "eras": [4], "direction": 360, "subjects": ["Q900557"]}}, {"type": "Feature", "geometry": {"type": "Point", "coordinates": [-77.434896, 37.550241]}, "properties": {"fid": 908, "img_url": "https://cdn.yesterdays.maprva.org/images/5251/original.jpg", "img_entry": "https://yesterdays.maprva.org/5251/", "date": "1/1956", "start": 1956, "end": 1956, "eras": [3], "direction": 82, "subjects": null}}, {"type": "Feature", "geometry": {"type": "Point", "coordinates": [-77.437173, 37.546342]}, "properties": {"fid": 909, "img_url": "https://cdn.yesterdays.maprva.org/images/5324/original.jpg", "img_entry": "https://yesterdays.maprva.org/5324/", "date": "3/1956", "start": 1956, "end": 1956, "eras": [3], "direction": 74, "subjects": ["Q900557"]}}, {"type": "Feature", "geometry": {"type": "Point", "coordinates": [-77.438231, 37.543436]}, "properties": {"fid": 910, "img_url": "https://cdn.yesterdays.maprva.org/images/23751/original.jpg", "img_entry": "https://yesterdays.maprva.org/23751/", "date": "[1940..2000]", "start": 1940, "end": 2000, "eras": [2, 3, 4, 5], "direction": 280, "subjects": null}}, {"type": "Feature", "geometry": {"type": "Point", "coordinates": [-77.431369, 37.552945]}, "properties": {"fid": 911, "img_url": "https://cdn.yesterdays.maprva.org/images/23849/original.jpg", "img_entry": "https://yesterdays.maprva.org/23849/", "date": "April 1998", "start": 1998, "end": 1998, "eras": [4], "direction": 97, "subjects": ["Q16159645"]}}, {"type": "Feature", "geometry": {"type": "Point", "coordinates": [-77.439928, 37.547758]}, "properties": {"fid": 912, "img_url": "https://cdn.yesterdays.maprva.org/images/34705/original.jpg", "img_entry": "https://yesterdays.maprva.org/34705/", "date": "ca. 1978", "start": 1978, "end": 1978, "eras": [4], "direction": 271, "subjects": null}}, {"type": "Feature", "geometry": {"type": "Point", "coordinates": [-77.439747, 37.548023]}, "properties": {"fid": 913, "img_url": "https://cdn.yesterdays.maprva.org/images/34709/original.jpg", "img_entry": "https://yesterdays.maprva.org/34709/", "date": "ca. 1978", "start": 1978, "end": 1978, "eras": [4], "direction": 346, "subjects": null}}, {"type": "Feature", "geometry": {"type": "Point", "coordinates": [-77.435961, 37.547537]}, "properties": {"fid": 914, "img_url": "https://cdn.yesterdays.maprva.org/images/8079/original.jpg", "img_entry": "https://yesterdays.maprva.org/8079/", "date": "2004", "start": 2004, "end": 2004, "eras": [5], "direction": 87, "subjects": ["Q136417397"]}}, {"type": "Feature", "geometry": {"type": "Point", "coordinates": [-77.435851, 37.547527]}, "properties": {"fid": 915, "img_url": "https://cdn.yesterdays.maprva.org/images/8097/original.jpg", "img_entry": "https://yesterdays.maprva.org/8097/", "date": "2004", "start": 2004, "end": 2004, "eras": [5], "direction": 40, "subjects": ["Q136417397"]}}, {"type": "Feature", "geometry": {"type": "Point", "coordinates": [-77.437143, 37.545572]}, "properties": {"fid": 916, "img_url": "https://cdn.yesterdays.maprva.org/images/6606/original.jpg", "img_entry": "https://yesterdays.maprva.org/6606/", "date": "10/1978", "start": 1978, "end": 1978, "eras": [4], "direction": 19, "subjects": null}}, {"type": "Feature", "geometry": {"type": "Point", "coordinates": [-77.437746, 37.548681]}, "properties": {"fid": 917, "img_url": "https://cdn.yesterdays.maprva.org/images/34743/original.jpg", "img_entry": "https://yesterdays.maprva.org/34743/", "date": "ca. 1978", "start": 1978, "end": 1978, "eras": [4], "direction": 347, "subjects": null}}, {"type": "Feature", "geometry": {"type": "Point", "coordinates": [-77.436817, 37.549537]}, "properties": {"fid": 918, "img_url": "https://cdn.yesterdays.maprva.org/images/34755/original.jpg", "img_entry": "https://yesterdays.maprva.org/34755/", "date": "ca. 1978", "start": 1978, "end": 1978, "eras": [4], "direction": 292, "subjects": null}}, {"type": "Feature", "geometry": {"type": "Point", "coordinates": [-77.43678, 37.54958]}, "properties": {"fid": 919, "img_url": "https://cdn.yesterdays.maprva.org/images/34756/original.jpg", "img_entry": "https://yesterdays.maprva.org/34756/", "date": "ca. 1978", "start": 1978, "end": 1978, "eras": [4], "direction": 311, "subjects": null}}, {"type": "Feature", "geometry": {"type": "Point", "coordinates": [-77.437927, 37.546955]}, "properties": {"fid": 920, "img_url": "https://cdn.yesterdays.maprva.org/images/34758/original.jpg", "img_entry": "https://yesterdays.maprva.org/34758/", "date": "ca. 1978", "start": 1978, "end": 1978, "eras": [4], "direction": 288, "subjects": null}}, {"type": "Feature", "geometry": {"type": "Point", "coordinates": [-77.437789, 37.546995]}, "properties": {"fid": 921, "img_url": "https://cdn.yesterdays.maprva.org/images/34760/original.jpg", "img_entry": "https://yesterdays.maprva.org/34760/", "date": "ca. 1978", "start": 1978, "end": 1978, "eras": [4], "direction": 336, "subjects": null}}, {"type": "Feature", "geometry": {"type": "Point", "coordinates": [-77.438266, 37.546617]}, "properties": {"fid": 922, "img_url": "https://cdn.yesterdays.maprva.org/images/34764/original.jpg", "img_entry": "https://yesterdays.maprva.org/34764/", "date": "ca. 1978", "start": 1978, "end": 1978, "eras": [4], "direction": 110, "subjects": null}}, {"type": "Feature", "geometry": {"type": "Point", "coordinates": [-77.438109, 37.546721]}, "properties": {"fid": 923, "img_url": "https://cdn.yesterdays.maprva.org/images/34765/original.jpg", "img_entry": "https://yesterdays.maprva.org/34765/", "date": "ca. 1978", "start": 1978, "end": 1978, "eras": [4], "direction": 157, "subjects": null}}, {"type": "Feature", "geometry": {"type": "Point", "coordinates": [-77.438356, 37.543621]}, "properties": {"fid": 924, "img_url": "https://cdn.yesterdays.maprva.org/images/7962/original.jpg", "img_entry": "https://yesterdays.maprva.org/7962/", "date": "2004", "start": 2004, "end": 2004, "eras": [5], "direction": 181, "subjects": null}}, {"type": "Feature", "geometry": {"type": "Point", "coordinates": [-77.437992, 37.546894]}, "properties": {"fid": 925, "img_url": "https://cdn.yesterdays.maprva.org/images/34766/original.jpg", "img_entry": "https://yesterdays.maprva.org/34766/", "date": "ca. 1978", "start": 1978, "end": 1978, "eras": [4], "direction": 141, "subjects": null}}, {"type": "Feature", "geometry": {"type": "Point", "coordinates": [-77.437808, 37.547089]}, "properties": {"fid": 926, "img_url": "https://cdn.yesterdays.maprva.org/images/34768/original.jpg", "img_entry": "https://yesterdays.maprva.org/34768/", "date": "ca. 1978", "start": 1978, "end": 1978, "eras": [4], "direction": 168, "subjects": null}}, {"type": "Feature", "geometry": {"type": "Point", "coordinates": [-77.436152, 37.548764]}, "properties": {"fid": 927, "img_url": "https://cdn.yesterdays.maprva.org/images/34795/original.jpg", "img_entry": "https://yesterdays.maprva.org/34795/", "date": "ca. 1978", "start": 1978, "end": 1978, "eras": [4], "direction": 88, "subjects": null}}, {"type": "Feature", "geometry": {"type": "Point", "coordinates": [-77.435994, 37.548948]}, "properties": {"fid": 928, "img_url": "https://cdn.yesterdays.maprva.org/images/34798/original.jpg", "img_entry": "https://yesterdays.maprva.org/34798/", "date": "ca. 1978", "start": 1978, "end": 1978, "eras": [4], "direction": 116, "subjects": null}}, {"type": "Feature", "geometry": {"type": "Point", "coordinates": [-77.435882, 37.547607]}, "properties": {"fid": 929, "img_url": "https://cdn.yesterdays.maprva.org/images/34811/original.jpg", "img_entry": "https://yesterdays.maprva.org/34811/", "date": "ca. 1978", "start": 1978, "end": 1978, "eras": [4], "direction": 342, "subjects": null}}, {"type": "Feature", "geometry": {"type": "Point", "coordinates": [-77.44021, 37.547508]}, "properties": {"fid": 930, "img_url": "https://cdn.yesterdays.maprva.org/images/1466/original.jpg", "img_entry": "https://yesterdays.maprva.org/1466/", "date": "1941-1949", "start": 1941, "end": 1949, "eras": [2], "direction": 217, "subjects": ["Q136677552"]}}, {"type": "Feature", "geometry": {"type": "Point", "coordinates": [-77.434785, 37.548684]}, "properties": {"fid": 931, "img_url": "https://cdn.yesterdays.maprva.org/images/34829/original.jpg", "img_entry": "https://yesterdays.maprva.org/34829/", "date": "ca. 1978", "start": 1978, "end": 1978, "eras": [4], "direction": 67, "subjects": null}}, {"type": "Feature", "geometry": {"type": "Point", "coordinates": [-77.434595, 37.547366]}, "properties": {"fid": 932, "img_url": "https://cdn.yesterdays.maprva.org/images/34835/original.jpg", "img_entry": "https://yesterdays.maprva.org/34835/", "date": "ca. 1978", "start": 1978, "end": 1978, "eras": [4], "direction": 304, "subjects": null}}, {"type": "Feature", "geometry": {"type": "Point", "coordinates": [-77.435274, 37.546103]}, "properties": {"fid": 933, "img_url": "https://cdn.yesterdays.maprva.org/images/1622/original.jpg", "img_entry": "https://yesterdays.maprva.org/1622/", "date": "5/1967", "start": 1967, "end": 1967, "eras": [4], "direction": 302, "subjects": null}}, {"type": "Feature", "geometry": {"type": "Point", "coordinates": [-77.439931, 37.544555]}, "properties": {"fid": 934, "img_url": "https://cdn.yesterdays.maprva.org/images/8510/original.jpg", "img_entry": "https://yesterdays.maprva.org/8510/", "date": "1988-1989", "start": 1988, "end": 1989, "eras": [4], "direction": 38, "subjects": null}}, {"type": "Feature", "geometry": {"type": "Point", "coordinates": [-77.437167, 37.549983]}, "properties": {"fid": 935, "img_url": "https://cdn.yesterdays.maprva.org/images/6767/original.jpg", "img_entry": "https://yesterdays.maprva.org/6767/", "date": "1/1956", "start": 1956, "end": 1956, "eras": [3], "direction": 71, "subjects": null}}, {"type": "Feature", "geometry": {"type": "Point", "coordinates": [-77.43974, 37.548735]}, "properties": {"fid": 936, "img_url": "https://cdn.yesterdays.maprva.org/images/8624/original.jpg", "img_entry": "https://yesterdays.maprva.org/8624/", "date": "1988-1989", "start": 1988, "end": 1989, "eras": [4], "direction": 216, "subjects": null}}, {"type": "Feature", "geometry": {"type": "Point", "coordinates": [-77.438794, 37.549099]}, "properties": {"fid": 937, "img_url": "https://cdn.yesterdays.maprva.org/images/8637/original.jpg", "img_entry": "https://yesterdays.maprva.org/8637/", "date": "1988-1989", "start": 1988, "end": 1989, "eras": [4], "direction": 133, "subjects": null}}, {"type": "Feature", "geometry": {"type": "Point", "coordinates": [-77.439441, 37.548654]}, "properties": {"fid": 938, "img_url": "https://cdn.yesterdays.maprva.org/images/34258/original.jpg", "img_entry": "https://yesterdays.maprva.org/34258/", "date": "1975", "start": 1975, "end": 1975, "eras": [4], "direction": 225, "subjects": null}}, {"type": "Feature", "geometry": {"type": "Point", "coordinates": [-77.436688, 37.547475]}, "properties": {"fid": 939, "img_url": "https://cdn.yesterdays.maprva.org/images/4497/original.jpg", "img_entry": "https://yesterdays.maprva.org/4497/", "date": "12/1955", "start": 1955, "end": 1955, "eras": [3], "direction": 343, "subjects": null}}, {"type": "Feature", "geometry": {"type": "Point", "coordinates": [-77.436281, 37.547266]}, "properties": {"fid": 940, "img_url": "https://cdn.yesterdays.maprva.org/images/5340/original.jpg", "img_entry": "https://yesterdays.maprva.org/5340/", "date": "3/1956", "start": 1956, "end": 1956, "eras": [3], "direction": 74, "subjects": null}}, {"type": "Feature", "geometry": {"type": "Point", "coordinates": [-77.440366, 37.544878]}, "properties": {"fid": 941, "img_url": "https://cdn.yesterdays.maprva.org/images/7576/original.jpg", "img_entry": "https://yesterdays.maprva.org/7576/", "date": "2004", "start": 2004, "end": 2004, "eras": [5], "direction": 149, "subjects": ["Q5061482", "Q7561"]}}, {"type": "Feature", "geometry": {"type": "Point", "coordinates": [-77.436913, 37.545429]}, "properties": {"fid": 942, "img_url": "https://cdn.yesterdays.maprva.org/images/29659/original.jpg", "img_entry": "https://yesterdays.maprva.org/29659/", "date": "July 1994", "start": 1994, "end": 1994, "eras": [4], "direction": 216, "subjects": null}}, {"type": "Feature", "geometry": {"type": "Point", "coordinates": [-77.438531, 37.547877]}, "properties": {"fid": 943, "img_url": "https://cdn.yesterdays.maprva.org/images/277/original.tiff", "img_entry": "https://yesterdays.maprva.org/277/", "date": "1965", "start": 1965, "end": 1965, "eras": [4], "direction": 199, "subjects": null}}, {"type": "Feature", "geometry": {"type": "Point", "coordinates": [-77.438061, 37.546079]}, "properties": {"fid": 944, "img_url": "https://cdn.yesterdays.maprva.org/images/1478/original.jpg", "img_entry": "https://yesterdays.maprva.org/1478/", "date": "1950-1955", "start": 1950, "end": 1955, "eras": [2, 3], "direction": 31, "subjects": null}}, {"type": "Feature", "geometry": {"type": "Point", "coordinates": [-77.42995, 37.551869]}, "properties": {"fid": 945, "img_url": "https://cdn.yesterdays.maprva.org/images/240/original.tiff", "img_entry": "https://yesterdays.maprva.org/240/", "date": "1965", "start": 1965, "end": 1965, "eras": [4], "direction": 85, "subjects": ["Q3959678"]}}, {"type": "Feature", "geometry": {"type": "Point", "coordinates": [-77.436562, 37.550787]}, "properties": {"fid": 946, "img_url": "https://cdn.yesterdays.maprva.org/images/1778/original.jpg", "img_entry": "https://yesterdays.maprva.org/1778/", "date": "1950-1955", "start": 1950, "end": 1955, "eras": [2, 3], "direction": 54, "subjects": null}}, {"type": "Feature", "geometry": {"type": "Point", "coordinates": [-77.436223, 37.545919]}, "properties": {"fid": 947, "img_url": "https://cdn.yesterdays.maprva.org/images/2138/original.jpg", "img_entry": "https://yesterdays.maprva.org/2138/", "date": "10/1978", "start": 1978, "end": 1978, "eras": [4], "direction": 323, "subjects": null}}, {"type": "Feature", "geometry": {"type": "Point", "coordinates": [-77.437525, 37.544239]}, "properties": {"fid": 948, "img_url": "https://cdn.yesterdays.maprva.org/images/1488/original.jpg", "img_entry": "https://yesterdays.maprva.org/1488/", "date": "1941-1949", "start": 1941, "end": 1949, "eras": [2], "direction": 331, "subjects": ["Q139466429"]}}, {"type": "Feature", "geometry": {"type": "Point", "coordinates": [-77.437199, 37.547808]}, "properties": {"fid": 949, "img_url": "https://cdn.yesterdays.maprva.org/images/8755/original.jpg", "img_entry": "https://yesterdays.maprva.org/8755/", "date": "4/4/2003", "start": 2003, "end": 2003, "eras": [5], "direction": 106, "subjects": null}}, {"type": "Feature", "geometry": {"type": "Point", "coordinates": [-77.437691, 37.547285]}, "properties": {"fid": 950, "img_url": "https://cdn.yesterdays.maprva.org/images/8834/original.jpg", "img_entry": "https://yesterdays.maprva.org/8834/", "date": "3/7/2003", "start": 2003, "end": 2003, "eras": [5], "direction": 91, "subjects": ["Q138655807"]}}, {"type": "Feature", "geometry": {"type": "Point", "coordinates": [-77.43742, 37.547405]}, "properties": {"fid": 951, "img_url": "https://cdn.yesterdays.maprva.org/images/8835/original.jpg", "img_entry": "https://yesterdays.maprva.org/8835/", "date": "3/7/2003", "start": 2003, "end": 2003, "eras": [5], "direction": 175, "subjects": ["Q138655807"]}}, {"type": "Feature", "geometry": {"type": "Point", "coordinates": [-77.43236, 37.551837]}, "properties": {"fid": 952, "img_url": "https://cdn.yesterdays.maprva.org/images/2825/original.jpg", "img_entry": "https://yesterdays.maprva.org/2825/", "date": "8/1953", "start": 1953, "end": 1953, "eras": [3], "direction": 82, "subjects": ["Q3959678"]}}, {"type": "Feature", "geometry": {"type": "Point", "coordinates": [-77.437018, 37.549453]}, "properties": {"fid": 953, "img_url": "https://cdn.yesterdays.maprva.org/images/34753/original.jpg", "img_entry": "https://yesterdays.maprva.org/34753/", "date": "ca. 1978", "start": 1978, "end": 1978, "eras": [4], "direction": 251, "subjects": null}}, {"type": "Feature", "geometry": {"type": "Point", "coordinates": [-77.436463, 37.551458]}, "properties": {"fid": 954, "img_url": "https://cdn.yesterdays.maprva.org/images/5044/original.jpg", "img_entry": "https://yesterdays.maprva.org/5044/", "date": "4/1956", "start": 1956, "end": 1956, "eras": [3], "direction": 58, "subjects": null}}, {"type": "Feature", "geometry": {"type": "Point", "coordinates": [-77.439783, 37.546927]}, "properties": {"fid": 955, "img_url": "https://cdn.yesterdays.maprva.org/images/29690/original.jpg", "img_entry": "https://yesterdays.maprva.org/29690/", "date": "April 1975", "start": 1975, "end": 1975, "eras": [4], "direction": 157, "subjects": null}}, {"type": "Feature", "geometry": {"type": "Point", "coordinates": [-77.435765, 37.546356]}, "properties": {"fid": 956, "img_url": "https://cdn.yesterdays.maprva.org/images/5400/original.jpg", "img_entry": "https://yesterdays.maprva.org/5400/", "date": "12/1955", "start": 1955, "end": 1955, "eras": [3], "direction": 134, "subjects": null}}, {"type": "Feature", "geometry": {"type": "Point", "coordinates": [-77.441121, 37.54546]}, "properties": {"fid": 957, "img_url": "https://cdn.yesterdays.maprva.org/images/16316/original.jpg", "img_entry": "https://yesterdays.maprva.org/16316/", "date": "1880-1920", "start": 1880, "end": 1920, "eras": [0, 1], "direction": null, "subjects": null}}, {"type": "Feature", "geometry": {"type": "Point", "coordinates": [-77.439185, 37.548575]}, "properties": {"fid": 958, "img_url": "https://cdn.yesterdays.maprva.org/images/4528/original.jpg", "img_entry": "https://yesterdays.maprva.org/4528/", "date": "7/1957", "start": 1957, "end": 1957, "eras": [3], "direction": 245, "subjects": null}}, {"type": "Feature", "geometry": {"type": "Point", "coordinates": [-77.43986, 37.544382]}, "properties": {"fid": 959, "img_url": "https://cdn.yesterdays.maprva.org/images/14389/original.tiff", "img_entry": "https://yesterdays.maprva.org/14389/", "date": "ca. 1916", "start": 1916, "end": 1916, "eras": [1], "direction": 23, "subjects": null}}, {"type": "Feature", "geometry": {"type": "Point", "coordinates": [-77.436059, 37.548801]}, "properties": {"fid": 960, "img_url": "https://cdn.yesterdays.maprva.org/images/34787/original.jpg", "img_entry": "https://yesterdays.maprva.org/34787/", "date": "ca. 1978", "start": 1978, "end": 1978, "eras": [4], "direction": 289, "subjects": null}}, {"type": "Feature", "geometry": {"type": "Point", "coordinates": [-77.440495, 37.547371]}, "properties": {"fid": 961, "img_url": "https://cdn.yesterdays.maprva.org/images/254/original.tiff", "img_entry": "https://yesterdays.maprva.org/254/", "date": "1965", "start": 1965, "end": 1965, "eras": [4], "direction": 305, "subjects": null}}, {"type": "Feature", "geometry": {"type": "Point", "coordinates": [-77.436174, 37.548651]}, "properties": {"fid": 962, "img_url": "https://cdn.yesterdays.maprva.org/images/34785/original.jpg", "img_entry": "https://yesterdays.maprva.org/34785/", "date": "ca. 1978", "start": 1978, "end": 1978, "eras": [4], "direction": 290, "subjects": null}}, {"type": "Feature", "geometry": {"type": "Point", "coordinates": [-77.440757, 37.54753]}, "properties": {"fid": 963, "img_url": "https://cdn.yesterdays.maprva.org/images/794/original.tiff", "img_entry": "https://yesterdays.maprva.org/794/", "date": "1965", "start": 1965, "end": 1965, "eras": [4], "direction": 349, "subjects": null}}, {"type": "Feature", "geometry": {"type": "Point", "coordinates": [-77.436173, 37.548693]}, "properties": {"fid": 964, "img_url": "https://cdn.yesterdays.maprva.org/images/34786/original.jpg", "img_entry": "https://yesterdays.maprva.org/34786/", "date": "ca. 1978", "start": 1978, "end": 1978, "eras": [4], "direction": 307, "subjects": null}}, {"type": "Feature", "geometry": {"type": "Point", "coordinates": [-77.439246, 37.548612]}, "properties": {"fid": 965, "img_url": "https://cdn.yesterdays.maprva.org/images/5032/original.jpg", "img_entry": "https://yesterdays.maprva.org/5032/", "date": "11/1955", "start": 1955, "end": 1955, "eras": [3], "direction": 113, "subjects": ["Q726", "Q859281"]}}, {"type": "Feature", "geometry": {"type": "Point", "coordinates": [-77.43467, 37.550453]}, "properties": {"fid": 966, "img_url": "https://cdn.yesterdays.maprva.org/images/5249/original.jpg", "img_entry": "https://yesterdays.maprva.org/5249/", "date": "8/1955", "start": 1955, "end": 1955, "eras": [3], "direction": 154, "subjects": null}}, {"type": "Feature", "geometry": {"type": "Point", "coordinates": [-77.432512, 37.551082]}, "properties": {"fid": 967, "img_url": "https://cdn.yesterdays.maprva.org/images/238/original.tiff", "img_entry": "https://yesterdays.maprva.org/238/", "date": "1965", "start": 1965, "end": 1965, "eras": [4], "direction": 226, "subjects": ["Q3959678"]}}, {"type": "Feature", "geometry": {"type": "Point", "coordinates": [-77.435672, 37.546221]}, "properties": {"fid": 968, "img_url": "https://cdn.yesterdays.maprva.org/images/1625/original.jpg", "img_entry": "https://yesterdays.maprva.org/1625/", "date": "5/1967", "start": 1967, "end": 1967, "eras": [4], "direction": 131, "subjects": null}}, {"type": "Feature", "geometry": {"type": "Point", "coordinates": [-77.4323, 37.549998]}, "properties": {"fid": 969, "img_url": "https://cdn.yesterdays.maprva.org/images/772/original.tiff", "img_entry": "https://yesterdays.maprva.org/772/", "date": "1965", "start": 1965, "end": 1965, "eras": [4], "direction": 108, "subjects": null}}, {"type": "Feature", "geometry": {"type": "Point", "coordinates": [-77.437687, 37.548775]}, "properties": {"fid": 970, "img_url": "https://cdn.yesterdays.maprva.org/images/279/original.tiff", "img_entry": "https://yesterdays.maprva.org/279/", "date": "1965", "start": 1965, "end": 1965, "eras": [4], "direction": 223, "subjects": null}}, {"type": "Feature", "geometry": {"type": "Point", "coordinates": [-77.436479, 37.549782]}, "properties": {"fid": 971, "img_url": "https://cdn.yesterdays.maprva.org/images/285/original.tiff", "img_entry": "https://yesterdays.maprva.org/285/", "date": "1965", "start": 1965, "end": 1965, "eras": [4], "direction": 292, "subjects": null}}, {"type": "Feature", "geometry": {"type": "Point", "coordinates": [-77.4372, 37.546328]}, "properties": {"fid": 972, "img_url": "https://cdn.yesterdays.maprva.org/images/8984/original.jpg", "img_entry": "https://yesterdays.maprva.org/8984/", "date": "4/4/2003", "start": 2003, "end": 2003, "eras": [5], "direction": 88, "subjects": null}}, {"type": "Feature", "geometry": {"type": "Point", "coordinates": [-77.43903, 37.543753]}, "properties": {"fid": 973, "img_url": "https://cdn.yesterdays.maprva.org/images/33583/original.jpg", "img_entry": "https://yesterdays.maprva.org/33583/", "date": "Circa 1945", "start": 1945, "end": 1945, "eras": [2], "direction": 79, "subjects": null}}, {"type": "Feature", "geometry": {"type": "Point", "coordinates": [-77.431594, 37.552105]}, "properties": {"fid": 974, "img_url": "https://cdn.yesterdays.maprva.org/images/15271/original.jpg", "img_entry": "https://yesterdays.maprva.org/15271/", "date": "1880-1920", "start": 1880, "end": 1920, "eras": [0, 1], "direction": 343, "subjects": ["Q3959678"]}}, {"type": "Feature", "geometry": {"type": "Point", "coordinates": [-77.441974, 37.545871]}, "properties": {"fid": 975, "img_url": "https://cdn.yesterdays.maprva.org/images/15277/original.jpg", "img_entry": "https://yesterdays.maprva.org/15277/", "date": "1880-1920", "start": 1880, "end": 1920, "eras": [0, 1], "direction": 168, "subjects": null}}, {"type": "Feature", "geometry": {"type": "Point", "coordinates": [-77.43852, 37.543766]}, "properties": {"fid": 976, "img_url": "https://cdn.yesterdays.maprva.org/images/15294/original.jpg", "img_entry": "https://yesterdays.maprva.org/15294/", "date": "1880-1920", "start": 1880, "end": 1920, "eras": [0, 1], "direction": 161, "subjects": null}}, {"type": "Feature", "geometry": {"type": "Point", "coordinates": [-77.438744, 37.543734]}, "properties": {"fid": 977, "img_url": "https://cdn.yesterdays.maprva.org/images/33582/original.jpg", "img_entry": "https://yesterdays.maprva.org/33582/", "date": "Circa 1930", "start": 1930, "end": 1930, "eras": [2], "direction": 41, "subjects": null}}, {"type": "Feature", "geometry": {"type": "Point", "coordinates": [-77.441918, 37.545729]}, "properties": {"fid": 978, "img_url": "https://cdn.yesterdays.maprva.org/images/1928/original.jpg", "img_entry": "https://yesterdays.maprva.org/1928/", "date": "4/10/1901", "start": 1901, "end": 1901, "eras": [1], "direction": 187, "subjects": null}}, {"type": "Feature", "geometry": {"type": "Point", "coordinates": [-77.440392, 37.54455]}, "properties": {"fid": 979, "img_url": "https://cdn.yesterdays.maprva.org/images/24450/original.jpg", "img_entry": "https://yesterdays.maprva.org/24450/", "date": "August 1997", "start": 1997, "end": 1997, "eras": [4], "direction": 36, "subjects": null}}, {"type": "Feature", "geometry": {"type": "Point", "coordinates": [-77.439097, 37.543933]}, "properties": {"fid": 980, "img_url": "https://cdn.yesterdays.maprva.org/images/7816/original.jpg", "img_entry": "https://yesterdays.maprva.org/7816/", "date": "2004", "start": 2004, "end": 2004, "eras": [5], "direction": 150, "subjects": null}}, {"type": "Feature", "geometry": {"type": "Point", "coordinates": [-77.434764, 37.551914]}, "properties": {"fid": 981, "img_url": "https://cdn.yesterdays.maprva.org/images/5199/original.jpg", "img_entry": "https://yesterdays.maprva.org/5199/", "date": "12/1956", "start": 1956, "end": 1956, "eras": [3], "direction": 120, "subjects": null}}, {"type": "Feature", "geometry": {"type": "Point", "coordinates": [-77.440473, 37.546794]}, "properties": {"fid": 982, "img_url": "https://cdn.yesterdays.maprva.org/images/6579/original.jpg", "img_entry": "https://yesterdays.maprva.org/6579/", "date": "11/1955", "start": 1955, "end": 1955, "eras": [3], "direction": 53, "subjects": null}}, {"type": "Feature", "geometry": {"type": "Point", "coordinates": [-77.439808, 37.547142]}, "properties": {"fid": 983, "img_url": "https://cdn.yesterdays.maprva.org/images/6581/original.jpg", "img_entry": "https://yesterdays.maprva.org/6581/", "date": "10/1978", "start": 1978, "end": 1978, "eras": [4], "direction": 65, "subjects": null}}, {"type": "Feature", "geometry": {"type": "Point", "coordinates": [-77.440104, 37.544731]}, "properties": {"fid": 984, "img_url": "https://cdn.yesterdays.maprva.org/images/33505/original.jpg", "img_entry": "https://yesterdays.maprva.org/33505/", "date": "Circa 1950", "start": 1950, "end": 1950, "eras": [2], "direction": 155, "subjects": ["Q5061482"]}}, {"type": "Feature", "geometry": {"type": "Point", "coordinates": [-77.437933, 37.54774]}, "properties": {"fid": 985, "img_url": "https://cdn.yesterdays.maprva.org/images/8619/original.jpg", "img_entry": "https://yesterdays.maprva.org/8619/", "date": "1988-1989", "start": 1988, "end": 1989, "eras": [4], "direction": 36, "subjects": ["Q900557"]}}, {"type": "Feature", "geometry": {"type": "Point", "coordinates": [-77.437997, 37.546133]}, "properties": {"fid": 986, "img_url": "https://cdn.yesterdays.maprva.org/images/1475/original.jpg", "img_entry": "https://yesterdays.maprva.org/1475/", "date": "4/1961", "start": 1961, "end": 1961, "eras": [3], "direction": 30, "subjects": null}}, {"type": "Feature", "geometry": {"type": "Point", "coordinates": [-77.434964, 37.551497]}, "properties": {"fid": 987, "img_url": "https://cdn.yesterdays.maprva.org/images/2022/original.jpg", "img_entry": "https://yesterdays.maprva.org/2022/", "date": "1/1956", "start": 1956, "end": 1956, "eras": [3], "direction": 332, "subjects": null}}, {"type": "Feature", "geometry": {"type": "Point", "coordinates": [-77.438214, 37.546166]}, "properties": {"fid": 988, "img_url": "https://cdn.yesterdays.maprva.org/images/3020/original.jpg", "img_entry": "https://yesterdays.maprva.org/3020/", "date": "9/1978", "start": 1978, "end": 1978, "eras": [4], "direction": 4, "subjects": null}}, {"type": "Feature", "geometry": {"type": "Point", "coordinates": [-77.437872, 37.544538]}, "properties": {"fid": 989, "img_url": "https://cdn.yesterdays.maprva.org/images/3929/original.jpg", "img_entry": "https://yesterdays.maprva.org/3929/", "date": "Circa 1945", "start": 1945, "end": 1945, "eras": [2], "direction": 24, "subjects": ["Q139466429"]}}, {"type": "Feature", "geometry": {"type": "Point", "coordinates": [-77.436274, 37.546741]}, "properties": {"fid": 990, "img_url": "https://cdn.yesterdays.maprva.org/images/4505/original.jpg", "img_entry": "https://yesterdays.maprva.org/4505/", "date": "12/1955", "start": 1955, "end": 1955, "eras": [3], "direction": 354, "subjects": null}}, {"type": "Feature", "geometry": {"type": "Point", "coordinates": [-77.438882, 37.543804]}, "properties": {"fid": 991, "img_url": "https://cdn.yesterdays.maprva.org/images/33581/original.jpg", "img_entry": "https://yesterdays.maprva.org/33581/", "date": "Circa 1920", "start": 1920, "end": 1920, "eras": [1], "direction": 218, "subjects": null}}, {"type": "Feature", "geometry": {"type": "Point", "coordinates": [-77.439695, 37.544315]}, "properties": {"fid": 992, "img_url": "https://cdn.yesterdays.maprva.org/images/33602/original.jpg", "img_entry": "https://yesterdays.maprva.org/33602/", "date": "Circa 1918", "start": 1918, "end": 1918, "eras": [1], "direction": 98, "subjects": null}}, {"type": "Feature", "geometry": {"type": "Point", "coordinates": [-77.435574, 37.550525]}, "properties": {"fid": 993, "img_url": "https://cdn.yesterdays.maprva.org/images/6729/original.jpg", "img_entry": "https://yesterdays.maprva.org/6729/", "date": "3/25/1956", "start": 1956, "end": 1956, "eras": [3], "direction": 150, "subjects": null}}, {"type": "Feature", "geometry": {"type": "Point", "coordinates": [-77.438491, 37.550011]}, "properties": {"fid": 994, "img_url": "https://cdn.yesterdays.maprva.org/images/8630/original.jpg", "img_entry": "https://yesterdays.maprva.org/8630/", "date": "1988-1989", "start": 1988, "end": 1989, "eras": [4], "direction": 308, "subjects": null}}, {"type": "Feature", "geometry": {"type": "Point", "coordinates": [-77.438436, 37.546206]}, "properties": {"fid": 995, "img_url": "https://cdn.yesterdays.maprva.org/images/1474/original.jpg", "img_entry": "https://yesterdays.maprva.org/1474/", "date": "1950-1955", "start": 1950, "end": 1955, "eras": [2, 3], "direction": 80, "subjects": null}}, {"type": "Feature", "geometry": {"type": "Point", "coordinates": [-77.434043, 37.552632]}, "properties": {"fid": 996, "img_url": "https://cdn.yesterdays.maprva.org/images/1615/original.jpg", "img_entry": "https://yesterdays.maprva.org/1615/", "date": "1941-1949", "start": 1941, "end": 1949, "eras": [2], "direction": 147, "subjects": null}}, {"type": "Feature", "geometry": {"type": "Point", "coordinates": [-77.435265, 37.546114]}, "properties": {"fid": 997, "img_url": "https://cdn.yesterdays.maprva.org/images/1623/original.jpg", "img_entry": "https://yesterdays.maprva.org/1623/", "date": "5/1967", "start": 1967, "end": 1967, "eras": [4], "direction": 289, "subjects": null}}, {"type": "Feature", "geometry": {"type": "Point", "coordinates": [-77.437105, 37.546187]}, "properties": {"fid": 998, "img_url": "https://cdn.yesterdays.maprva.org/images/1659/original.jpg", "img_entry": "https://yesterdays.maprva.org/1659/", "date": "1950-1955", "start": 1950, "end": 1955, "eras": [2, 3], "direction": 328, "subjects": null}}, {"type": "Feature", "geometry": {"type": "Point", "coordinates": [-77.433424, 37.550305]}, "properties": {"fid": 999, "img_url": "https://cdn.yesterdays.maprva.org/images/1667/original.jpg", "img_entry": "https://yesterdays.maprva.org/1667/", "date": "1941-1949", "start": 1941, "end": 1949, "eras": [2], "direction": 178, "subjects": null}}, {"type": "Feature", "geometry": {"type": "Point", "coordinates": [-77.439897, 37.547881]}, "properties": {"fid": 1000, "img_url": "https://cdn.yesterdays.maprva.org/images/34706/original.jpg", "img_entry": "https://yesterdays.maprva.org/34706/", "date": "ca. 1978", "start": 1978, "end": 1978, "eras": [4], "direction": 330, "subjects": null}}, {"type": "Feature", "geometry": {"type": "Point", "coordinates": [-77.439771, 37.547962]}, "properties": {"fid": 1001, "img_url": "https://cdn.yesterdays.maprva.org/images/34714/original.jpg", "img_entry": "https://yesterdays.maprva.org/34714/", "date": "ca. 1978", "start": 1978, "end": 1978, "eras": [4], "direction": 85, "subjects": null}}, {"type": "Feature", "geometry": {"type": "Point", "coordinates": [-77.440297, 37.547431]}, "properties": {"fid": 1002, "img_url": "https://cdn.yesterdays.maprva.org/images/3037/original.jpg", "img_entry": "https://yesterdays.maprva.org/3037/", "date": "4/1954", "start": 1954, "end": 1954, "eras": [3], "direction": 213, "subjects": ["Q136677552"]}}, {"type": "Feature", "geometry": {"type": "Point", "coordinates": [-77.441649, 37.5456]}, "properties": {"fid": 1003, "img_url": "https://cdn.yesterdays.maprva.org/images/26175/original.jpg", "img_entry": "https://yesterdays.maprva.org/26175/", "date": "July 1995", "start": 1995, "end": 1995, "eras": [4], "direction": 74, "subjects": null}}, {"type": "Feature", "geometry": {"type": "Point", "coordinates": [-77.441413, 37.545484]}, "properties": {"fid": 1004, "img_url": "https://cdn.yesterdays.maprva.org/images/26177/original.jpg", "img_entry": "https://yesterdays.maprva.org/26177/", "date": "June 1992", "start": 1992, "end": 1992, "eras": [4], "direction": 344, "subjects": null}}, {"type": "Feature", "geometry": {"type": "Point", "coordinates": [-77.441347, 37.545457]}, "properties": {"fid": 1005, "img_url": "https://cdn.yesterdays.maprva.org/images/26183/original.jpg", "img_entry": "https://yesterdays.maprva.org/26183/", "date": "June 1992", "start": 1992, "end": 1992, "eras": [4], "direction": 346, "subjects": null}}, {"type": "Feature", "geometry": {"type": "Point", "coordinates": [-77.441509, 37.545411]}, "properties": {"fid": 1006, "img_url": "https://cdn.yesterdays.maprva.org/images/26181/original.jpg", "img_entry": "https://yesterdays.maprva.org/26181/", "date": "September 1993", "start": 1993, "end": 1993, "eras": [4], "direction": 50, "subjects": null}}, {"type": "Feature", "geometry": {"type": "Point", "coordinates": [-77.44131, 37.545426]}, "properties": {"fid": 1007, "img_url": "https://cdn.yesterdays.maprva.org/images/26182/original.jpg", "img_entry": "https://yesterdays.maprva.org/26182/", "date": "June 1992", "start": 1992, "end": 1992, "eras": [4], "direction": 333, "subjects": null}}, {"type": "Feature", "geometry": {"type": "Point", "coordinates": [-77.441563, 37.545258]}, "properties": {"fid": 1008, "img_url": "https://cdn.yesterdays.maprva.org/images/26199/original.jpg", "img_entry": "https://yesterdays.maprva.org/26199/", "date": "[1965..2000]", "start": 1965, "end": 2000, "eras": [4, 5], "direction": 161, "subjects": null}}, {"type": "Feature", "geometry": {"type": "Point", "coordinates": [-77.441164, 37.544867]}, "properties": {"fid": 1009, "img_url": "https://cdn.yesterdays.maprva.org/images/26207/original.jpg", "img_entry": "https://yesterdays.maprva.org/26207/", "date": "[1965..2000]", "start": 1965, "end": 2000, "eras": [4, 5], "direction": 307, "subjects": null}}, {"type": "Feature", "geometry": {"type": "Point", "coordinates": [-77.442007, 37.545644]}, "properties": {"fid": 1010, "img_url": "https://cdn.yesterdays.maprva.org/images/26228/original.jpg", "img_entry": "https://yesterdays.maprva.org/26228/", "date": "February 1993", "start": 1993, "end": 1993, "eras": [4], "direction": 65, "subjects": null}}, {"type": "Feature", "geometry": {"type": "Point", "coordinates": [-77.442187, 37.545951]}, "properties": {"fid": 1011, "img_url": "https://cdn.yesterdays.maprva.org/images/26253/original.jpg", "img_entry": "https://yesterdays.maprva.org/26253/", "date": "July 1993", "start": 1993, "end": 1993, "eras": [4], "direction": 263, "subjects": null}}, {"type": "Feature", "geometry": {"type": "Point", "coordinates": [-77.442233, 37.545896]}, "properties": {"fid": 1012, "img_url": "https://cdn.yesterdays.maprva.org/images/26261/original.jpg", "img_entry": "https://yesterdays.maprva.org/26261/", "date": "July 1993", "start": 1993, "end": 1993, "eras": [4], "direction": 240, "subjects": null}}, {"type": "Feature", "geometry": {"type": "Point", "coordinates": [-77.434336, 37.553718]}, "properties": {"fid": 1013, "img_url": "https://cdn.yesterdays.maprva.org/images/3595/original.jpg", "img_entry": "https://yesterdays.maprva.org/3595/", "date": "1/1956", "start": 1956, "end": 1956, "eras": [3], "direction": 58, "subjects": null}}, {"type": "Feature", "geometry": {"type": "Point", "coordinates": [-77.431934, 37.551557]}, "properties": {"fid": 1014, "img_url": "https://cdn.yesterdays.maprva.org/images/26884/original.jpg", "img_entry": "https://yesterdays.maprva.org/26884/", "date": "January 1988", "start": 1988, "end": 1988, "eras": [4], "direction": 353, "subjects": ["Q3959678"]}}, {"type": "Feature", "geometry": {"type": "Point", "coordinates": [-77.431537, 37.552158]}, "properties": {"fid": 1015, "img_url": "https://cdn.yesterdays.maprva.org/images/26885/original.jpg", "img_entry": "https://yesterdays.maprva.org/26885/", "date": "January 1988", "start": 1988, "end": 1988, "eras": [4], "direction": 217, "subjects": ["Q3959678"]}}, {"type": "Feature", "geometry": {"type": "Point", "coordinates": [-77.432815, 37.552075]}, "properties": {"fid": 1016, "img_url": "https://cdn.yesterdays.maprva.org/images/26888/original.jpg", "img_entry": "https://yesterdays.maprva.org/26888/", "date": "January 1988", "start": 1988, "end": 1988, "eras": [4], "direction": 279, "subjects": ["Q3959678"]}}, {"type": "Feature", "geometry": {"type": "Point", "coordinates": [-77.432741, 37.549961]}, "properties": {"fid": 1017, "img_url": "https://cdn.yesterdays.maprva.org/images/5015/original.jpg", "img_entry": "https://yesterdays.maprva.org/5015/", "date": "10/1970", "start": 1970, "end": 1970, "eras": [4], "direction": 63, "subjects": null}}, {"type": "Feature", "geometry": {"type": "Point", "coordinates": [-77.435696, 37.547971]}, "properties": {"fid": 1018, "img_url": "https://cdn.yesterdays.maprva.org/images/5346/original.jpg", "img_entry": "https://yesterdays.maprva.org/5346/", "date": "10/1978", "start": 1978, "end": 1978, "eras": [4], "direction": 338, "subjects": null}}, {"type": "Feature", "geometry": {"type": "Point", "coordinates": [-77.437081, 37.547222]}, "properties": {"fid": 1019, "img_url": "https://cdn.yesterdays.maprva.org/images/16863/original.jpg", "img_entry": "https://yesterdays.maprva.org/16863/", "date": "[1900..1930]", "start": 1900, "end": 1930, "eras": [1, 2], "direction": 55, "subjects": null}}, {"type": "Feature", "geometry": {"type": "Point", "coordinates": [-77.439665, 37.544071]}, "properties": {"fid": 1020, "img_url": "https://cdn.yesterdays.maprva.org/images/12615/original.jpg", "img_entry": "https://yesterdays.maprva.org/12615/", "date": "8/29/1973", "start": 1973, "end": 1973, "eras": [4], "direction": 112, "subjects": ["Q5061482", "Q137260560"]}}, {"type": "Feature", "geometry": {"type": "Point", "coordinates": [-77.439454, 37.543983]}, "properties": {"fid": 1021, "img_url": "https://cdn.yesterdays.maprva.org/images/17085/original.jpg", "img_entry": "https://yesterdays.maprva.org/17085/", "date": "[1900..1930]", "start": 1900, "end": 1930, "eras": [1, 2], "direction": 106, "subjects": null}}, {"type": "Feature", "geometry": {"type": "Point", "coordinates": [-77.438687, 37.543875]}, "properties": {"fid": 1022, "img_url": "https://cdn.yesterdays.maprva.org/images/17195/original.jpg", "img_entry": "https://yesterdays.maprva.org/17195/", "date": "[1900..1930]", "start": 1900, "end": 1930, "eras": [1, 2], "direction": 277, "subjects": null}}, {"type": "Feature", "geometry": {"type": "Point", "coordinates": [-77.439661, 37.544031]}, "properties": {"fid": 1023, "img_url": "https://cdn.yesterdays.maprva.org/images/17227/original.jpg", "img_entry": "https://yesterdays.maprva.org/17227/", "date": "November 1963", "start": 1963, "end": 1963, "eras": [3], "direction": 43, "subjects": null}}, {"type": "Feature", "geometry": {"type": "Point", "coordinates": [-77.435682, 37.547866]}, "properties": {"fid": 1024, "img_url": "https://cdn.yesterdays.maprva.org/images/8072/original.jpg", "img_entry": "https://yesterdays.maprva.org/8072/", "date": "2004", "start": 2004, "end": 2004, "eras": [5], "direction": 67, "subjects": ["Q136417397"]}}, {"type": "Feature", "geometry": {"type": "Point", "coordinates": [-77.43709, 37.54906]}, "properties": {"fid": 1025, "img_url": "https://cdn.yesterdays.maprva.org/images/284/original.tiff", "img_entry": "https://yesterdays.maprva.org/284/", "date": "1965", "start": 1965, "end": 1965, "eras": [4], "direction": 234, "subjects": null}}, {"type": "Feature", "geometry": {"type": "Point", "coordinates": [-77.437011, 37.549964]}, "properties": {"fid": 1026, "img_url": "https://cdn.yesterdays.maprva.org/images/819/original.jpg", "img_entry": "https://yesterdays.maprva.org/819/", "date": "1965", "start": 1965, "end": 1965, "eras": [4], "direction": 135, "subjects": null}}, {"type": "Feature", "geometry": {"type": "Point", "coordinates": [-77.440265, 37.547359]}, "properties": {"fid": 1027, "img_url": "https://cdn.yesterdays.maprva.org/images/799/original.tiff", "img_entry": "https://yesterdays.maprva.org/799/", "date": "1965", "start": 1965, "end": 1965, "eras": [4], "direction": 281, "subjects": null}}, {"type": "Feature", "geometry": {"type": "Point", "coordinates": [-77.430666, 37.55228]}, "properties": {"fid": 1028, "img_url": "https://cdn.yesterdays.maprva.org/images/773/original.jpg", "img_entry": "https://yesterdays.maprva.org/773/", "date": "1965", "start": 1965, "end": 1965, "eras": [4], "direction": 352, "subjects": ["Q16159645"]}}, {"type": "Feature", "geometry": {"type": "Point", "coordinates": [-77.437802, 37.545485]}, "properties": {"fid": 1029, "img_url": "https://cdn.yesterdays.maprva.org/images/14235/original.tiff", "img_entry": "https://yesterdays.maprva.org/14235/", "date": "ca. 1915", "start": 1915, "end": 1915, "eras": [1], "direction": 280, "subjects": null}}, {"type": "Feature", "geometry": {"type": "Point", "coordinates": [-77.438202, 37.547819]}, "properties": {"fid": 1030, "img_url": "https://cdn.yesterdays.maprva.org/images/34231/original.jpg", "img_entry": "https://yesterdays.maprva.org/34231/", "date": "1975", "start": 1975, "end": 1975, "eras": [4], "direction": 31, "subjects": null}}, {"type": "Feature", "geometry": {"type": "Point", "coordinates": [-77.440804, 37.545192]}, "properties": {"fid": 1031, "img_url": "https://cdn.yesterdays.maprva.org/images/15279/original.jpg", "img_entry": "https://yesterdays.maprva.org/15279/", "date": "1926", "start": 1926, "end": 1926, "eras": [2], "direction": 254, "subjects": null}}, {"type": "Feature", "geometry": {"type": "Point", "coordinates": [-77.439188, 37.544035]}, "properties": {"fid": 1032, "img_url": "https://cdn.yesterdays.maprva.org/images/15289/original.jpg", "img_entry": "https://yesterdays.maprva.org/15289/", "date": "Circa 1900", "start": 1900, "end": 1900, "eras": [1], "direction": 349, "subjects": null}}, {"type": "Feature", "geometry": {"type": "Point", "coordinates": [-77.435396, 37.552609]}, "properties": {"fid": 1033, "img_url": "https://cdn.yesterdays.maprva.org/images/1957/original.jpg", "img_entry": "https://yesterdays.maprva.org/1957/", "date": "4/1954", "start": 1954, "end": 1954, "eras": [3], "direction": 293, "subjects": null}}, {"type": "Feature", "geometry": {"type": "Point", "coordinates": [-77.434956, 37.55147]}, "properties": {"fid": 1034, "img_url": "https://cdn.yesterdays.maprva.org/images/2023/original.jpg", "img_entry": "https://yesterdays.maprva.org/2023/", "date": "6/1956", "start": 1956, "end": 1956, "eras": [3], "direction": 337, "subjects": null}}, {"type": "Feature", "geometry": {"type": "Point", "coordinates": [-77.433558, 37.550086]}, "properties": {"fid": 1035, "img_url": "https://cdn.yesterdays.maprva.org/images/2096/original.jpg", "img_entry": "https://yesterdays.maprva.org/2096/", "date": "Circa 1945", "start": 1945, "end": 1945, "eras": [2], "direction": 74, "subjects": null}}, {"type": "Feature", "geometry": {"type": "Point", "coordinates": [-77.436768, 37.550764]}, "properties": {"fid": 1036, "img_url": "https://cdn.yesterdays.maprva.org/images/3051/original.jpg", "img_entry": "https://yesterdays.maprva.org/3051/", "date": "4/1954", "start": 1954, "end": 1954, "eras": [3], "direction": 63, "subjects": null}}, {"type": "Feature", "geometry": {"type": "Point", "coordinates": [-77.438412, 37.546181]}, "properties": {"fid": 1037, "img_url": "https://cdn.yesterdays.maprva.org/images/34427/original.jpg", "img_entry": "https://yesterdays.maprva.org/34427/", "date": "ca. 1978", "start": 1978, "end": 1978, "eras": [4], "direction": 59, "subjects": ["Q900557"]}}, {"type": "Feature", "geometry": {"type": "Point", "coordinates": [-77.439077, 37.54665]}, "properties": {"fid": 1038, "img_url": "https://cdn.yesterdays.maprva.org/images/34423/original.jpg", "img_entry": "https://yesterdays.maprva.org/34423/", "date": "ca. 1978", "start": 1978, "end": 1978, "eras": [4], "direction": 186, "subjects": null}}, {"type": "Feature", "geometry": {"type": "Point", "coordinates": [-77.431545, 37.55281]}, "properties": {"fid": 1039, "img_url": "https://cdn.yesterdays.maprva.org/images/3604/original.jpg", "img_entry": "https://yesterdays.maprva.org/3604/", "date": "8/1953", "start": 1953, "end": 1953, "eras": [3], "direction": 83, "subjects": ["Q16159645"]}}, {"type": "Feature", "geometry": {"type": "Point", "coordinates": [-77.435463, 37.54764]}, "properties": {"fid": 1040, "img_url": "https://cdn.yesterdays.maprva.org/images/3625/original.jpg", "img_entry": "https://yesterdays.maprva.org/3625/", "date": "4/1954", "start": 1954, "end": 1954, "eras": [3], "direction": 93, "subjects": ["Q11442"]}}, {"type": "Feature", "geometry": {"type": "Point", "coordinates": [-77.435885, 37.546577]}, "properties": {"fid": 1041, "img_url": "https://cdn.yesterdays.maprva.org/images/3730/original.jpg", "img_entry": "https://yesterdays.maprva.org/3730/", "date": "10/1978", "start": 1978, "end": 1978, "eras": [4], "direction": 357, "subjects": null}}, {"type": "Feature", "geometry": {"type": "Point", "coordinates": [-77.438768, 37.548292]}, "properties": {"fid": 1042, "img_url": "https://cdn.yesterdays.maprva.org/images/34538/original.jpg", "img_entry": "https://yesterdays.maprva.org/34538/", "date": "ca. 1978", "start": 1978, "end": 1978, "eras": [4], "direction": 255, "subjects": null}}, {"type": "Feature", "geometry": {"type": "Point", "coordinates": [-77.436143, 37.5467]}, "properties": {"fid": 1043, "img_url": "https://cdn.yesterdays.maprva.org/images/34236/original.jpg", "img_entry": "https://yesterdays.maprva.org/34236/", "date": "1975", "start": 1975, "end": 1975, "eras": [4], "direction": 42, "subjects": null}}, {"type": "Feature", "geometry": {"type": "Point", "coordinates": [-77.44169, 37.54548]}, "properties": {"fid": 1044, "img_url": "https://cdn.yesterdays.maprva.org/images/26173/original.jpg", "img_entry": "https://yesterdays.maprva.org/26173/", "date": "February 1993", "start": 1993, "end": 1993, "eras": [4], "direction": 39, "subjects": null}}, {"type": "Feature", "geometry": {"type": "Point", "coordinates": [-77.440446, 37.544526]}, "properties": {"fid": 1045, "img_url": "https://cdn.yesterdays.maprva.org/images/16149/original.jpg", "img_entry": "https://yesterdays.maprva.org/16149/", "date": "1921", "start": 1921, "end": 1921, "eras": [1], "direction": 76, "subjects": null}}, {"type": "Feature", "geometry": {"type": "Point", "coordinates": [-77.440355, 37.547427]}, "properties": {"fid": 1046, "img_url": "https://cdn.yesterdays.maprva.org/images/34453/original.jpg", "img_entry": "https://yesterdays.maprva.org/34453/", "date": "ca. 1978", "start": 1978, "end": 1978, "eras": [4], "direction": 251, "subjects": ["Q900557"]}}, {"type": "Feature", "geometry": {"type": "Point", "coordinates": [-77.440399, 37.547309]}, "properties": {"fid": 1047, "img_url": "https://cdn.yesterdays.maprva.org/images/34082/original.jpg", "img_entry": "https://yesterdays.maprva.org/34082/", "date": "1975", "start": 1975, "end": 1975, "eras": [4], "direction": 336, "subjects": null}}, {"type": "Feature", "geometry": {"type": "Point", "coordinates": [-77.437434, 37.543866]}, "properties": {"fid": 1048, "img_url": "https://cdn.yesterdays.maprva.org/images/37318/original.jpg", "img_entry": "https://yesterdays.maprva.org/37318/", "date": "October 12, 1959", "start": 1949, "end": 1949, "eras": [2], "direction": 217, "subjects": null}}, {"type": "Feature", "geometry": {"type": "Point", "coordinates": [-77.435315, 37.551282]}, "properties": {"fid": 1049, "img_url": "https://cdn.yesterdays.maprva.org/images/5195/original.jpg", "img_entry": "https://yesterdays.maprva.org/5195/", "date": "4/1956", "start": 1956, "end": 1956, "eras": [3], "direction": 159, "subjects": null}}, {"type": "Feature", "geometry": {"type": "Point", "coordinates": [-77.435922, 37.549171]}, "properties": {"fid": 1050, "img_url": "https://cdn.yesterdays.maprva.org/images/5230/original.jpg", "img_entry": "https://yesterdays.maprva.org/5230/", "date": "2/1956", "start": 1956, "end": 1956, "eras": [3], "direction": 127, "subjects": ["Q897825", "Q107711", "Q208281"]}}, {"type": "Feature", "geometry": {"type": "Point", "coordinates": [-77.434942, 37.549968]}, "properties": {"fid": 1051, "img_url": "https://cdn.yesterdays.maprva.org/images/5245/original.jpg", "img_entry": "https://yesterdays.maprva.org/5245/", "date": "12/1955", "start": 1955, "end": 1955, "eras": [3], "direction": 359, "subjects": null}}, {"type": "Feature", "geometry": {"type": "Point", "coordinates": [-77.434606, 37.550112]}, "properties": {"fid": 1052, "img_url": "https://cdn.yesterdays.maprva.org/images/5247/original.jpg", "img_entry": "https://yesterdays.maprva.org/5247/", "date": "12/1955", "start": 1955, "end": 1955, "eras": [3], "direction": 320, "subjects": ["Q634299"]}}, {"type": "Feature", "geometry": {"type": "Point", "coordinates": [-77.434583, 37.550587]}, "properties": {"fid": 1053, "img_url": "https://cdn.yesterdays.maprva.org/images/5252/original.jpg", "img_entry": "https://yesterdays.maprva.org/5252/", "date": "4/1956", "start": 1956, "end": 1956, "eras": [3], "direction": 169, "subjects": null}}, {"type": "Feature", "geometry": {"type": "Point", "coordinates": [-77.439943, 37.547263]}, "properties": {"fid": 1054, "img_url": "https://cdn.yesterdays.maprva.org/images/3009/original.jpg", "img_entry": "https://yesterdays.maprva.org/3009/", "date": "9/1978", "start": 1978, "end": 1978, "eras": [4], "direction": 327, "subjects": null}}]}